{"type":"FeatureCollection","name":"dipul_luftverkehr_flughaefen","crs":{"type":"name","properties":{"name":"urn:ogc:def:crs:OGC:1.3:CRS84"}},"features":[{"type":"Feature","geometry":{"coordinates":[[[7.30345776,49.66164162],[7.30355461,49.66164628],[7.30383883,49.66164396],[7.30605345,49.66165757],[7.30667844,49.66156477],[7.30689961,49.66155913],[7.37366192,49.67398937],[7.38128956,49.65669808],[7.31973752,49.64524007],[7.31838057,49.6446502],[7.31647221,49.64399657],[7.31403508,49.64334582],[7.3115755,49.64286073],[7.30658213,49.6418757],[7.30390167,49.64152985],[7.30116883,49.6415325],[7.30040232,49.64163295],[7.24056916,49.6304469],[7.23289625,49.64772848],[7.29348327,49.6590558],[7.29352282,49.65908632],[7.29587757,49.66026393],[7.29856521,49.66108827],[7.29884129,49.66115044],[7.30116478,49.66153119],[7.3024106,49.66159119],[7.30261907,49.66162147],[7.30281487,49.66163766],[7.30345776,49.66164162]]],"type":"Polygon"},"properties":{"legal_ref":"§ 21h, Abs. 3 (2.) LuftVO","generated_name_EN":"BAUMHOLDER AAF","lower_limit_unit":"m","type_code_detail":"MILITARY","external_reference":"apKVSKA","name":["BAUMHOLDER AAF"],"generated_name_DE":"BAUMHOLDER AAF","lower_limit_altitude":0.0,"lower_limit_alt_ref":"AGL","type_code":"FLUGHAFEN"}},{"type":"Feature","geometry":{"coordinates":[[[12.71565261,54.32665252],[12.71538525,54.32665166],[12.71479057,54.32665278],[12.71432645,54.32668373],[12.71131075,54.32670746],[12.70821143,54.32691693],[12.70524832,54.32748796],[12.70419691,54.32784133],[12.70401687,54.32784138],[12.7038018,54.32784231],[12.70256169,54.32785274],[12.70091897,54.32785271],[12.69988347,54.32784106],[12.69692564,54.32797518],[12.69477369,54.3283243],[12.69227318,54.3284445],[12.68944681,54.32890763],[12.68812251,54.32929558],[12.6240634,54.32956784],[12.62427318,54.34753],[12.68855159,54.34725632],[12.68891175,54.34737115],[12.69177816,54.34789624],[12.69408718,54.34804264],[12.69501772,54.34827846],[12.69804158,54.34865114],[12.69820587,54.34866147],[12.69997313,54.34871274],[12.70068647,54.34870942],[12.70162199,54.34910792],[12.70222116,54.34931556],[12.70474561,54.35001765],[12.70744604,54.35044099],[12.70788131,54.35048493],[12.71050627,54.35061604],[12.71251161,54.35061543],[12.71545484,54.35044834],[12.7182888,54.34995512],[12.71842805,54.34992207],[12.72113493,54.34908749],[12.72215777,54.34859926],[12.72505408,54.34858622],[12.72518063,54.34858535],[12.72577234,54.34857983],[12.72577149,54.34854862],[12.72768744,54.3485163],[12.73064132,54.34811881],[12.73340418,54.34739039],[12.73423945,54.34704095],[12.79541241,54.34672548],[12.79512798,54.32876485],[12.73445282,54.32907745],[12.7318947,54.32804705],[12.7289347,54.32732694],[12.72578353,54.32698146],[12.72565182,54.32697522],[12.72523446,54.32695877],[12.72396983,54.32691903],[12.71686786,54.32667182],[12.71617106,54.32665681],[12.71565261,54.32665252]]],"type":"Polygon"},"properties":{"legal_ref":"§ 21h, Abs. 3 (2.) LuftVO","generated_name_EN":"Barth","lower_limit_unit":"m","type_code_detail":"INT_APT","external_reference":"1kadcKA","name":["Barth"],"generated_name_DE":"Barth","lower_limit_altitude":0.0,"lower_limit_alt_ref":"AGL","type_code":"FLUGHAFEN"}},{"type":"Feature","geometry":{"coordinates":[[[9.71981732,52.44332698],[9.71696117,52.44329983],[9.71636615,52.44332959],[9.71389235,52.44293902],[9.71102451,52.44283849],[9.70946261,52.44287711],[9.70917327,52.44286506],[9.70907357,52.44286836],[9.70588767,52.44324939],[9.70412124,52.4433126],[9.70129531,52.4435839],[9.69953199,52.44397789],[9.68910151,52.44426135],[9.68501182,52.44437117],[9.68482496,52.44437692],[9.68215971,52.44446917],[9.67861282,52.4445874],[9.67776188,52.4445608],[9.67372447,52.4446728],[9.6735344,52.44467882],[9.67111774,52.44476494],[9.66842674,52.44501489],[9.66585709,52.44556342],[9.66361715,52.44634949],[9.60281348,52.44800832],[9.60372343,52.46057366],[9.57871765,52.46124868],[9.58000695,52.47921157],[9.6343012,52.47774564],[9.63489703,52.47799872],[9.63748604,52.4786958],[9.64081895,52.47936798],[9.64112123,52.47942674],[9.64248704,52.47968237],[9.64491101,52.48000263],[9.64738864,52.48006989],[9.64759231,52.48006493],[9.65210492,52.47995837],[9.65216045,52.47995706],[9.65227527,52.47995406],[9.65230734,52.47995314],[9.66761965,52.47950715],[9.67214379,52.4794028],[9.67214379,52.47940278],[9.6722135,52.47940124],[9.67465631,52.47934009],[9.6750272,52.47932793],[9.67634439,52.47927458],[9.6765372,52.47927418],[9.67707869,52.47926695],[9.68205808,52.47914441],[9.68265626,52.47913278],[9.68289073,52.47912707],[9.68587729,52.47903984],[9.68958193,52.47893788],[9.68971859,52.47893422],[9.69294565,52.47884978],[9.69296365,52.4788493],[9.6940443,52.47882019],[9.69406716,52.47881953],[9.69486228,52.47897014],[9.69485165,52.47899413],[9.69693748,52.47933867],[9.69702362,52.47935273],[9.6990664,52.47968202],[9.70187313,52.47996099],[9.70471534,52.47990528],[9.70748697,52.47951695],[9.70904477,52.47919931],[9.71160833,52.47850456],[9.71299384,52.47791514],[9.71451109,52.47759734],[9.71690393,52.47676504],[9.71900098,52.47567517],[9.71936596,52.47539862],[9.77372829,52.47386656],[9.7727704,52.46128979],[9.78513213,52.46093987],[9.78375789,52.44297958],[9.72581849,52.44462006],[9.72523718,52.44437764],[9.72261107,52.44369082],[9.71981732,52.44332698]]],"type":"Polygon"},"properties":{"legal_ref":"§ 21h, Abs. 3 (2.) LuftVO","generated_name_EN":"Verkehrsflughafen Hannover-Langenhagen","lower_limit_unit":"m","type_code_detail":"INT_APT","external_reference":"rdKgMKA","name":["Verkehrsflughafen Hannover-Langenhagen"],"generated_name_DE":"Verkehrsflughafen Hannover-Langenhagen","lower_limit_altitude":0.0,"lower_limit_alt_ref":"AGL","type_code":"FLUGHAFEN"}},{"type":"Feature","geometry":{"coordinates":[[[6.16398466,51.58915861],[6.16346163,51.58917004],[6.16200758,51.58765921],[6.16006661,51.58633479],[6.15845101,51.58543234],[6.15622573,51.58441082],[6.15372864,51.5836724],[6.15105139,51.58324417],[6.1482922,51.58314185],[6.14555233,51.58336918],[6.14293229,51.58391783],[6.14052822,51.58476766],[6.13843801,51.58588234],[6.13582752,51.58541],[6.1330542,51.58525513],[6.13028478,51.58543498],[6.12762235,51.58594285],[6.12516604,51.58675983],[6.12300733,51.5878555],[6.122578,51.58812024],[6.1220897,51.58842134],[6.12104086,51.58906807],[6.11958841,51.58996361],[6.11942833,51.59006388],[6.11699537,51.59161181],[6.11541208,51.59164576],[6.11278722,51.59185319],[6.11026726,51.59235564],[6.10793691,51.59313622],[6.10587449,51.59416868],[6.10574576,51.59426194],[6.05212835,51.59541779],[6.05311625,51.6133812],[6.10344233,51.61229733],[6.10412637,51.61319252],[6.10584608,51.61462137],[6.10798567,51.61581033],[6.11046069,51.61671246],[6.11317341,51.61729213],[6.11549207,51.61763181],[6.11690153,51.61795356],[6.11774065,51.61814511],[6.12042761,51.61858137],[6.12319907,51.61868926],[6.12595243,51.61846479],[6.12764774,51.61811167],[6.12850053,51.6180258],[6.12996117,51.61875473],[6.13241342,51.61955641],[6.13506654,51.62005177],[6.13782284,51.62022255],[6.14243466,51.6202314],[6.14541804,51.62004319],[6.14827455,51.61947533],[6.15048439,51.61869276],[6.15368175,51.6191432],[6.15446843,51.61918549],[6.15504767,51.61920933],[6.15539509,51.61921927],[6.15630925,51.61925095],[6.15905069,51.61918338],[6.16172205,51.61879413],[6.16422683,51.61809728],[6.16600377,51.6173231],[6.16747219,51.61682778],[6.16961556,51.61572815],[6.1713809,51.61439332],[6.17270119,51.61287465],[6.17380347,51.61227804],[6.17577519,51.61186456],[6.17580717,51.61185525],[6.17773417,51.61117755],[6.17884373,51.61063286],[6.232166,51.60942642],[6.23110736,51.59146349],[6.17797179,51.59266605],[6.17716987,51.59234539],[6.17714383,51.59233615],[6.17570457,51.59188996],[6.17567797,51.59188283],[6.17425927,51.59156599],[6.17241064,51.59062787],[6.16978449,51.58977979],[6.16693594,51.58928308],[6.16398466,51.58915861]]],"type":"Polygon"},"properties":{"legal_ref":"§ 21h, Abs. 3 (2.) LuftVO","generated_name_EN":"NIEDERRHEIN","lower_limit_unit":"m","type_code_detail":"INT_APT","external_reference":"h7DERKA","name":["NIEDERRHEIN"],"generated_name_DE":"NIEDERRHEIN","lower_limit_altitude":0.0,"lower_limit_alt_ref":"AGL","type_code":"FLUGHAFEN"}},{"type":"Feature","geometry":{"coordinates":[[[9.56037111,54.30335534],[9.55861188,54.30315557],[9.55852633,54.303146],[9.556876,54.30296424],[9.55527941,54.30277864],[9.55192896,54.3026085],[9.54859543,54.3028686],[9.54848874,54.30289151],[9.54609356,54.30215031],[9.54321754,54.30164649],[9.54246218,54.30156006],[9.54233445,54.30154577],[9.54006084,54.30129725],[9.53705235,54.30114487],[9.53405098,54.30133946],[9.53336258,54.30146719],[9.53288359,54.30141463],[9.53281769,54.30140749],[9.52699253,54.30078356],[9.52696864,54.30078101],[9.52414857,54.30048153],[9.52354546,54.30041748],[9.52349211,54.30041161],[9.51897162,54.29989207],[9.51893078,54.29988741],[9.51737075,54.29971064],[9.51723912,54.29969607],[9.51521434,54.2994773],[9.51232452,54.29932788],[9.50943817,54.29949876],[9.50794652,54.29975903],[9.44717092,54.29309385],[9.44149312,54.3107592],[9.49679533,54.31682549],[9.49692663,54.31716851],[9.49805917,54.3187058],[9.49965977,54.32009363],[9.50167293,54.32128385],[9.50402883,54.32223516],[9.50664573,54.32291454],[9.50943282,54.32329841],[9.51229337,54.32337346],[9.51457453,54.32330881],[9.51570284,54.32408184],[9.51804977,54.32516748],[9.52071216,54.32596673],[9.5235891,54.32644928],[9.52472406,54.32657132],[9.5253829,54.32668439],[9.52628851,54.32675692],[9.52628494,54.32676948],[9.5275803,54.32689509],[9.53199223,54.32694761],[9.53213855,54.32693698],[9.53478938,54.32660355],[9.53496715,54.32657138],[9.53677812,54.32612923],[9.53884223,54.3262146],[9.54037482,54.32610672],[9.54074354,54.32614672],[9.54075651,54.32614834],[9.54934516,54.32708314],[9.5494103,54.32709014],[9.55049689,54.32720553],[9.55197091,54.32736877],[9.55213035,54.32738647],[9.55216817,54.32739065],[9.555467,54.32775189],[9.55879141,54.32790087],[9.56209259,54.32762743],[9.56521522,54.32694441],[9.56543626,54.32687931],[9.56764822,54.32608431],[9.56835675,54.32572078],[9.56837608,54.3257346],[9.56992934,54.32499191],[9.57017624,54.32487131],[9.57023927,54.32483986],[9.62920326,54.33123951],[9.63480335,54.31356563],[9.57156213,54.30670055],[9.57077245,54.30631596],[9.56917077,54.30581571],[9.56907405,54.30575169],[9.56680195,54.30472096],[9.56424138,54.30395575],[9.56148195,54.30348284],[9.56106711,54.30343583],[9.56042544,54.30336157],[9.56037111,54.30335534]]],"type":"Polygon"},"properties":{"legal_ref":"§ 21h, Abs. 3 (2.) LuftVO","generated_name_EN":"HOHN","lower_limit_unit":"m","type_code_detail":"MILITARY","external_reference":"zkTzSKA","name":["HOHN"],"generated_name_DE":"HOHN","lower_limit_altitude":0.0,"lower_limit_alt_ref":"AGL","type_code":"FLUGHAFEN"}},{"type":"Feature","geometry":{"coordinates":[[[6.69123824,50.82582625],[6.6894072,50.8243501],[6.6871322,50.82314695],[6.68451242,50.82226923],[6.68166206,50.82175522],[6.68030373,50.82160506],[6.67945647,50.82145313],[6.67687518,50.82116068],[6.67477425,50.82091672],[6.67476874,50.82093579],[6.6722173,50.82075995],[6.67152594,50.82080309],[6.67086587,50.82066766],[6.66814935,50.8204664],[6.66742191,50.82033931],[6.6647812,50.82020155],[6.66468944,50.82020767],[6.66372192,50.81995346],[6.6610396,50.81943847],[6.65940445,50.81933821],[6.65918754,50.81927405],[6.65911803,50.81925603],[6.65762099,50.81892829],[6.65753912,50.81891355],[6.65751417,50.81890998],[6.65747112,50.81889972],[6.65684289,50.81873477],[6.65476583,50.81834951],[6.65447801,50.81827281],[6.65279949,50.81782251],[6.65142469,50.81735732],[6.64859063,50.81664078],[6.64617864,50.81600917],[6.64545745,50.81581896],[6.64488767,50.81567773],[6.64481561,50.81566099],[6.64380918,50.81545386],[6.64372655,50.81543899],[6.64285305,50.81530057],[6.64269315,50.81527862],[6.639647,50.81507475],[6.63660276,50.81528969],[6.63595459,50.81542909],[6.58278188,50.80098584],[6.57158995,50.81750746],[6.62062311,50.83082859],[6.62082644,50.83124836],[6.62203776,50.83271466],[6.62256187,50.83313675],[6.62259154,50.83317201],[6.62260366,50.8331948],[6.62266801,50.8332629],[6.62379711,50.83460489],[6.62474983,50.83534577],[6.62539757,50.8360186],[6.62748064,50.83740444],[6.62764568,50.83749308],[6.62815044,50.83781201],[6.6282829,50.83789994],[6.62848186,50.83803203],[6.62850868,50.83804927],[6.62863688,50.83814323],[6.62877578,50.83824198],[6.62895563,50.83837991],[6.62946094,50.83877274],[6.62951256,50.83881264],[6.6299587,50.83915542],[6.62999239,50.83918121],[6.63039977,50.83949184],[6.63044834,50.8394663],[6.63190437,50.84047585],[6.63187689,50.84049438],[6.63200427,50.8405701],[6.63212379,50.84062799],[6.63220657,50.84068538],[6.63235246,50.8407646],[6.63237362,50.84074898],[6.63427632,50.84167041],[6.63439983,50.84171857],[6.63463983,50.84190341],[6.63670067,50.84319526],[6.63913319,50.844195],[6.64183589,50.8448609],[6.64469596,50.84516517],[6.64759403,50.84509511],[6.64907877,50.84486228],[6.64908832,50.84487172],[6.64922289,50.84500122],[6.64956395,50.84531477],[6.64961978,50.84536385],[6.64994286,50.84563673],[6.64999692,50.84568062],[6.65044893,50.84602927],[6.65051871,50.84608042],[6.6511256,50.84649789],[6.65119648,50.84654366],[6.65191345,50.84697544],[6.65198562,50.84701596],[6.65282379,50.84745157],[6.65289736,50.84748692],[6.65393867,50.84794236],[6.65403363,50.84798005],[6.65511307,50.84836794],[6.65522071,50.84840277],[6.65615839,50.84867941],[6.65628081,50.84871214],[6.6570292,50.84889665],[6.65717613,50.84892987],[6.65752319,50.84900517],[6.65756937,50.84901477],[6.65784862,50.84907267],[6.65841591,50.84918203],[6.65859034,50.84921316],[6.66007831,50.84942477],[6.66023744,50.84944178],[6.66039813,50.84945518],[6.66106088,50.84956746],[6.66112154,50.84957395],[6.66141647,50.84960548],[6.66236643,50.84968625],[6.66277007,50.84971183],[6.66345318,50.84974459],[6.66567356,50.84981701],[6.66958464,50.84994749],[6.66966591,50.8499502],[6.67227826,50.84988485],[6.67482739,50.84951737],[6.67722685,50.84886024],[6.67939527,50.84793573],[6.68071286,50.84711535],[6.73354386,50.8614],[6.74469008,50.84486236],[6.69591946,50.8316778],[6.69590532,50.83163209],[6.69516952,50.83004484],[6.69398701,50.82856984],[6.69327091,50.82784955],[6.69311663,50.82769776],[6.69264921,50.82724789],[6.69143431,50.8260238],[6.69126924,50.82585747],[6.69123824,50.82582625]]],"type":"Polygon"},"properties":{"legal_ref":"§ 21h, Abs. 3 (2.) LuftVO","generated_name_EN":"NOERVENICH","lower_limit_unit":"m","type_code_detail":"MILITARY","external_reference":"heBzLKA","name":["NOERVENICH"],"generated_name_DE":"NOERVENICH","lower_limit_altitude":0.0,"lower_limit_alt_ref":"AGL","type_code":"FLUGHAFEN"}},{"type":"Feature","geometry":{"coordinates":[[[9.54121431,54.44969612],[9.54018168,54.44863845],[9.5400821,54.44853798],[9.53980355,54.44826104],[9.53976492,54.4482182],[9.5395489,54.44798692],[9.53880979,54.44722247],[9.53830434,54.44673629],[9.53803199,54.4464921],[9.53768437,54.44619369],[9.53743532,54.44598886],[9.53555338,54.44471334],[9.53329666,54.44366452],[9.5307442,54.44287914],[9.52798542,54.4423847],[9.5251169,54.44219851],[9.52223909,54.4423271],[9.52144237,54.4424526],[9.51974723,54.44200527],[9.51912237,54.44188081],[9.51797102,54.44164283],[9.51776001,54.44160021],[9.51599879,54.4412528],[9.5117457,54.44039189],[9.5110849,54.44026776],[9.51090414,54.4402364],[9.50792742,54.43990126],[9.50568809,54.43990923],[9.50181904,54.43888836],[9.50006946,54.43854217],[9.45605072,54.4151417],[9.43527327,54.42841862],[9.45356252,54.438144],[9.42756841,54.43384562],[9.41913882,54.45113544],[9.48151164,54.46144727],[9.48219118,54.46309455],[9.48280799,54.4641366],[9.48404886,54.46571723],[9.48578894,54.46712915],[9.48596948,54.467228],[9.4860583,54.4674425],[9.48619825,54.46778571],[9.48624311,54.46789279],[9.48633101,54.46809717],[9.48639684,54.46808757],[9.48690279,54.46916915],[9.48829298,54.47077657],[9.49020533,54.47219039],[9.49179674,54.47297568],[9.49148286,54.47456727],[9.4917197,54.47630048],[9.49252523,54.4779747],[9.49386937,54.47952723],[9.49570186,54.48089997],[9.49795412,54.48204151],[9.50054184,54.4829091],[9.50336813,54.48347025],[9.50365315,54.4835094],[9.50546905,54.48376743],[9.50821324,54.4840078],[9.51098699,54.4839581],[9.51114713,54.48394678],[9.51290723,54.4838224],[9.51597694,54.48341717],[9.51762078,54.48298136],[9.5178478,54.48315359],[9.52007087,54.48429732],[9.52262879,54.48517225],[9.52542703,54.48574603],[9.52836216,54.48599746],[9.5313257,54.48591725],[9.53579059,54.48554359],[9.53878085,54.48511243],[9.54091803,54.48452248],[9.57680789,54.50352609],[9.59757721,54.49022503],[9.57105541,54.47618305],[9.6036797,54.48153644],[9.61203756,54.46423405],[9.54663433,54.4534973],[9.54561744,54.45288078],[9.54524269,54.45257258],[9.5452207,54.45255455],[9.54467612,54.45210901],[9.5446518,54.4521191],[9.54357278,54.45126781],[9.54355028,54.45125286],[9.54350718,54.45122423],[9.54250992,54.45066999],[9.54121431,54.44969612]]],"type":"Polygon"},"properties":{"legal_ref":"§ 21h, Abs. 3 (2.) LuftVO","generated_name_EN":"SCHLESWIG","lower_limit_unit":"m","type_code_detail":"MILITARY","external_reference":"zsKnBKA","name":["SCHLESWIG"],"generated_name_DE":"SCHLESWIG","lower_limit_altitude":0.0,"lower_limit_alt_ref":"AGL","type_code":"FLUGHAFEN"}},{"type":"Feature","geometry":{"coordinates":[[[12.25798803,53.93679289],[12.26024359,53.93770286],[12.26273858,53.93836021],[12.26539259,53.93874378],[12.26812007,53.93884119],[12.2755737,53.93871153],[12.27624278,53.93866149],[12.27693808,53.93868916],[12.27882417,53.93865199],[12.28119519,53.93849485],[12.28120814,53.93849338],[12.28285631,53.93902378],[12.28570743,53.93954927],[12.2886776,53.93973613],[12.28944464,53.93969515],[12.29147679,53.94000128],[12.29256322,53.94011],[12.29543202,53.9402344],[12.29828926,53.94003816],[12.30103289,53.93952828],[12.30230902,53.93912241],[12.30368473,53.93874275],[12.306184,53.93787283],[12.30835803,53.93673888],[12.31012782,53.93538211],[12.31142911,53.93385184],[12.3115689,53.93355855],[12.31169134,53.93353949],[12.3144784,53.93271855],[12.3169238,53.93157997],[12.31892511,53.93017144],[12.32039856,53.92855197],[12.32128249,53.9267894],[12.32153996,53.92495753],[12.32134971,53.9240434],[12.32187063,53.92390149],[12.32232107,53.92370788],[12.37552997,53.91942929],[12.37141255,53.90162925],[12.31887025,53.90585403],[12.31782323,53.90473158],[12.31576878,53.90332244],[12.31308288,53.90182594],[12.31064017,53.90071799],[12.3078697,53.8999233],[12.30488503,53.89947443],[12.30180845,53.89938977],[12.29806096,53.89951121],[12.29536587,53.89974268],[12.29278382,53.90025423],[12.29053834,53.90098373],[12.29052278,53.90098571],[12.29015661,53.90098244],[12.2870904,53.90133166],[12.28514575,53.90181199],[12.28452989,53.90153823],[12.28186204,53.90077685],[12.27917853,53.9001936],[12.27619579,53.8997414],[12.27311998,53.89965319],[12.27049647,53.89973513],[12.27022971,53.89974485],[12.2696835,53.89976759],[12.26659601,53.90008732],[12.26368496,53.90077394],[12.26222547,53.90134657],[12.26183922,53.90137257],[12.2617657,53.90137672],[12.25681318,53.90167317],[12.25499782,53.90184779],[12.25221498,53.9022186],[12.25207339,53.90223789],[12.25163192,53.90229933],[12.24992473,53.90253691],[12.24737458,53.90289176],[12.2444504,53.90348953],[12.24179145,53.90442433],[12.24081696,53.90495055],[12.23613799,53.90531776],[12.23295955,53.90577671],[12.23002073,53.90662633],[12.22745743,53.90782732],[12.22538821,53.90932415],[12.22390882,53.9110476],[12.22356185,53.91158965],[12.22340582,53.91184498],[12.22300252,53.91253757],[12.22254199,53.91349949],[12.22252707,53.91353891],[12.18305299,53.9166645],[12.18709217,53.93447205],[12.23715628,53.93050532],[12.23738051,53.93064018],[12.23963552,53.93157711],[12.24214007,53.93225851],[12.24481191,53.93266198],[12.24756328,53.9327743],[12.25030383,53.93259175],[12.2514529,53.93245208],[12.25604457,53.93565965],[12.25798803,53.93679289]]],"type":"Polygon"},"properties":{"legal_ref":"§ 21h, Abs. 3 (2.) LuftVO","generated_name_EN":"Laage","lower_limit_unit":"m","type_code_detail":"INT_APT","external_reference":"1SR-bKA","name":["Laage"],"generated_name_DE":"Laage","lower_limit_altitude":0.0,"lower_limit_alt_ref":"AGL","type_code":"FLUGHAFEN"}},{"type":"Feature","geometry":{"coordinates":[[[10.86786689,47.84600396],[10.8696153,47.84587889],[10.8704978,47.84583729],[10.87130954,47.84578221],[10.87494522,47.84545973],[10.87510846,47.84544529],[10.87641965,47.84524629],[10.8765313,47.84523718],[10.87675004,47.84521783],[10.87804077,47.84505992],[10.87809893,47.84505079],[10.87887681,47.84491204],[10.87893895,47.8448996],[10.87998067,47.84465911],[10.88003006,47.84464616],[10.88036274,47.84454961],[10.94257889,47.84477743],[10.94271354,47.82678744],[10.87948393,47.82655532],[10.87927928,47.82651302],[10.87921703,47.82650213],[10.87810055,47.82634088],[10.87802777,47.82633254],[10.87668063,47.82622524],[10.87640001,47.82621257],[10.87619052,47.82620423],[10.87603667,47.82619891],[10.87591665,47.82619593],[10.87563943,47.82610884],[10.87559837,47.82609761],[10.87486425,47.82591348],[10.87481079,47.82590126],[10.87387516,47.82571279],[10.87381911,47.82570299],[10.87336163,47.82562875],[10.87313948,47.82559547],[10.87313907,47.82559674],[10.87244295,47.82549689],[10.87239379,47.82549098],[10.87105131,47.82537649],[10.87104308,47.82537607],[10.87092504,47.82536682],[10.87000984,47.82531646],[10.8698455,47.82531124],[10.86906001,47.82530185],[10.86889037,47.82530318],[10.86778409,47.82534447],[10.86708113,47.82529411],[10.86690902,47.82528549],[10.86647016,47.82526837],[10.86623194,47.82526173],[10.86592281,47.82525552],[10.86489531,47.82524288],[10.86411295,47.82522495],[10.86295719,47.82523214],[10.86280785,47.82523742],[10.86080378,47.8254114],[10.86075734,47.82541787],[10.85984148,47.82556827],[10.85979619,47.82557686],[10.85826219,47.82593685],[10.85821915,47.82594897],[10.85684008,47.82646372],[10.79996347,47.82621392],[10.79977943,47.84420437],[10.8569818,47.84445527],[10.85814871,47.84498337],[10.85833062,47.84505092],[10.86108668,47.84581844],[10.861149,47.84583052],[10.86183516,47.84595036],[10.86191057,47.84596211],[10.86432973,47.84618467],[10.86676866,47.84610716],[10.86786689,47.84600396]]],"type":"Polygon"},"properties":{"legal_ref":"§ 21h, Abs. 3 (2.) LuftVO","generated_name_EN":"ALTENSTADT","lower_limit_unit":"m","type_code_detail":"MILITARY","external_reference":"UjB_BKA","name":["ALTENSTADT"],"generated_name_DE":"ALTENSTADT","lower_limit_altitude":0.0,"lower_limit_alt_ref":"AGL","type_code":"FLUGHAFEN"}},{"type":"Feature","geometry":{"coordinates":[[[8.67757149,53.75184354],[8.675841,53.7516352],[8.673459,53.75120436],[8.67037824,53.75103614],[8.66983783,53.75103943],[8.66967144,53.75098148],[8.66935928,53.75087198],[8.66815173,53.75044835],[8.66716469,53.75000662],[8.66504592,53.74896678],[8.66269361,53.74801769],[8.66008367,53.74734573],[8.65730795,53.74697456],[8.65446412,53.74691723],[8.65165228,53.74717576],[8.64897136,53.74774106],[8.64651572,53.74859323],[8.6443718,53.74970227],[8.64264534,53.7507804],[8.64262776,53.75079139],[8.64162155,53.75142183],[8.64151419,53.7514898],[8.64080418,53.75194397],[8.63791653,53.75253724],[8.63543209,53.75304585],[8.63506898,53.75306928],[8.63474573,53.75309315],[8.63340622,53.75310917],[8.63183854,53.75322216],[8.63075115,53.75329726],[8.62982022,53.75336116],[8.62970973,53.75336899],[8.62814326,53.75348342],[8.62512537,53.75389248],[8.6237744,53.75425899],[8.56932165,53.74767596],[8.56324636,53.76528813],[8.62060515,53.77222188],[8.6206433,53.77225164],[8.62071023,53.77228685],[8.62068367,53.77239112],[8.6208481,53.7742119],[8.62162952,53.77597555],[8.62224857,53.77695482],[8.6224581,53.77728627],[8.62249364,53.77734192],[8.62270292,53.7776664],[8.62295772,53.77806147],[8.6231455,53.77836077],[8.62327503,53.77851499],[8.62343669,53.77886294],[8.62355273,53.77904234],[8.62373344,53.77932679],[8.62380802,53.77944177],[8.62437013,53.78029104],[8.62454247,53.78054037],[8.62469193,53.78074766],[8.62611458,53.78228527],[8.62684111,53.78279957],[8.62734453,53.78367684],[8.62875617,53.78514952],[8.62916403,53.78549462],[8.62957641,53.78582703],[8.63091804,53.78685799],[8.63172494,53.78750412],[8.63216292,53.78786682],[8.63235628,53.78802334],[8.63242927,53.78808111],[8.63278864,53.78836552],[8.63291542,53.7884658],[8.63297815,53.78851585],[8.63315284,53.78865522],[8.63361963,53.78902761],[8.633707,53.78909662],[8.63607686,53.79094965],[8.63820499,53.79229934],[8.64075414,53.793363],[8.6436167,53.79409573],[8.64667182,53.79446657],[8.64979047,53.79445987],[8.65284096,53.79407591],[8.65569447,53.7933309],[8.6561202,53.79315051],[8.65890951,53.79237224],[8.65937216,53.79224314],[8.65972116,53.79214578],[8.66058142,53.79209796],[8.66072786,53.79209206],[8.66582076,53.79181244],[8.6688933,53.79145145],[8.67084986,53.791094],[8.67136626,53.79099965],[8.67338177,53.79065117],[8.67350527,53.79062948],[8.67519927,53.79032729],[8.67795411,53.78965494],[8.68043395,53.78867682],[8.6825432,53.78743065],[8.68420059,53.78596446],[8.68534229,53.78433478],[8.68592434,53.78260441],[8.68613243,53.78135499],[8.68614351,53.78128575],[8.68631645,53.78015808],[8.68632195,53.78012948],[8.74780366,53.78749219],[8.75380497,53.76987068],[8.69296436,53.76258505],[8.69291215,53.76233174],[8.6919178,53.76059085],[8.69034674,53.75900618],[8.68826469,53.75764397],[8.68714367,53.75715959],[8.68656041,53.75629295],[8.68492146,53.75480295],[8.68281964,53.75353335],[8.68033726,53.75253384],[8.67757149,53.75184354]]],"type":"Polygon"},"properties":{"legal_ref":"§ 21h, Abs. 3 (2.) LuftVO","generated_name_EN":"See-Flughafen Cuxhaven/Nordholz","lower_limit_unit":"m","type_code_detail":"INT_APT","external_reference":"zIhLiKA","name":["See-Flughafen Cuxhaven/Nordholz"],"generated_name_DE":"See-Flughafen Cuxhaven/Nordholz","lower_limit_altitude":0.0,"lower_limit_alt_ref":"AGL","type_code":"FLUGHAFEN"}},{"type":"Feature","geometry":{"coordinates":[[[6.06749453,50.94916098],[6.06741803,50.94913455],[6.06697247,50.94898698],[6.06688553,50.94895942],[6.06650176,50.94884244],[6.06646974,50.9488313],[6.06565683,50.94854623],[6.06530069,50.94842549],[6.06522743,50.94840149],[6.06449982,50.94817947],[6.06442442,50.94815811],[6.06367917,50.94796281],[6.06360193,50.94794417],[6.06284114,50.94777602],[6.06276242,50.94776019],[6.06200157,50.94762176],[6.06191238,50.94760722],[6.0613667,50.94752546],[6.06124383,50.94750866],[6.06034426,50.94740464],[6.06029216,50.9473997],[6.05990941,50.94736678],[6.05985762,50.94736277],[6.0595304,50.9473399],[6.05951617,50.94733901],[6.05818422,50.94729544],[6.05816643,50.94729538],[6.05771123,50.94720767],[6.05491543,50.94703353],[6.05488699,50.94703354],[6.05461078,50.94703533],[6.05291039,50.94705681],[6.05239155,50.94706934],[6.05232088,50.94707186],[6.05130048,50.94713165],[6.05122929,50.94713746],[6.0502554,50.94723875],[6.05018364,50.94724784],[6.04926302,50.94738469],[6.04919065,50.94739706],[6.04824962,50.94758026],[6.04817115,50.94759744],[6.04796035,50.94764977],[6.04761525,50.94765084],[6.04758792,50.94765094],[6.04735598,50.94765193],[6.04716262,50.94765629],[6.04707552,50.94760303],[6.04479701,50.94666476],[6.04227758,50.94601749],[6.03960926,50.94568486],[6.03904287,50.94568365],[6.03653311,50.94548359],[6.03381664,50.94559719],[6.03118411,50.94603554],[6.02873189,50.94678258],[6.02804084,50.94710826],[6.02712263,50.94736546],[6.02540509,50.94812286],[6.0250141,50.94809568],[6.02308507,50.94819751],[6.02304304,50.94819625],[6.02007903,50.94830306],[6.01721459,50.94879605],[6.01714862,50.94881223],[6.01445236,50.94969323],[6.0131948,50.95021847],[6.01105645,50.95139503],[6.00912148,50.95165622],[6.00724171,50.95218653],[5.9510332,50.95273309],[5.95146039,50.97070607],[6.00827841,50.97015381],[6.00944772,50.97111504],[6.01063301,50.97194022],[6.01066473,50.97196231],[6.01282408,50.97318742],[6.01533228,50.97411041],[6.01808498,50.97469288],[6.02069065,50.97488967],[6.02142707,50.97520173],[6.02147147,50.97521894],[6.02261051,50.97561648],[6.02265195,50.97562942],[6.02392257,50.97597861],[6.02395619,50.97598665],[6.025076,50.97622125],[6.0251119,50.97622774],[6.0266649,50.97645006],[6.02674412,50.97645849],[6.02847404,50.97657455],[6.02856432,50.9765771],[6.02984971,50.97657673],[6.02995811,50.97657361],[6.03076666,50.97653571],[6.03087189,50.97652887],[6.03165621,50.97646394],[6.03175398,50.97645409],[6.03176424,50.97645285],[6.03341604,50.9770351],[6.03580826,50.97755455],[6.03830837,50.97779845],[6.03955919,50.97777899],[6.03955921,50.97779343],[6.03965888,50.97779339],[6.040062,50.97777116],[6.04083741,50.97775909],[6.04116517,50.97773547],[6.04116066,50.97771057],[6.04211108,50.97765815],[6.0444897,50.97725821],[6.04586835,50.97685543],[6.04614825,50.97693424],[6.04621332,50.97695112],[6.04694465,50.97712612],[6.04700551,50.97713949],[6.04788022,50.97731191],[6.047943,50.9773229],[6.04890818,50.97746915],[6.04897062,50.97747717],[6.04999847,50.97758462],[6.05006022,50.97758961],[6.0511445,50.97765086],[6.05120531,50.97765282],[6.05176714,50.9776639],[6.05444842,50.97768333],[6.055009,50.97768752],[6.05611342,50.97769596],[6.0588375,50.97755102],[6.06146743,50.97708001],[6.0639062,50.97630029],[6.06606386,50.97524062],[6.06786084,50.97394011],[6.06875077,50.97297006],[6.06976617,50.97269602],[6.07197145,50.97176218],[6.07386358,50.97058597],[6.07447629,50.97002814],[6.07536033,50.96955656],[6.07547615,50.96946493],[6.13255282,50.96884938],[6.13205566,50.95087595],[6.07482513,50.95149348],[6.07468747,50.95141017],[6.0723885,50.95047605],[6.06984924,50.9498368],[6.06901835,50.94973757],[6.0684506,50.94950947],[6.06831082,50.94945656],[6.06807946,50.94937086],[6.06774772,50.94925061],[6.06749453,50.94916098]]],"type":"Polygon"},"properties":{"legal_ref":"§ 21h, Abs. 3 (2.) LuftVO","generated_name_EN":"GEILENKIRCHEN","lower_limit_unit":"m","type_code_detail":"MILITARY","external_reference":"hbhAJKA","name":["GEILENKIRCHEN"],"generated_name_DE":"GEILENKIRCHEN","lower_limit_altitude":0.0,"lower_limit_alt_ref":"AGL","type_code":"FLUGHAFEN"}},{"type":"Feature","geometry":{"coordinates":[[[9.08267727,52.26760869],[9.0824619,52.26758063],[9.08097331,52.26739381],[9.07879558,52.26708147],[9.07859438,52.26705353],[9.07609077,52.26671712],[9.07253772,52.26623984],[9.0721605,52.26615207],[9.06942328,52.26585929],[9.06664521,52.2658887],[9.06492857,52.26600735],[9.06476667,52.2660191],[9.06237722,52.26620073],[9.06111273,52.26637452],[9.00322694,52.25853202],[8.9968952,52.27608847],[9.05770829,52.28432689],[9.05883255,52.28512898],[9.05900248,52.28524807],[9.06087,52.28653385],[9.06088316,52.28654289],[9.06490075,52.28930111],[9.06537919,52.28961418],[9.06659106,52.29037015],[9.06744472,52.29086173],[9.06777766,52.29103865],[9.06805108,52.2911804],[9.06838724,52.29135039],[9.06980181,52.29198265],[9.07098666,52.29244846],[9.07255925,52.29298615],[9.07320232,52.29317527],[9.07357918,52.2932861],[9.07401518,52.29341749],[9.07466722,52.29360196],[9.07610255,52.29398218],[9.07650883,52.29409003],[9.07748706,52.29440092],[9.07830628,52.2945398],[9.08020585,52.29512491],[9.08172855,52.29537088],[9.08262389,52.29562074],[9.08555574,52.29602609],[9.08856082,52.29605634],[9.09151281,52.29571023],[9.09428761,52.2950023],[9.09540487,52.29463073],[9.09745313,52.29380673],[9.09761689,52.29372811],[9.09793172,52.29357261],[9.09835562,52.29335726],[9.09995934,52.29266194],[9.10194218,52.29137845],[9.10291591,52.29042894],[9.16355082,52.29858353],[9.16981988,52.28101827],[9.10994975,52.27296685],[9.10921761,52.27245891],[9.10676247,52.27134248],[9.10663964,52.27129798],[9.10457052,52.27067728],[9.10236847,52.27026308],[9.09563721,52.26934438],[9.09551802,52.26932843],[9.09172109,52.26883033],[9.08267727,52.26760869]]],"type":"Polygon"},"properties":{"legal_ref":"§ 21h, Abs. 3 (2.) LuftVO","generated_name_EN":"BUECKEBURG","lower_limit_unit":"m","type_code_detail":"MILITARY","external_reference":"rSK4jKA","name":["BUECKEBURG"],"generated_name_DE":"BUECKEBURG","lower_limit_altitude":0.0,"lower_limit_alt_ref":"AGL","type_code":"FLUGHAFEN"}},{"type":"Feature","geometry":{"coordinates":[[[6.72710453,49.97949798],[6.72709146,49.97949009],[6.72651379,49.97914179],[6.72521783,49.97835837],[6.72383651,49.97724903],[6.72185167,49.97615598],[6.72141149,49.97599371],[6.72125282,49.97588545],[6.72112725,49.97580087],[6.72052431,49.97540006],[6.72047361,49.97503696],[6.71961546,49.97333837],[6.71956213,49.97313993],[6.71857515,49.97149132],[6.71710733,49.96999905],[6.7152154,49.96872075],[6.71297245,49.9677058],[6.71216551,49.96747653],[6.70768888,49.96461762],[6.70560771,49.96352314],[6.70323991,49.96270634],[6.70140588,49.96234276],[6.69976199,49.96103432],[6.69851372,49.9602246],[6.69822508,49.95993932],[6.69627906,49.95866419],[6.69589067,49.9584559],[6.69328229,49.95735019],[6.6930138,49.95728559],[6.69229063,49.95689682],[6.69005002,49.95608779],[6.68998272,49.95607312],[6.68874844,49.95562914],[6.68605031,49.95508053],[6.68494929,49.95500784],[6.64457156,49.9287204],[6.62477806,49.94137465],[6.66585579,49.96812484],[6.66593537,49.96842624],[6.66595226,49.96845612],[6.66610983,49.96946356],[6.66686429,49.97109385],[6.66739199,49.97174826],[6.66735933,49.97175847],[6.66745468,49.97188534],[6.66766642,49.97208858],[6.66808148,49.97260327],[6.66820029,49.97272168],[6.66828793,49.97268511],[6.66868751,49.97306861],[6.66874786,49.97315327],[6.66924414,49.97372798],[6.66999441,49.97462552],[6.67023557,49.9749022],[6.67024842,49.97491636],[6.67039344,49.97512377],[6.67043492,49.97583665],[6.67039247,49.9767995],[6.67089416,49.97861165],[6.67195771,49.98031992],[6.67353859,49.98185269],[6.67356524,49.98187355],[6.67377075,49.98205532],[6.67550858,49.98332229],[6.67758375,49.98435694],[6.67924122,49.98489953],[6.67990095,49.98546459],[6.68089082,49.98653635],[6.68225358,49.98755649],[6.68237622,49.98770846],[6.68389377,49.98897444],[6.68573543,49.99004692],[6.68580873,49.99008251],[6.68828703,49.99104376],[6.69101965,49.9916547],[6.69109266,49.99166571],[6.69137916,49.9916934],[6.69277905,49.99224321],[6.69386853,49.99368496],[6.69555846,49.9951089],[6.69664227,49.99571916],[6.69668015,49.99576401],[6.69782752,49.9966457],[6.69794915,49.9967656],[6.69816689,49.99690649],[6.69846501,49.99713556],[6.69873759,49.99727572],[6.69995809,49.99806536],[6.70158804,49.99875792],[6.70185909,49.99891894],[6.70309499,49.99957276],[6.70334024,49.999688],[6.70552822,50.00053032],[6.7079175,50.00110194],[6.71042829,50.00138377],[6.71297674,50.0013664],[6.71396566,50.00124145],[6.71475126,50.00126752],[6.71657781,50.00109529],[6.75252887,50.02442405],[6.77232437,50.01174816],[6.7320092,49.98559246],[6.73200134,49.98554606],[6.73149596,49.98393889],[6.73145455,49.98384985],[6.7303385,49.98212583],[6.73027741,49.98205363],[6.72910631,49.98089243],[6.72902613,49.98082493],[6.72749296,49.97973278],[6.72710453,49.97949798]]],"type":"Polygon"},"properties":{"legal_ref":"§ 21h, Abs. 3 (2.) LuftVO","generated_name_EN":"SPANGDAHLEM AB","lower_limit_unit":"m","type_code_detail":"MILITARY","external_reference":"Z2ibTKA","name":["SPANGDAHLEM AB"],"generated_name_DE":"SPANGDAHLEM AB","lower_limit_altitude":0.0,"lower_limit_alt_ref":"AGL","type_code":"FLUGHAFEN"}},{"type":"Feature","geometry":{"coordinates":[[[10.63350096,49.29777584],[10.63277017,49.29773983],[10.6322813,49.2977059],[10.63227996,49.29771414],[10.63092512,49.29763178],[10.57299427,49.28795383],[10.56617654,49.30537984],[10.61871587,49.31415845],[10.61941814,49.31559063],[10.62081627,49.31720032],[10.622689,49.31858875],[10.62495698,49.31969709],[10.62752412,49.32047837],[10.62865154,49.32065055],[10.62942651,49.32082918],[10.62941288,49.32085314],[10.63008689,49.32101704],[10.63049104,49.32111534],[10.63195576,49.32141197],[10.63226648,49.32146268],[10.63315207,49.32158711],[10.63335677,49.32161129],[10.63443603,49.32171012],[10.63458721,49.32171999],[10.63569737,49.32176294],[10.63592729,49.32176575],[10.63663024,49.32175755],[10.63734972,49.32175918],[10.63998351,49.32159888],[10.64186233,49.32123849],[10.64301496,49.32143288],[10.64571763,49.32153085],[10.64576074,49.32152963],[10.64744541,49.32141385],[10.64810036,49.32134195],[10.64910467,49.32130347],[10.64947022,49.32129218],[10.65170979,49.32110168],[10.65175237,49.3210957],[10.65379736,49.32069794],[10.65384358,49.32068633],[10.65519968,49.32023845],[10.70428096,49.32839718],[10.71105272,49.31096359],[10.65563167,49.30174923],[10.65445556,49.30108643],[10.65209312,49.30021464],[10.64956416,49.29967352],[10.64845699,49.29926873],[10.64562859,49.29870777],[10.63843355,49.29781817],[10.63644433,49.29766915],[10.63625861,49.29766414],[10.63350096,49.29777584]]],"type":"Polygon"},"properties":{"legal_ref":"§ 21h, Abs. 3 (2.) LuftVO","generated_name_EN":"ANSBACH AAF","lower_limit_unit":"m","type_code_detail":"MILITARY","external_reference":"caQvbKA","name":["ANSBACH AAF"],"generated_name_DE":"ANSBACH AAF","lower_limit_altitude":0.0,"lower_limit_alt_ref":"AGL","type_code":"FLUGHAFEN"}},{"type":"Feature","geometry":{"coordinates":[[[9.44844756,52.43998941],[9.44714699,52.43829769],[9.44530225,52.43680686],[9.44299308,52.43558134],[9.4403193,52.43467408],[9.43739643,52.43412427],[9.43441895,52.43395946],[9.40738258,52.40110179],[9.3811152,52.40917687],[9.40986965,52.44414581],[9.40729514,52.44473751],[9.40468063,52.44576461],[9.40404713,52.44614983],[9.34582287,52.44086613],[9.34148735,52.45865035],[9.39373026,52.46339264],[9.39377123,52.4634531],[9.3942628,52.46410391],[9.39447894,52.46436243],[9.39496635,52.46489932],[9.39533242,52.46527195],[9.39572564,52.46565048],[9.39612169,52.46601151],[9.39660191,52.46642368],[9.39669913,52.46650234],[9.39672869,52.46652825],[9.3974544,52.46711215],[9.39765058,52.46725729],[9.39956722,52.46843452],[9.4018057,52.46937641],[9.40428968,52.47005082],[9.40693442,52.47043474],[9.40964968,52.47051507],[9.41061707,52.4704339],[9.41067029,52.4704467],[9.41138456,52.4706174],[9.41249753,52.47085248],[9.41298018,52.47094139],[9.41560579,52.47126942],[9.4159363,52.47129184],[9.41722597,52.47134445],[9.41749866,52.47134825],[9.41878937,52.47133162],[9.4194391,52.4713058],[9.41982029,52.47133268],[9.42012308,52.47135523],[9.42043231,52.47139052],[9.42214801,52.4715232],[9.42254742,52.47153961],[9.4246853,52.47153241],[9.42508825,52.47151313],[9.42700929,52.47134278],[9.42728161,52.4713073],[9.42993997,52.47079412],[9.43154291,52.47100188],[9.43199176,52.47100633],[9.45809104,52.50264824],[9.48439976,52.49455608],[9.46389938,52.46972259],[9.51617119,52.47441264],[9.52043779,52.45662226],[9.46159028,52.45134231],[9.46136069,52.44983398],[9.46053393,52.4481395],[9.45918045,52.44657665],[9.45735262,52.44520586],[9.45519088,52.44411531],[9.4541458,52.44303743],[9.45230178,52.44176372],[9.45009835,52.44072496],[9.44854627,52.44024595],[9.44844756,52.43998941]]],"type":"Polygon"},"properties":{"legal_ref":"§ 21h, Abs. 3 (2.) LuftVO","generated_name_EN":"WUNSTORF","lower_limit_unit":"m","type_code_detail":"MILITARY","external_reference":"rcIWhKA","name":["WUNSTORF"],"generated_name_DE":"WUNSTORF","lower_limit_altitude":0.0,"lower_limit_alt_ref":"AGL","type_code":"FLUGHAFEN"}},{"type":"Feature","geometry":{"coordinates":[[[10.02346501,53.62793905],[10.02456275,53.62609593],[10.02496397,53.62415531],[10.02496525,53.62409822],[10.02461493,53.62205135],[10.02458925,53.6219818],[10.02302858,53.61953351],[10.02299025,53.61949262],[10.02262952,53.61919378],[10.0451761,53.59304041],[10.01829172,53.58483837],[9.99626558,53.61036958],[9.99489049,53.61018426],[9.9931776,53.61015445],[9.99294435,53.61006091],[9.99290106,53.61004974],[9.99165978,53.6095289],[9.99137128,53.60942904],[9.9885418,53.60866896],[9.98551093,53.6082687],[9.98240649,53.60824512],[9.97935942,53.60859922],[9.9789335,53.60867642],[9.97879913,53.60870989],[9.97863226,53.60873032],[9.97826492,53.60879872],[9.97787899,53.60887399],[9.97608703,53.60923939],[9.97590562,53.60914666],[9.97527776,53.60884272],[9.9751005,53.6087615],[9.97217234,53.60771038],[9.96892186,53.60707765],[9.96852084,53.60702857],[9.96839889,53.60702232],[9.96771113,53.60673607],[9.96523877,53.60606105],[9.96486927,53.60598325],[9.96480807,53.60597036],[9.96451892,53.60590947],[9.96157599,53.60550446],[9.91899795,53.58442497],[9.89966026,53.59823736],[9.94254428,53.61947286],[9.94275374,53.61980956],[9.94326348,53.62030734],[9.94331384,53.62037984],[9.94472665,53.62195107],[9.94663311,53.62332573],[9.94762645,53.62380593],[9.94814549,53.6241271],[9.94884815,53.62456543],[9.94949747,53.62497356],[9.95081062,53.62565958],[9.95079924,53.62566748],[9.95103679,53.62578838],[9.95121745,53.62587888],[9.95144841,53.62599276],[9.95159005,53.62606675],[9.95161982,53.62607727],[9.95177756,53.62615505],[9.9527291,53.62663116],[9.952782,53.62665751],[9.95356741,53.62704685],[9.95364839,53.62708672],[9.95395232,53.62723526],[9.95396993,53.62724387],[9.9539964,53.62725681],[9.95413552,53.62732481],[9.95440549,53.62746005],[9.95450925,53.62751203],[9.95469176,53.62760346],[9.95492932,53.62772002],[9.95513259,53.6278177],[9.95519619,53.62784859],[9.95560292,53.62805104],[9.95596633,53.62822631],[9.9562957,53.6283802],[9.95651564,53.62848905],[9.95671493,53.62858598],[9.95709708,53.62876864],[9.95756147,53.62895288],[9.95799807,53.62919945],[9.95811385,53.62926189],[9.95979573,53.63004739],[9.96011728,53.6301768],[9.9603862,53.63028514],[9.9611786,53.63084857],[9.96199652,53.63135105],[9.96215644,53.6314493],[9.96223926,53.63150424],[9.96410032,53.63254634],[9.96606217,53.63332079],[9.96627224,53.63419141],[9.96631256,53.63434862],[9.96660409,53.63542132],[9.96660722,53.6354328],[9.96700268,53.63687601],[9.96735304,53.63765695],[9.96731387,53.6379966],[9.96730318,53.63820253],[9.96761373,53.63999131],[9.96714625,53.64051503],[9.96695312,53.64073889],[9.96658041,53.64118623],[9.96611774,53.64171177],[9.96560341,53.64229154],[9.96514047,53.64300857],[9.9651247,53.6430208],[9.96511436,53.64302965],[9.96428642,53.64392945],[9.96383868,53.64436172],[9.96380564,53.64440212],[9.96312087,53.64523929],[9.96297798,53.64541399],[9.96266431,53.64579769],[9.96253372,53.64596162],[9.96246684,53.64604781],[9.96192944,53.64670335],[9.96163619,53.64699104],[9.96157793,53.64704868],[9.961331,53.64729507],[9.96084292,53.6478213],[9.95946564,53.64943125],[9.95920304,53.6497231],[9.95887411,53.65026257],[9.95860433,53.65057191],[9.95794985,53.65142957],[9.95783434,53.65160481],[9.95707877,53.65314257],[9.95697824,53.65344528],[9.95684234,53.65392156],[9.95679808,53.65410677],[9.95628957,53.65496699],[9.95607067,53.65536698],[9.95605505,53.65539799],[9.95556205,53.65674419],[9.95555545,53.6567725],[9.95550761,53.65752216],[9.92735484,53.69002278],[9.95428905,53.69824489],[9.98169204,53.66658717],[9.98172431,53.666581],[9.98423424,53.66576471],[9.9848912,53.66544243],[9.98516933,53.66539218],[9.9878931,53.66450663],[9.99025508,53.6633095],[9.9921558,53.66185122],[9.99351528,53.6601932],[9.99364529,53.65988779],[9.99458274,53.65820773],[9.99463825,53.65805991],[9.99485686,53.65670097],[9.99592266,53.6556389],[9.99631758,53.65514633],[9.9973629,53.65396451],[9.99749533,53.65381123],[9.99796852,53.65325038],[9.99821422,53.65287484],[9.99867185,53.65245317],[9.99890356,53.65218492],[9.99924811,53.65178601],[9.99925938,53.65177295],[9.99941827,53.65158824],[10.00052074,53.65031118],[10.00096638,53.64979511],[10.00159457,53.64906729],[10.00158811,53.64906533],[10.00163112,53.64902511],[10.00175627,53.6488782],[10.00176509,53.64886782],[10.00180156,53.64882487],[10.00186793,53.6488306],[10.00196392,53.6488356],[10.04794834,53.6715107],[10.06727045,53.6576746],[10.02414435,53.63641481],[10.0241403,53.6355049],[10.02411392,53.63533828],[10.02352795,53.63356853],[10.02262919,53.63228835],[10.02319264,53.6310856],[10.0234333,53.62942632],[10.02332673,53.62879217],[10.02332442,53.6286184],[10.0232823,53.62811226],[10.02344688,53.62796141],[10.02346501,53.62793905]]],"type":"Polygon"},"properties":{"legal_ref":"§ 21h, Abs. 3 (2.) LuftVO","generated_name_EN":"HAMBURG","lower_limit_unit":"m","type_code_detail":"INT_APT","external_reference":"zOE0kKA","name":["HAMBURG"],"generated_name_DE":"HAMBURG","lower_limit_altitude":0.0,"lower_limit_alt_ref":"AGL","type_code":"FLUGHAFEN"}},{"type":"Feature","geometry":{"coordinates":[[[10.25865853,47.98384824],[10.25843656,47.98381804],[10.25755502,47.98370332],[10.25698549,47.98347853],[10.25431351,47.98241358],[10.25176222,47.98123032],[10.25101136,47.98090631],[10.25085504,47.9808437],[10.250545,47.98057738],[10.24866577,47.97946968],[10.24666357,47.97867551],[10.24628925,47.97836487],[10.24622751,47.9783184],[10.24581342,47.97802061],[10.24573771,47.97796858],[10.24509862,47.97755742],[10.24502522,47.97751323],[10.24422677,47.97706869],[10.24414923,47.97702882],[10.24333086,47.97663971],[10.24314582,47.97655854],[10.24267186,47.97636414],[10.24241042,47.97625096],[10.24218539,47.97615892],[10.24206314,47.97610675],[10.2410286,47.97543561],[10.24096717,47.97540199],[10.24083876,47.97534192],[10.24063974,47.97520612],[10.24058907,47.97517738],[10.23941749,47.97458371],[10.23927466,47.97451927],[10.23861253,47.97423899],[10.23852484,47.97420423],[10.23802115,47.97401429],[10.23788877,47.97396686],[10.23746172,47.97382039],[10.23732685,47.97377615],[10.23655539,47.97354309],[10.23634632,47.97348518],[10.23562199,47.97330082],[10.23549578,47.97327147],[10.23514432,47.97319337],[10.23500964,47.97316482],[10.23436645,47.97304026],[10.23423615,47.97301738],[10.23379408,47.9729451],[10.23365319,47.97292376],[10.23329432,47.97287286],[10.23316949,47.97285635],[10.23290399,47.97282881],[10.23206963,47.97265559],[10.23170281,47.97262857],[10.23117639,47.97242974],[10.23096721,47.97235073],[10.22839963,47.97160581],[10.22565773,47.97123506],[10.22286095,47.97125463],[10.22199581,47.97138428],[10.22194443,47.97138384],[10.17504543,47.95272954],[10.16138618,47.96820761],[10.20783559,47.98668498],[10.20850355,47.9873696],[10.20896024,47.98791422],[10.21061117,47.98914383],[10.2113781,47.99014742],[10.21139879,47.99016792],[10.21181515,47.99048646],[10.21188488,47.99098159],[10.21267684,47.99272032],[10.21397353,47.99431665],[10.21572201,47.99570534],[10.21785087,47.99682965],[10.22027315,47.99764365],[10.2203928,47.99767415],[10.22057754,47.99771542],[10.221128,47.99805116],[10.22344757,47.99897588],[10.22599613,47.99957005],[10.22703919,47.99973654],[10.22976205,47.99997704],[10.23250079,47.99983997],[10.23312936,47.9997188],[10.23446989,47.99965388],[10.2353964,47.9994773],[10.23564651,47.99945708],[10.23706047,48.00000292],[10.24322315,48.00238164],[10.24596363,48.0034539],[10.2493765,48.00482333],[10.25177287,48.00558022],[10.25434425,48.00600611],[10.25481493,48.00602004],[10.25715501,48.00643587],[10.25762913,48.00645685],[10.30399697,48.02483522],[10.31762782,48.0093406],[10.27252066,47.99146399],[10.27161725,47.99001483],[10.27026596,47.98863163],[10.26856034,47.98743786],[10.26655805,47.98647388],[10.26608024,47.98632364],[10.26414694,47.98527413],[10.26192099,47.98447449],[10.2595112,47.98396927],[10.25865853,47.98384824]]],"type":"Polygon"},"properties":{"legal_ref":"§ 21h, Abs. 3 (2.) LuftVO","generated_name_EN":"Memmingen","lower_limit_unit":"m","type_code_detail":"INT_APT","external_reference":"UggvcKA","name":["Memmingen"],"generated_name_DE":"Memmingen","lower_limit_altitude":0.0,"lower_limit_alt_ref":"AGL","type_code":"FLUGHAFEN"}},{"type":"Feature","geometry":{"coordinates":[[[8.34085854,50.04053645],[8.34062666,50.04031663],[8.33871028,50.03886035],[8.33635997,50.03769733],[8.33611038,50.03759904],[8.33609247,50.03759199],[8.33463633,50.03702044],[8.33399161,50.03678229],[8.33280755,50.03637148],[8.33142208,50.03595214],[8.33070066,50.03576415],[8.33050316,50.03571276],[8.32908917,50.03540044],[8.32819135,50.03523614],[8.32664001,50.03501282],[8.32378035,50.03470997],[8.32303376,50.03463084],[8.3214911,50.03452362],[8.32098321,50.03450661],[8.31895066,50.03461666],[8.31821398,50.03454539],[8.31549566,50.03462615],[8.31285325,50.03504492],[8.31038705,50.0357858],[8.30947692,50.03621464],[8.3082634,50.03623981],[8.30592088,50.03659683],[8.24848884,50.02527916],[8.24030786,50.04247732],[8.29679782,50.05361006],[8.29846334,50.0548397],[8.29862988,50.05494125],[8.29909806,50.05521407],[8.29918669,50.05526341],[8.30109105,50.05615476],[8.30320093,50.0568275],[8.30545638,50.05726251],[8.30562786,50.05728566],[8.30610019,50.05735846],[8.30706522,50.05771057],[8.30975235,50.05827055],[8.31255954,50.05847105],[8.31284491,50.05845409],[8.31344561,50.05856813],[8.31806904,50.05945969],[8.32133036,50.06009416],[8.32134889,50.06009775],[8.32324622,50.06046497],[8.32324794,50.06046549],[8.32397443,50.0606694],[8.32447008,50.06079787],[8.327781,50.06136446],[8.32812197,50.06139469],[8.32879777,50.06142645],[8.33206789,50.06204651],[8.33208902,50.06205051],[8.33318646,50.06225736],[8.33410478,50.06255872],[8.33674196,50.06303764],[8.33947366,50.06317595],[8.33981086,50.06317167],[8.34097383,50.06309417],[8.34355643,50.06302208],[8.34416524,50.06291986],[8.40242166,50.07433843],[8.41055032,50.05712876],[8.35185338,50.04562414],[8.35098194,50.04509922],[8.35019712,50.04470779],[8.34809607,50.04365977],[8.34803083,50.04362723],[8.34584474,50.04273244],[8.34343973,50.04211299],[8.3421953,50.04187592],[8.34131878,50.04088211],[8.34085854,50.04053645]]],"type":"Polygon"},"properties":{"legal_ref":"§ 21h, Abs. 3 (2.) LuftVO","generated_name_EN":"WIESBADEN AAF","lower_limit_unit":"m","type_code_detail":"MILITARY","external_reference":"a_LJgKA","name":["WIESBADEN AAF"],"generated_name_DE":"WIESBADEN AAF","lower_limit_altitude":0.0,"lower_limit_alt_ref":"AGL","type_code":"FLUGHAFEN"}},{"type":"Feature","geometry":{"coordinates":[[[7.31610986,52.73108863],[7.31624579,52.73121529],[7.31735871,52.73251382],[7.31921718,52.7339096],[7.32149555,52.7350534],[7.32410297,52.73589958],[7.32693545,52.7364144],[7.32988,52.73657732],[7.33281917,52.73638185],[7.33284186,52.73637745],[7.38423531,52.75638569],[7.40022083,52.74125025],[7.3413075,52.71831445],[7.34124253,52.71826482],[7.33895486,52.7171012],[7.33095688,52.71380421],[7.32856016,52.71300176],[7.3267511,52.71263925],[7.26819075,52.68977516],[7.25217917,52.70489269],[7.31210879,52.72829431],[7.31365405,52.72907559],[7.31514906,52.7296854],[7.31524491,52.72985501],[7.315469,52.73008881],[7.31587494,52.73072213],[7.3159075,52.73078985],[7.31599419,52.73092172],[7.31602862,52.73096189],[7.31610986,52.73108863]]],"type":"Polygon"},"properties":{"legal_ref":"§ 21h, Abs. 3 (2.) LuftVO","generated_name_EN":"MEPPEN","lower_limit_unit":"m","type_code_detail":"MILITARY","external_reference":"qhbBZKA","name":["MEPPEN"],"generated_name_DE":"MEPPEN","lower_limit_altitude":0.0,"lower_limit_alt_ref":"AGL","type_code":"FLUGHAFEN"}},{"type":"Feature","geometry":{"coordinates":[[[9.40475691,51.407477],[9.40340881,51.40763609],[9.40320407,51.40759329],[9.40087513,51.40736068],[9.39916588,51.40736692],[9.39903388,51.40732289],[9.39576011,51.40653421],[9.395459,51.40648705],[9.39168877,51.40621929],[9.39139014,51.40622288],[9.38969246,51.4063064],[9.38960641,51.40631386],[9.38959528,51.40631451],[9.38863771,51.4063603],[9.38858881,51.40636269],[9.3870124,51.40644145],[9.38692132,51.40644618],[9.38581887,51.40650565],[9.38420114,51.40670147],[9.3820474,51.40670446],[9.38036453,51.40680862],[9.37761805,51.40714994],[9.37502937,51.40781768],[9.37269666,51.40878654],[9.37070838,51.41001977],[9.36959915,51.41104585],[9.3685204,51.41118378],[9.36540509,51.4121055],[9.36527375,51.41215723],[9.36302392,51.41325207],[9.36289754,51.41334384],[9.30158675,51.41662497],[9.3040282,51.43454367],[9.36327323,51.43137359],[9.36514438,51.43205301],[9.3680658,51.4326428],[9.36821448,51.43266217],[9.37239494,51.43281746],[9.37462823,51.43269604],[9.37572524,51.43272191],[9.37601831,51.43271065],[9.37631397,51.43269737],[9.3793145,51.43254317],[9.38154056,51.43231786],[9.38171376,51.43229148],[9.38389433,51.43181487],[9.38672582,51.43166445],[9.38794272,51.43152631],[9.38801051,51.43152257],[9.38830461,51.43150445],[9.38946985,51.4314251],[9.38993841,51.43138832],[9.39086716,51.43130569],[9.39121312,51.43128003],[9.39195111,51.43126124],[9.39203399,51.43125898],[9.39433299,51.43119211],[9.39466224,51.43119249],[9.39527845,51.43118781],[9.39567915,51.43118127],[9.39652009,51.43116021],[9.39737649,51.43112273],[9.39795058,51.43108682],[9.39861237,51.43104785],[9.3989407,51.43102852],[9.39895988,51.43102739],[9.40071614,51.43092249],[9.40216649,51.43078388],[9.40236958,51.43077506],[9.40355609,51.43098943],[9.40367578,51.43100312],[9.40419198,51.43103149],[9.40423825,51.43104003],[9.40709737,51.43119624],[9.40897632,51.43118124],[9.40962423,51.43116693],[9.41078786,51.43112479],[9.41128323,51.43110147],[9.41250073,51.43103092],[9.41302929,51.43099412],[9.41351843,51.43095432],[9.41494375,51.43079237],[9.41668966,51.43053659],[9.41914667,51.43002702],[9.42141772,51.42925038],[9.42159074,51.42917785],[9.42347626,51.42823487],[9.42365204,51.42811158],[9.48274415,51.42488853],[9.4802334,51.40697373],[9.42044415,51.41023455],[9.41994063,51.41004821],[9.41943424,51.40990076],[9.41849782,51.4096529],[9.41442979,51.40868061],[9.41357532,51.40849541],[9.41190935,51.40817061],[9.41037106,51.40786488],[9.40759473,51.40749686],[9.40475691,51.407477]]],"type":"Polygon"},"properties":{"legal_ref":"§ 21h, Abs. 3 (2.) LuftVO","generated_name_EN":"KASSEL-CALDEN","lower_limit_unit":"m","type_code_detail":"INT_APT","external_reference":"jzEmCKA","name":["KASSEL-CALDEN"],"generated_name_DE":"KASSEL-CALDEN","lower_limit_altitude":0.0,"lower_limit_alt_ref":"AGL","type_code":"FLUGHAFEN"}},{"type":"Feature","geometry":{"coordinates":[[[13.19257743,51.75398123],[13.19251223,51.75395359],[13.19067571,51.75317962],[13.18817935,51.7523368],[13.18546581,51.75181294],[13.18532621,51.75179509],[13.18368945,51.75164565],[13.17996904,51.75143981],[13.17728182,51.7512867],[13.17599845,51.75124911],[13.17551494,51.75124827],[13.17495997,51.75125392],[13.17251021,51.75130801],[13.16779933,51.75140612],[13.16674328,51.75142075],[13.16644987,51.75142666],[13.1658056,51.75144371],[13.16479413,51.75145149],[13.16437062,51.75145859],[13.1627264,51.75150112],[13.16269207,51.75150203],[13.16122592,51.7515421],[13.15926645,51.75167908],[13.15907841,51.75170035],[13.15678382,51.75208301],[13.15462098,51.7526935],[13.15264815,51.75351537],[13.15255033,51.7535638],[13.15073593,51.75463385],[13.14961623,51.75557154],[13.14556954,51.75641395],[13.14412815,51.75671362],[13.1438813,51.75676648],[13.14215029,51.75714803],[13.14115872,51.75739248],[13.14085831,51.75747461],[13.14050967,51.75757337],[13.13977469,51.75778891],[13.13864845,51.75815762],[13.13852197,51.75820355],[13.13786941,51.75845517],[13.13701323,51.75880518],[13.13681709,51.75888679],[13.13636073,51.75908004],[13.13461654,51.75980245],[13.13387356,51.76010209],[13.07713183,51.76215013],[13.0788026,51.78008536],[13.12889871,51.77827818],[13.13034966,51.78000532],[13.13041281,51.78006334],[13.1319076,51.7812184],[13.13201739,51.78129019],[13.13282087,51.7818154],[13.13285972,51.7818407],[13.13346203,51.78223134],[13.13420551,51.7826099],[13.13486917,51.78306238],[13.13717367,51.78411482],[13.13976694,51.78486558],[13.14254767,51.78528534],[13.14540721,51.7853577],[13.14823384,51.78507984],[13.14961869,51.78485486],[13.15098169,51.78463732],[13.15150852,51.78459274],[13.15178003,51.78456813],[13.15350317,51.78440159],[13.15352133,51.78439982],[13.15432299,51.78432169],[13.15536241,51.78422608],[13.15559455,51.78420353],[13.15722347,51.78403689],[13.15901612,51.78386174],[13.16148135,51.78362072],[13.1614959,51.78361929],[13.1618458,51.78358485],[13.16203617,51.78356446],[13.16664715,51.78310704],[13.16708944,51.78306652],[13.16722015,51.78305417],[13.16884255,51.78289612],[13.17238931,51.78255012],[13.17322312,51.78302444],[13.17551039,51.78390593],[13.17565925,51.78394172],[13.17656195,51.78459087],[13.17885372,51.78569094],[13.18145284,51.78648593],[13.1842552,51.78694401],[13.18714854,51.78704681],[13.18784054,51.78702834],[13.18938299,51.78693568],[13.19166107,51.786722],[13.19302148,51.78659626],[13.19317888,51.78658116],[13.19434399,51.78646531],[13.1972315,51.78598431],[13.19744219,51.78593425],[13.19992195,51.78516918],[13.20212143,51.78412528],[13.20225649,51.78404741],[13.20389496,51.78292908],[13.20520791,51.7816562],[13.20525089,51.78160561],[13.20694153,51.78039574],[13.20827838,51.7789863],[13.20834345,51.77890071],[13.20944835,51.77682189],[13.20959191,51.77637411],[13.20959919,51.77635126],[13.20992861,51.7753096],[13.25807313,51.77351916],[13.25633174,51.75558808],[13.20600272,51.75745884],[13.20590994,51.75742833],[13.20583396,51.75740992],[13.20273356,51.7568957],[13.20058151,51.75684359],[13.20037959,51.75680438],[13.1983601,51.75644713],[13.19828501,51.75641475],[13.19822062,51.75638714],[13.19257743,51.75398123]]],"type":"Polygon"},"properties":{"legal_ref":"§ 21h, Abs. 3 (2.) LuftVO","generated_name_EN":"HOLZDORF","lower_limit_unit":"m","type_code_detail":"MILITARY","external_reference":"l_kJbKA","name":["HOLZDORF"],"generated_name_DE":"HOLZDORF","lower_limit_altitude":0.0,"lower_limit_alt_ref":"AGL","type_code":"FLUGHAFEN"}},{"type":"Feature","geometry":{"coordinates":[[[7.69252243,53.54051465],[7.69099211,53.54022748],[7.68759361,53.53979248],[7.6870922,53.53908058],[7.6853411,53.53756372],[7.68310805,53.53629119],[7.68287402,53.53620416],[7.68112409,53.5353043],[7.67838626,53.53440379],[7.67822155,53.53436223],[7.67531956,53.53382776],[7.67393477,53.53374651],[7.66829522,53.53292075],[7.66814951,53.53289987],[7.66435394,53.5323677],[7.65498714,53.53105384],[7.65204194,53.53081967],[7.64907683,53.53093393],[7.64620678,53.53139219],[7.64354308,53.53217667],[7.64118902,53.53325696],[7.63923592,53.53459116],[7.63879983,53.535045],[7.57900395,53.52733968],[7.57261173,53.54490696],[7.62966845,53.5522603],[7.63026631,53.55328866],[7.63170941,53.55477391],[7.63360033,53.55606875],[7.63587018,53.55712596],[7.63843619,53.55790699],[7.64120479,53.55838336],[7.64208524,53.55848183],[7.6424524,53.55852011],[7.64266046,53.55854022],[7.64476948,53.55878354],[7.64491471,53.55879986],[7.64766122,53.55910009],[7.64772259,53.55910672],[7.64840048,53.55917909],[7.65027783,53.55938993],[7.65031487,53.55939406],[7.65319095,53.55971257],[7.6549062,53.55990319],[7.65670504,53.56010988],[7.65705757,53.56015313],[7.65804685,53.56027748],[7.65821794,53.56030144],[7.65885928,53.56042077],[7.66236363,53.56111938],[7.66250283,53.56114741],[7.66259471,53.56116572],[7.66267788,53.56118211],[7.663244,53.56130448],[7.66338922,53.56133537],[7.66451537,53.56157105],[7.66559261,53.56180404],[7.66594143,53.56187662],[7.66831281,53.56235068],[7.66850468,53.56238818],[7.66905953,53.5624942],[7.66939557,53.56256403],[7.66973285,53.56263417],[7.67514878,53.56375994],[7.67525547,53.56378185],[7.67748768,53.56423464],[7.6815921,53.56508215],[7.68281166,53.5653334],[7.68569422,53.56574392],[7.68865597,53.56581119],[7.69158269,53.56553263],[7.69436154,53.56491897],[7.69688534,53.56399389],[7.6990568,53.56279304],[7.70076886,53.561382],[7.75588269,53.56842102],[7.76220285,53.55084363],[7.70020857,53.54292419],[7.69931972,53.54247225],[7.69850888,53.54220155],[7.69773017,53.54182476],[7.69523095,53.54102336],[7.69368233,53.54073245],[7.69368116,53.54073208],[7.69297301,53.5405992],[7.69252406,53.54051486],[7.69252243,53.54051465]]],"type":"Polygon"},"properties":{"legal_ref":"§ 21h, Abs. 3 (2.) LuftVO","generated_name_EN":"WITTMUNDHAFEN","lower_limit_unit":"m","type_code_detail":"MILITARY","external_reference":"yDZtaKA","name":["WITTMUNDHAFEN"],"generated_name_DE":"WITTMUNDHAFEN","lower_limit_altitude":0.0,"lower_limit_alt_ref":"AGL","type_code":"FLUGHAFEN"}},{"type":"Feature","geometry":{"coordinates":[[[10.02713324,52.57810836],[10.02471577,52.57874462],[10.02270766,52.57822545],[10.0199759,52.57786768],[10.01718242,52.57782997],[10.01707023,52.57783494],[10.01433194,52.57811588],[10.01172848,52.5787043],[10.00997741,52.57934909],[10.00935527,52.57931739],[10.00853181,52.57937653],[10.00846191,52.57936962],[10.00844427,52.57936788],[10.00753089,52.5792783],[10.00664798,52.57919169],[10.00376509,52.57908326],[10.00090273,52.57931893],[9.99876129,52.57976627],[9.93857613,52.57375547],[9.93378798,52.59149657],[9.99401113,52.59751109],[9.99578155,52.59834032],[9.99837644,52.59912168],[10.00117193,52.59957962],[10.00220519,52.59968412],[10.00325689,52.60052463],[10.00554907,52.6017338],[10.00557294,52.60174398],[10.0060612,52.60196878],[10.00850205,52.60288053],[10.01118615,52.6034882],[10.01401247,52.60376892],[10.01581907,52.60373308],[10.01592044,52.60382219],[10.01628,52.60413821],[10.01654946,52.60437506],[10.0169006,52.60538977],[10.01797589,52.60695338],[10.01951429,52.60836627],[10.02146115,52.60957821],[10.02164125,52.60967095],[10.02220512,52.60994718],[10.02225909,52.60997231],[10.02527439,52.61105812],[10.02540069,52.61109201],[10.02575508,52.61117606],[10.02731408,52.61166317],[10.02765857,52.61174932],[10.02783693,52.6117763],[10.02827474,52.61191581],[10.03113829,52.6124173],[10.03410896,52.6125586],[10.03499461,52.61249132],[10.03519436,52.61249531],[10.0354546,52.61249414],[10.03586721,52.61249229],[10.03857762,52.61232715],[10.03998417,52.61216058],[10.04074345,52.61209282],[10.04160564,52.61199989],[10.04268817,52.61186295],[10.04415868,52.61162826],[10.04463501,52.61153604],[10.04600599,52.61122429],[10.04645438,52.6111066],[10.04766696,52.61074751],[10.0485006,52.61047129],[10.04849284,52.61046261],[10.05068524,52.6097305],[10.05073955,52.60970694],[10.05087016,52.60965202],[10.05096858,52.60961159],[10.05216771,52.60906312],[10.05245822,52.60891561],[10.05378233,52.6081542],[10.05404669,52.6079822],[10.0549478,52.60733755],[10.05522173,52.60712176],[10.05669796,52.60570201],[10.0568936,52.60546795],[10.05743323,52.60474502],[10.05757941,52.60452372],[10.05791299,52.60385768],[10.10575501,52.60858544],[10.11047537,52.59083783],[10.05229179,52.58508534],[10.0492259,52.58364118],[10.04918653,52.5836227],[10.04141333,52.57998582],[10.04131936,52.57993543],[10.03885491,52.57886563],[10.03608414,52.5781245],[10.03312353,52.5777432],[10.0300975,52.57773774],[10.02713324,52.57810836]]],"type":"Polygon"},"properties":{"legal_ref":"§ 21h, Abs. 3 (2.) LuftVO","generated_name_EN":"CELLE","lower_limit_unit":"m","type_code_detail":"MILITARY","external_reference":"rfg0TKA","name":["CELLE"],"generated_name_DE":"CELLE","lower_limit_altitude":0.0,"lower_limit_alt_ref":"AGL","type_code":"FLUGHAFEN"}},{"type":"Feature","geometry":{"coordinates":[[[11.566047,48.70539704],[11.56572924,48.70531519],[11.56568131,48.70530291],[11.56399763,48.70487401],[11.56267656,48.70458788],[11.56218441,48.70449946],[11.5620961,48.70448198],[11.56207795,48.70447795],[11.56200446,48.70445933],[11.56115558,48.70424887],[11.5611408,48.70424512],[11.5605811,48.70402851],[11.56016395,48.70388658],[11.55917194,48.70358181],[11.55735654,48.7030818],[11.55568799,48.70274721],[11.55210825,48.70182923],[11.54946776,48.70109623],[11.54935449,48.70106518],[11.54682575,48.70038082],[11.54654056,48.70030611],[11.54597995,48.70016407],[11.54308866,48.69943159],[11.5408972,48.69884511],[11.537969,48.69805909],[11.53659847,48.69769061],[11.5360536,48.69754412],[11.53598846,48.69752674],[11.53300082,48.69673537],[11.53182921,48.69642564],[11.53170026,48.69639159],[11.53069089,48.69612474],[11.52958444,48.69583188],[11.52720785,48.69520064],[11.52713986,48.69518272],[11.52434588,48.69445208],[11.52337174,48.69419732],[11.52027539,48.69336352],[11.5200824,48.69331269],[11.51764777,48.69268554],[11.51738532,48.69261487],[11.51720444,48.69256612],[11.51451237,48.69204733],[11.51171679,48.69190546],[11.50893676,48.69214656],[11.50859518,48.69222579],[11.46094863,48.67960946],[11.45085276,48.69630611],[11.4541571,48.69718122],[11.4473981,48.70835203],[11.4978588,48.72171534],[11.4979885,48.72181134],[11.49840721,48.72248187],[11.49993532,48.72393322],[11.5000203,48.72403471],[11.50004426,48.72405748],[11.50249557,48.72582601],[11.50259764,48.72588229],[11.50448921,48.7267566],[11.50657712,48.72740658],[11.50741392,48.72761168],[11.5076569,48.7276695],[11.5085215,48.72786913],[11.50879482,48.7279301],[11.50976018,48.72813789],[11.50981193,48.72814895],[11.51109267,48.72842086],[11.51269763,48.72876634],[11.51330699,48.7289189],[11.51372435,48.72909905],[11.51538006,48.72988936],[11.51621502,48.73025767],[11.51625279,48.73027303],[11.51866043,48.73104734],[11.52125083,48.73149443],[11.52392347,48.73159693],[11.52404292,48.73159371],[11.52572443,48.73139264],[11.52629865,48.73147329],[11.526452,48.73149083],[11.5274646,48.73158085],[11.52771085,48.73159653],[11.52878613,48.73163666],[11.52882291,48.73163707],[11.52987882,48.73162159],[11.52993053,48.7316195],[11.53092088,48.73155534],[11.5309552,48.73155227],[11.53153559,48.73148596],[11.53236256,48.7317059],[11.53238475,48.73171179],[11.53414773,48.73217827],[11.53420878,48.73220379],[11.53564714,48.73272741],[11.53568783,48.73274018],[11.53688635,48.73307059],[11.53692278,48.73307931],[11.53795963,48.73329387],[11.53801163,48.73330635],[11.538148,48.73333504],[11.53935053,48.73354838],[11.53940775,48.7335567],[11.53965153,48.73363056],[11.54171651,48.73417837],[11.54177376,48.73419346],[11.54360277,48.73467228],[11.54471084,48.73496494],[11.54600077,48.73525693],[11.54609796,48.73527539],[11.54711838,48.73544119],[11.54714673,48.73544503],[11.54912149,48.73561434],[11.54921019,48.7356176],[11.55037259,48.73559107],[11.60413101,48.74976263],[11.61086652,48.73857254],[11.61360819,48.73929487],[11.62365763,48.72258488],[11.57271162,48.70916172],[11.572279,48.70864778],[11.57054078,48.70729796],[11.56843616,48.70620015],[11.566047,48.70539704]]],"type":"Polygon"},"properties":{"legal_ref":"§ 21h, Abs. 3 (2.) LuftVO","generated_name_EN":"Verkehrslandeplatz Ingolstadt-Manching (militärisch)","lower_limit_unit":"m","type_code_detail":"INT_APT","external_reference":"cGTyjKA","name":["Verkehrslandeplatz Ingolstadt-Manching (militärisch)"],"generated_name_DE":"Verkehrslandeplatz Ingolstadt-Manching (militärisch)","lower_limit_altitude":0.0,"lower_limit_alt_ref":"AGL","type_code":"FLUGHAFEN"}},{"type":"Feature","geometry":{"coordinates":[[[11.23163891,48.69777015],[11.22636044,48.6977056],[11.22350907,48.69767214],[11.2204356,48.69763073],[11.21761555,48.69739583],[11.21563887,48.69732735],[11.21539756,48.69733064],[11.21440249,48.69736842],[11.21336314,48.69743327],[11.21109274,48.69754842],[11.20834966,48.69787738],[11.20576571,48.69856999],[11.20344963,48.69959711],[11.20245795,48.70026736],[11.20023915,48.7004004],[11.20010434,48.70040893],[11.19993066,48.7004205],[11.19990523,48.70042221],[11.19986274,48.70042509],[11.19633302,48.70062238],[11.19094092,48.70092356],[11.19059452,48.70094586],[11.18878976,48.70107749],[11.18639487,48.70139845],[11.18412551,48.70199811],[11.18364885,48.70215832],[11.12701097,48.70245068],[11.12721296,48.7204369],[11.17907559,48.72017001],[11.17913257,48.72023894],[11.18080913,48.72157281],[11.18284166,48.72266883],[11.18515451,48.72348619],[11.18766159,48.72399446],[11.19026954,48.72417472],[11.19039946,48.72417537],[11.19072158,48.72417443],[11.19531776,48.72412497],[11.19794058,48.72392704],[11.20045606,48.72339737],[11.20247636,48.72266249],[11.20253922,48.72267576],[11.20442201,48.72297744],[11.20460855,48.72299815],[11.20485583,48.72302406],[11.20497724,48.72303602],[11.20719687,48.72313295],[11.20736302,48.72313118],[11.20844072,48.72309138],[11.20860217,48.72308115],[11.20973619,48.72297724],[11.21051498,48.72288361],[11.21206836,48.72270294],[11.21423242,48.72245694],[11.21452831,48.72244576],[11.2153544,48.7224166],[11.21665709,48.72237537],[11.21862638,48.72301946],[11.22107973,48.72347123],[11.22361741,48.72361223],[11.22467558,48.72353924],[11.22481299,48.72359419],[11.227321,48.72419442],[11.22995791,48.72445902],[11.23262215,48.72437779],[11.2352111,48.72395387],[11.23762502,48.72320358],[11.23833099,48.7229252],[11.23836058,48.72291482],[11.2386896,48.7228123],[11.23866139,48.72277266],[11.23980226,48.72243279],[11.24113146,48.72178799],[11.24187171,48.72151675],[11.24378365,48.7204766],[11.24464652,48.71979914],[11.29661141,48.7194787],[11.29634904,48.70149371],[11.24439155,48.70181381],[11.24326617,48.70081888],[11.24156572,48.69975776],[11.23961578,48.69890521],[11.23954241,48.69887883],[11.23682353,48.69814054],[11.23392847,48.69780649],[11.23378823,48.69780052],[11.23309372,48.69778274],[11.23163891,48.69777015]]],"type":"Polygon"},"properties":{"legal_ref":"§ 21h, Abs. 3 (2.) LuftVO","generated_name_EN":"NEUBURG","lower_limit_unit":"m","type_code_detail":"MILITARY","external_reference":"cFQyKKA","name":["NEUBURG"],"generated_name_DE":"NEUBURG","lower_limit_altitude":0.0,"lower_limit_alt_ref":"AGL","type_code":"FLUGHAFEN"}},{"type":"Feature","geometry":{"coordinates":[[[10.88857864,48.19066015],[10.88840381,48.18956911],[10.8882311,48.18839427],[10.88822494,48.18835334],[10.88806033,48.18728383],[10.8880565,48.18725928],[10.88798588,48.18681248],[10.88790772,48.18610708],[10.88733963,48.18410473],[10.88611211,48.18223929],[10.88428823,48.18060652],[10.88098675,48.17826052],[10.87895576,48.17707989],[10.87844972,48.1768883],[10.87838467,48.17676632],[10.87830752,48.17652563],[10.87804273,48.17566227],[10.87802167,48.17559492],[10.87784021,48.17502538],[10.8777095,48.17465396],[10.87764617,48.17448971],[10.87754381,48.17423924],[10.87694281,48.17284781],[10.87633491,48.17172564],[10.87616028,48.17145983],[10.87464548,48.16971596],[10.87258799,48.16824166],[10.87213433,48.16798218],[10.87193551,48.16787066],[10.87088049,48.16729039],[10.87040738,48.16703016],[10.86989487,48.1667417],[10.86985759,48.16672079],[10.8691462,48.16632331],[10.86886037,48.166168],[10.86822751,48.16583364],[10.86819945,48.16581885],[10.86686623,48.16511828],[10.86645377,48.16490998],[10.86634945,48.16485937],[10.86422047,48.16401479],[10.86371569,48.16389118],[10.86248022,48.16323791],[10.86007198,48.16242388],[10.85746934,48.16194789],[10.85702896,48.16192846],[10.8324757,48.13227279],[10.80896278,48.14098671],[10.83471248,48.17210332],[10.83448412,48.17293159],[10.83451737,48.17468332],[10.83505767,48.17639752],[10.8351371,48.17652218],[10.83514237,48.17659174],[10.83515815,48.17667502],[10.83544363,48.1777006],[10.83554021,48.17796219],[10.83557624,48.17805753],[10.83660276,48.18071258],[10.8366346,48.18079337],[10.83703543,48.18179168],[10.83720784,48.18221998],[10.8370117,48.18262791],[10.83670784,48.18436313],[10.83691132,48.18610489],[10.83719932,48.18679403],[10.8369313,48.18710193],[10.83608599,48.18871748],[10.83571359,48.19041086],[10.83582764,48.19212074],[10.83642406,48.19378522],[10.83724987,48.19539485],[10.83739492,48.19566357],[10.83841828,48.1974691],[10.83845115,48.19752649],[10.83911635,48.19867628],[10.83945853,48.19921493],[10.83957771,48.19938676],[10.8397689,48.19967028],[10.83985598,48.19979678],[10.83995478,48.19993744],[10.84007843,48.2001134],[10.84034018,48.20046565],[10.84045082,48.20060672],[10.84091978,48.20120456],[10.84103717,48.20135091],[10.84121445,48.2015671],[10.8412731,48.20163787],[10.84145429,48.20185419],[10.84184621,48.20229243],[10.84198985,48.20244316],[10.84250349,48.20294399],[10.8426729,48.20309778],[10.84338141,48.20368731],[10.84352744,48.20379887],[10.84471029,48.20459604],[10.84482858,48.20466638],[10.84566182,48.20512323],[10.8457978,48.20519189],[10.84586348,48.20522504],[10.84655281,48.20555074],[10.84694929,48.20572586],[10.84725566,48.20585724],[10.8478655,48.20611103],[10.85043087,48.20694094],[10.85320024,48.20739101],[10.85604931,48.20744106],[10.85692931,48.20733041],[10.85715478,48.20764429],[10.85875402,48.20906357],[10.85972802,48.20964313],[10.86049012,48.21020568],[10.86258484,48.21124919],[10.86494182,48.21200247],[10.8674722,48.21243712],[10.86816644,48.21246364],[10.89139029,48.24043792],[10.91493377,48.23170685],[10.88981175,48.20146097],[10.88981275,48.20146],[10.89086729,48.19980061],[10.89140557,48.19803396],[10.89140602,48.19623102],[10.89086866,48.19446424],[10.88981514,48.1928046],[10.88867386,48.19141359],[10.8886121,48.19089896],[10.88857864,48.19066015]]],"type":"Polygon"},"properties":{"legal_ref":"§ 21h, Abs. 3 (2.) LuftVO","generated_name_EN":"LECHFELD","lower_limit_unit":"m","type_code_detail":"MILITARY","external_reference":"UrhsJKA","name":["LECHFELD"],"generated_name_DE":"LECHFELD","lower_limit_altitude":0.0,"lower_limit_alt_ref":"AGL","type_code":"FLUGHAFEN"}},{"type":"Feature","geometry":{"coordinates":[[[11.31210014,48.08221876],[11.31210152,48.08221359],[11.3122026,48.08133625],[11.31202784,48.0790422],[11.31197988,48.07886462],[11.31190617,48.07807486],[11.31126048,48.07640899],[11.31015314,48.07485604],[11.30862473,48.07347288],[11.30682568,48.07213432],[11.30640656,48.07181575],[11.30635253,48.07177493],[11.30600215,48.07151185],[11.30571619,48.07128469],[11.30561759,48.07120726],[11.30488577,48.07063911],[11.30477951,48.07055762],[11.30429715,48.0701921],[11.30341309,48.0695828],[11.3032638,48.06948919],[11.30087855,48.06829641],[11.30079709,48.06826443],[11.29958394,48.0678422],[11.29952735,48.0678249],[11.29823163,48.06748197],[11.29816338,48.0674666],[11.29702219,48.06724673],[11.29699131,48.06724176],[11.29601606,48.06711023],[11.29595365,48.06710341],[11.29503926,48.06702506],[11.2949275,48.06701809],[11.29411684,48.06698407],[11.29401349,48.06698183],[11.29330781,48.066979],[11.29146932,48.06700403],[11.28984561,48.06702222],[11.28825046,48.06703979],[11.2861303,48.06706265],[11.28491176,48.06707396],[11.28483164,48.06707487],[11.28414703,48.06708396],[11.28325817,48.06709249],[11.28305075,48.06709838],[11.28183669,48.06636313],[11.27961235,48.06550734],[11.23792218,48.03492943],[11.21811711,48.04706098],[11.25916945,48.07717953],[11.25977804,48.07817101],[11.2600515,48.07845095],[11.26036413,48.07896618],[11.26051015,48.07917467],[11.2614984,48.08034816],[11.26273724,48.08140953],[11.2635984,48.08204309],[11.26365053,48.08208122],[11.26386549,48.08223755],[11.26385736,48.08229648],[11.2641706,48.08413344],[11.26503787,48.08588867],[11.26642256,48.08748796],[11.26826619,48.08886371],[11.26907588,48.08935526],[11.26957517,48.08966226],[11.26964756,48.08975694],[11.27004021,48.09064246],[11.27007538,48.09070887],[11.27024961,48.0910173],[11.27046114,48.09155029],[11.27067981,48.09195128],[11.2714072,48.09297894],[11.27232236,48.09445454],[11.2737903,48.09592167],[11.27565803,48.0971683],[11.27785352,48.09814634],[11.28029208,48.09881805],[11.28287963,48.09915752],[11.28388807,48.09915528],[11.28522808,48.09974528],[11.28716657,48.10025448],[11.28796393,48.10062311],[11.28803549,48.10065245],[11.28864023,48.10088621],[11.28870338,48.10090917],[11.28970802,48.10123898],[11.28976583,48.101256],[11.29050212,48.10145552],[11.29058021,48.1014749],[11.2914307,48.1016646],[11.29149933,48.10167822],[11.29258088,48.10186051],[11.29264729,48.10186976],[11.29291969,48.10190277],[11.32899372,48.12829037],[11.34880251,48.11613978],[11.3135301,48.09034588],[11.31373934,48.08989693],[11.31403932,48.08835777],[11.31404066,48.08833709],[11.31404139,48.0883257],[11.31408449,48.08764144],[11.31410401,48.08733133],[11.31394851,48.08553621],[11.31326318,48.08379769],[11.31210014,48.08221876]]],"type":"Polygon"},"properties":{"legal_ref":"§ 21h, Abs. 3 (2.) LuftVO","generated_name_EN":"Sonderflughafen Oberpfaffenhofen","lower_limit_unit":"m","type_code_detail":"INT_APT","external_reference":"UtSAMKA","name":["Sonderflughafen Oberpfaffenhofen"],"generated_name_DE":"Sonderflughafen Oberpfaffenhofen","lower_limit_altitude":0.0,"lower_limit_alt_ref":"AGL","type_code":"FLUGHAFEN"}},{"type":"Feature","geometry":{"coordinates":[[[11.95413699,49.70309175],[11.95613185,49.70135917],[11.95640691,49.70111161],[11.95679008,49.70075409],[11.95686095,49.70068733],[11.95710102,49.70045896],[11.95834973,49.6989946],[11.9591583,49.69740549],[11.959161,49.69739237],[11.95973007,49.69665885],[11.95978665,49.69656705],[11.95980076,49.69653771],[11.99646302,49.66422924],[11.97415967,49.65357029],[11.93897068,49.68456863],[11.93894618,49.68457481],[11.93866722,49.68464995],[11.93764978,49.68495585],[11.93743752,49.68502658],[11.93707543,49.68514657],[11.93682829,49.68523051],[11.93607706,49.68549195],[11.93577038,49.68560194],[11.93480865,49.68595722],[11.93360575,49.68645652],[11.93308265,49.68669916],[11.93270368,49.68688135],[11.93231662,49.68707413],[11.93154219,49.68748965],[11.93145755,49.68753852],[11.93115303,49.6877197],[11.93107092,49.68777004],[11.9298925,49.68858838],[11.92982289,49.68864321],[11.92884924,49.68953218],[11.92848585,49.68972797],[11.92851099,49.68974761],[11.92693925,49.69065514],[11.92526445,49.69211106],[11.92407496,49.69375567],[11.92362075,49.6949794],[11.9223791,49.69618711],[11.9209567,49.69797704],[11.92018417,49.69992744],[11.92013358,49.70114224],[11.8837911,49.73307807],[11.90611261,49.74375401],[11.94315305,49.71119083],[11.94427107,49.71079832],[11.9461832,49.70981021],[11.94779781,49.70861959],[11.94834327,49.7081375],[11.94928941,49.70731725],[11.94930636,49.70730252],[11.95274803,49.70430573],[11.95276259,49.70429303],[11.95413699,49.70309175]]],"type":"Polygon"},"properties":{"legal_ref":"§ 21h, Abs. 3 (2.) LuftVO","generated_name_EN":"GRAFENWOEHR AAF","lower_limit_unit":"m","type_code_detail":"MILITARY","external_reference":"doTbcKA","name":["GRAFENWOEHR AAF"],"generated_name_DE":"GRAFENWOEHR AAF","lower_limit_altitude":0.0,"lower_limit_alt_ref":"AGL","type_code":"FLUGHAFEN"}},{"type":"Feature","geometry":{"coordinates":[[[8.10692906,48.78088587],[8.10688492,48.78083937],[8.10622053,48.7801392],[8.10537687,48.77940551],[8.10472374,48.77852854],[8.10451637,48.77830724],[8.10443221,48.77823407],[8.10428639,48.778026],[8.10406303,48.77778158],[8.10289083,48.77672334],[8.10200871,48.77552548],[8.10141752,48.77488209],[8.10137285,48.77483285],[8.10028512,48.77387229],[8.09916681,48.77238297],[8.09900663,48.77221291],[8.09831826,48.77162085],[8.09796877,48.77109621],[8.09778961,48.77089032],[8.09716985,48.77024342],[8.09684589,48.76993513],[8.0953017,48.76872648],[8.09486217,48.76761091],[8.09466952,48.76727253],[8.09461725,48.76716338],[8.09447677,48.76683658],[8.0943638,48.76658749],[8.0942479,48.76634477],[8.09319803,48.76472148],[8.09283005,48.76436634],[8.09273845,48.7640906],[8.09171503,48.76251944],[8.09026029,48.76110476],[8.0900746,48.76098251],[8.0889125,48.75997322],[8.0868384,48.75877656],[8.08665551,48.75869094],[8.08456825,48.75788734],[8.08430075,48.75782287],[8.0837162,48.75737874],[8.08216231,48.7565052],[8.0819501,48.75640298],[8.08011308,48.75565771],[8.07983517,48.75556413],[8.07932313,48.75540052],[8.07911376,48.75533715],[8.07562133,48.7546361],[8.0754594,48.7546188],[8.07326003,48.75453806],[8.04756773,48.727085],[8.02443825,48.736549],[8.05202149,48.76603572],[8.05200457,48.76721698],[8.05203349,48.76732628],[8.05198657,48.76757544],[8.05221443,48.76941497],[8.05224044,48.76947318],[8.05230776,48.77018024],[8.05298373,48.77187413],[8.05414364,48.77344929],[8.05496218,48.77433071],[8.05656401,48.77572872],[8.05787757,48.77650154],[8.05918399,48.77791366],[8.05952446,48.77835805],[8.06105225,48.77992466],[8.06147357,48.78020607],[8.06191231,48.7812056],[8.06292776,48.7824782],[8.0629021,48.78248793],[8.06415838,48.78393401],[8.06419083,48.7839217],[8.06556456,48.78530393],[8.06771977,48.7866819],[8.06800542,48.78682794],[8.06857034,48.78718983],[8.06967446,48.78860368],[8.07229794,48.79109013],[8.07239483,48.79118076],[8.07272765,48.79148802],[8.07275132,48.79150911],[8.07302018,48.79177931],[8.07302197,48.79178112],[8.07326503,48.79202538],[8.0736356,48.79237906],[8.07407069,48.79277381],[8.0741282,48.79282598],[8.07420433,48.79295732],[8.07423369,48.79300798],[8.07538779,48.79454263],[8.07569712,48.79487112],[8.07594763,48.79514324],[8.07599658,48.7951964],[8.0766533,48.79584449],[8.07692887,48.79609246],[8.07779986,48.7967983],[8.0785355,48.79733636],[8.0785489,48.79734614],[8.07900284,48.79767718],[8.07951811,48.79805293],[8.07983831,48.79828643],[8.0801454,48.79853115],[8.08024591,48.79861124],[8.0809831,48.79922095],[8.08126461,48.79944617],[8.08145534,48.79959382],[8.08338949,48.80082204],[8.08541105,48.80167476],[8.11350045,48.83161027],[8.13665737,48.82212871],[8.10997701,48.79370987],[8.11026053,48.79303811],[8.11048293,48.79141092],[8.11025621,48.78978399],[8.10958791,48.78821099],[8.10877211,48.7871107],[8.10900249,48.78596047],[8.10882513,48.78418919],[8.10812487,48.78247541],[8.10692906,48.78088587]]],"type":"Polygon"},"properties":{"legal_ref":"§ 21h, Abs. 3 (2.) LuftVO","generated_name_EN":"Karlsruhe / Baden-Baden Flughafen","lower_limit_unit":"m","type_code_detail":"INT_APT","external_reference":"aFiYZKA","name":["Karlsruhe / Baden-Baden Flughafen"],"generated_name_DE":"Karlsruhe / Baden-Baden Flughafen","lower_limit_altitude":0.0,"lower_limit_alt_ref":"AGL","type_code":"FLUGHAFEN"}},{"type":"Feature","geometry":{"coordinates":[[[7.85149528,48.37465501],[7.85147006,48.37463615],[7.85121263,48.37444423],[7.85024426,48.37326338],[7.84961288,48.37247319],[7.84955228,48.3723982],[7.84831385,48.37088295],[7.84775336,48.37019715],[7.84759256,48.3700004],[7.8465758,48.36864202],[7.84641249,48.36843087],[7.84486732,48.36649605],[7.84402601,48.36537845],[7.84350728,48.36475269],[7.84303168,48.36422924],[7.84294725,48.36411537],[7.84283513,48.3639676],[7.84272067,48.36382013],[7.84159921,48.36237486],[7.84140177,48.36204989],[7.84065467,48.36109457],[7.84057147,48.36098986],[7.84020464,48.36053549],[7.84046555,48.35993486],[7.84069133,48.35817787],[7.84039847,48.35642529],[7.83959828,48.35474445],[7.83905421,48.35389953],[7.83825396,48.35265199],[7.83756224,48.35156987],[7.83733005,48.35120083],[7.83608543,48.34966187],[7.8344178,48.34831241],[7.83239016,48.34720343],[7.83007909,48.34637679],[7.82757186,48.34586369],[7.82496312,48.34568351],[7.82406334,48.34573848],[7.79823284,48.31372138],[7.7744734,48.32224013],[7.80048906,48.35450525],[7.80026117,48.35527847],[7.80026622,48.35703777],[7.80078497,48.35876277],[7.80179763,48.36038748],[7.80335733,48.36232843],[7.80316967,48.3629393],[7.80315651,48.36470839],[7.80366319,48.36644498],[7.80467017,48.3680819],[7.80540704,48.36900794],[7.80543563,48.36904368],[7.80547889,48.36909745],[7.80552966,48.36925018],[7.80661038,48.37087887],[7.80815153,48.37233379],[7.80873942,48.37270453],[7.80891129,48.37319498],[7.8092215,48.37376711],[7.80985362,48.37474686],[7.81055139,48.37567282],[7.81166585,48.37689755],[7.81173682,48.37696313],[7.81339794,48.37822922],[7.81538382,48.37926721],[7.81662346,48.3796951],[7.81680807,48.37992718],[7.81926118,48.38301069],[7.81935457,48.38313908],[7.81966386,48.38365631],[7.82111168,48.38514066],[7.8216087,48.38555449],[7.82285079,48.3864269],[7.8228797,48.38646179],[7.82320144,48.38684778],[7.82368288,48.38744668],[7.82370481,48.38747384],[7.8246924,48.38869227],[7.82477409,48.38879312],[7.8262438,48.39024774],[7.82810934,48.39148483],[7.83029982,48.39245736],[7.83137845,48.39275495],[7.85727606,48.42477337],[7.88107003,48.41623793],[7.8560041,48.38526644],[7.85637588,48.38464298],[7.85685411,48.3828955],[7.85680753,48.38111949],[7.85623802,48.3793842],[7.85516782,48.37775728],[7.8536387,48.37630214],[7.85216438,48.37515858],[7.85201455,48.37504432],[7.85149528,48.37465501]]],"type":"Polygon"},"properties":{"legal_ref":"§ 21h, Abs. 3 (2.) LuftVO","generated_name_EN":"Lahr","lower_limit_unit":"m","type_code_detail":"INT_APT","external_reference":"S0gNiKA","name":["Lahr"],"generated_name_DE":"Lahr","lower_limit_altitude":0.0,"lower_limit_alt_ref":"AGL","type_code":"FLUGHAFEN"}},{"type":"Feature","geometry":{"coordinates":[[[10.40533666,49.46811287],[10.40528445,49.46808069],[10.40488672,49.4678368],[10.40404013,49.46710459],[10.40205284,49.4659425],[10.40196836,49.46590198],[10.40148562,49.46568067],[10.40096775,49.46545388],[10.40047038,49.46523276],[10.40015584,49.46508545],[10.39980205,49.46493453],[10.39923245,49.46453128],[10.39900704,49.46441127],[10.39875717,49.4642331],[10.39795605,49.46365759],[10.39745829,49.46329464],[10.39736108,49.4632245],[10.3969529,49.46293308],[10.39644965,49.46256733],[10.39637563,49.46251396],[10.39542069,49.46183097],[10.39537223,49.46179649],[10.39498596,49.46152308],[10.3946115,49.46125201],[10.39447076,49.46115306],[10.39437339,49.46108051],[10.39422449,49.46097138],[10.39418632,49.46094385],[10.39366542,49.46051868],[10.39326702,49.4602169],[10.39134988,49.45901988],[10.38911662,49.45808431],[10.38664989,49.45744479],[10.38404097,49.45712501],[10.38138641,49.45713679],[10.37878441,49.45747969],[10.37810155,49.45766378],[10.37788377,49.45769901],[10.37782764,49.45771116],[10.37678118,49.45796877],[10.37672105,49.45798542],[10.37571884,49.45829442],[10.37566265,49.45831358],[10.37524069,49.4584744],[10.37330265,49.45881402],[10.37251662,49.45907305],[10.32658434,49.44454256],[10.31452944,49.46072273],[10.36302665,49.47606481],[10.36317701,49.47665407],[10.3632046,49.47676224],[10.36362009,49.4779153],[10.36371441,49.47811644],[10.36395222,49.47857845],[10.36406062,49.4787715],[10.36447458,49.47942741],[10.36470147,49.4797501],[10.36510463,49.48027718],[10.3653867,49.48061756],[10.36585069,49.48113538],[10.36604374,49.4813352],[10.36610498,49.48139802],[10.36630937,49.48160575],[10.36689989,49.48215912],[10.36711184,49.48234266],[10.36751438,49.48267468],[10.3676396,49.48277311],[10.3680055,49.48304914],[10.36826915,49.48324007],[10.37027269,49.4844313],[10.37259516,49.48534424],[10.37514687,49.48594365],[10.37529239,49.4859579],[10.37688119,49.48639806],[10.37705062,49.48642002],[10.37948109,49.48694138],[10.3821613,49.48715571],[10.38485428,49.48702599],[10.38745693,49.48655717],[10.38986965,49.48576722],[10.39040174,49.4855481],[10.39300783,49.48628339],[10.39579891,49.48665563],[10.39655297,49.48665325],[10.4490437,49.50320225],[10.4610641,49.48700849],[10.40888659,49.47055938],[10.40836982,49.47013614],[10.40829997,49.4700832],[10.40766594,49.4696345],[10.40694627,49.46915861],[10.40641341,49.46880364],[10.4063287,49.4687477],[10.40588717,49.46845865],[10.40561564,49.46828572],[10.40533666,49.46811287]]],"type":"Polygon"},"properties":{"legal_ref":"§ 21h, Abs. 3 (2.) LuftVO","generated_name_EN":"ILLESHEIM AAF","lower_limit_unit":"m","type_code_detail":"MILITARY","external_reference":"cgM1aKA","name":["ILLESHEIM AAF"],"generated_name_DE":"ILLESHEIM AAF","lower_limit_altitude":0.0,"lower_limit_alt_ref":"AGL","type_code":"FLUGHAFEN"}},{"type":"Feature","geometry":{"coordinates":[[[7.64439148,51.51673707],[7.64435187,51.51671208],[7.64369526,51.51634169],[7.64333901,51.51549666],[7.64208662,51.5139003],[7.64035549,51.51248883],[7.6382133,51.51131739],[7.63574375,51.51043174],[7.63304332,51.50986648],[7.63292383,51.50984944],[7.63289914,51.50984593],[7.63090231,51.50956346],[7.63061616,51.50952295],[7.63001248,51.50943773],[7.62926339,51.50933136],[7.62852333,51.50922621],[7.62819416,51.50917946],[7.62816625,51.50917551],[7.62778796,51.50912228],[7.62737599,51.50906385],[7.62724518,51.50904499],[7.62663032,51.50895515],[7.62646803,51.50893206],[7.62564649,51.50881825],[7.62498639,51.50872221],[7.62496418,51.50871136],[7.62438613,51.50842102],[7.62422792,51.5083415],[7.62419234,51.50832368],[7.62411949,51.50828729],[7.62401679,51.50823649],[7.62378001,51.50812043],[7.62349022,51.50798206],[7.62311946,51.50780962],[7.62193265,51.50725786],[7.62176889,51.50718141],[7.62060061,51.50663592],[7.61908354,51.50591918],[7.61749405,51.50516819],[7.61599517,51.50445997],[7.61565535,51.50430423],[7.61502577,51.50402443],[7.6147616,51.50390979],[7.61393133,51.50355797],[7.61383322,51.50351676],[7.61309143,51.50320794],[7.61279162,51.50308645],[7.61244509,51.50294981],[7.61239681,51.50293086],[7.61118253,51.50245623],[7.610418,51.50215739],[7.60978168,51.50190866],[7.60943408,51.50177166],[7.60941726,51.50176504],[7.60768812,51.50108561],[7.60753219,51.5010227],[7.60741255,51.50097495],[7.60618729,51.50049118],[7.60614585,51.50047488],[7.60599313,51.50041503],[7.60558848,51.50025517],[7.60536783,51.50016973],[7.60521557,51.50011195],[7.60469317,51.49992294],[7.60455059,51.49987382],[7.60392312,51.49967001],[7.60378621,51.49962817],[7.60305823,51.49942115],[7.60292527,51.49938609],[7.60207057,51.49918043],[7.6018969,51.49914255],[7.60127931,51.49901753],[7.60100638,51.49896649],[7.60096724,51.49895921],[7.60059347,51.49889003],[7.5989248,51.49858221],[7.5961175,51.49824878],[7.59325999,51.49826775],[7.59046468,51.49863837],[7.58784154,51.49934606],[7.58775451,51.49938376],[7.55025764,51.48616033],[7.5360801,51.50181289],[7.58229822,51.518111],[7.58313289,51.5195975],[7.58453754,51.52109292],[7.58637615,51.52239239],[7.5885804,51.52344757],[7.58905958,51.5235962],[7.58923088,51.52385755],[7.59073881,51.52529489],[7.59265755,51.52652707],[7.59491705,51.52750909],[7.59510595,51.52757544],[7.59767716,51.52828245],[7.60041949,51.52866479],[7.60322865,51.52870791],[7.6033796,51.52869169],[7.60355068,51.52874751],[7.60454566,51.52908876],[7.60460631,51.52910944],[7.60591007,51.52955149],[7.60788087,51.53022317],[7.60800673,51.53026556],[7.60870867,51.53049917],[7.60875409,51.53051475],[7.6087873,51.53052622],[7.6097018,51.53084016],[7.60976259,51.5308609],[7.61138035,51.53140992],[7.61169019,51.53151532],[7.61211026,51.53165808],[7.61214578,51.53167012],[7.61309421,51.5319903],[7.61364341,51.53217713],[7.61473482,51.53255101],[7.61484944,51.53258986],[7.61515145,51.5326911],[7.61560848,51.53284439],[7.61640292,51.53311643],[7.61648976,51.53314593],[7.61693758,51.53329679],[7.61784726,51.53370273],[7.61938439,51.53413253],[7.6207551,51.53459831],[7.62077054,51.53460355],[7.62125233,51.53476678],[7.62390372,51.53546145],[7.62672351,51.53581401],[7.62959941,51.53581042],[7.63179053,51.53553077],[7.67872859,51.55202008],[7.69287344,51.53635019],[7.64805689,51.52060864],[7.64790765,51.52030448],[7.64788002,51.52025423],[7.64743271,51.51954112],[7.64740243,51.51949831],[7.64670941,51.5186447],[7.64667532,51.51860773],[7.64566808,51.51765971],[7.64562973,51.51762814],[7.64439148,51.51673707]]],"type":"Polygon"},"properties":{"legal_ref":"§ 21h, Abs. 3 (2.) LuftVO","generated_name_EN":"VFH Dortmund","lower_limit_unit":"m","type_code_detail":"INT_APT","external_reference":"izQ6cKA","name":["VFH Dortmund"],"generated_name_DE":"VFH Dortmund","lower_limit_altitude":0.0,"lower_limit_alt_ref":"AGL","type_code":"FLUGHAFEN"}},{"type":"Feature","geometry":{"coordinates":[[[11.06026311,49.51226353],[11.06132069,49.51212473],[11.06195818,49.51202404],[11.06240551,49.51197908],[11.0639465,49.51182541],[11.06514703,49.51178145],[11.06752191,49.51153168],[11.06986392,49.5111177],[11.06986512,49.51111783],[11.07264022,49.51104488],[11.07268634,49.51104061],[11.07393568,49.51093815],[11.0742538,49.51090961],[11.07897864,49.51044905],[11.08657871,49.50971635],[11.08660675,49.50971363],[11.090343,49.50934812],[11.09068618,49.50931582],[11.09165607,49.50922464],[11.09183915,49.5092066],[11.09323834,49.50906254],[11.09460198,49.50892217],[11.0971302,49.5086693],[11.09737303,49.50864357],[11.09791102,49.50858334],[11.10147722,49.50822473],[11.10166004,49.50820552],[11.10408,49.50794042],[11.10683374,49.50744345],[11.10937135,49.50658798],[11.11158414,49.50541066],[11.11288806,49.50435724],[11.16614096,49.49909003],[11.16198693,49.48131051],[11.11122271,49.48633185],[11.10835977,49.48522425],[11.10819396,49.4851769],[11.10574452,49.48464887],[11.10318706,49.484427],[11.1006109,49.48451904],[11.09677939,49.48489207],[11.094925,49.48507257],[11.09329971,49.48538872],[11.09234792,49.48548134],[11.08967915,49.48574098],[11.08919122,49.48562001],[11.08647783,49.48532736],[11.08576924,49.48534376],[11.08437167,49.48497262],[11.08155971,49.48463992],[11.0800153,49.48466785],[11.0776795,49.48439208],[11.0750503,49.48441176],[11.07388564,49.48449315],[11.07363533,49.48451215],[11.07273308,49.48458607],[11.07178704,49.48468541],[11.07164693,49.48470339],[11.07148954,49.48472731],[11.07148681,49.48472704],[11.06877079,49.4848088],[11.06826744,49.48485662],[11.06816052,49.48486706],[11.06797302,49.48488585],[11.06762318,49.48492051],[11.06753548,49.48492939],[11.0673975,49.48494365],[11.06652351,49.48503012],[11.06399253,49.48544299],[11.06162597,49.48615874],[11.05950834,49.48715179],[11.05845983,49.48787393],[11.05809025,49.48794769],[11.05770082,49.48801962],[11.05738544,49.48807752],[11.0562617,49.48818984],[11.053859,49.48842622],[11.05277262,49.48852952],[11.05263322,49.48854325],[11.05243605,49.48856334],[11.04961635,49.48905402],[11.04701794,49.48991987],[11.04475696,49.49112221],[11.04293447,49.49260731],[11.04256816,49.49308583],[10.98905447,49.49832083],[10.9931476,49.51610728],[11.04469683,49.51106464],[11.0449637,49.51121674],[11.04732829,49.51210082],[11.04991363,49.51266511],[11.05261887,49.51288759],[11.05533851,49.5127596],[11.05550791,49.51274055],[11.0584121,49.51245723],[11.05856301,49.51244195],[11.06026311,49.51226353]]],"type":"Polygon"},"properties":{"legal_ref":"§ 21h, Abs. 3 (2.) LuftVO","generated_name_EN":"NUERNBERG","lower_limit_unit":"m","type_code_detail":"INT_APT","external_reference":"ckRfaKA","name":["NUERNBERG"],"generated_name_DE":"NUERNBERG","lower_limit_altitude":0.0,"lower_limit_alt_ref":"AGL","type_code":"FLUGHAFEN"}},{"type":"Feature","geometry":{"coordinates":[[[9.92362948,48.20853546],[9.9224856,48.20834859],[9.92210946,48.2082422],[9.91957515,48.20771524],[9.91693543,48.2075309],[9.91429292,48.20769634],[9.91175031,48.20820512],[9.91160828,48.20825556],[9.91136628,48.20816856],[9.90885397,48.20765301],[9.90663753,48.20750087],[9.87809593,48.17894778],[9.85572144,48.18894086],[9.87890544,48.21214403],[9.83137563,48.21371968],[9.8326993,48.23169075],[9.88981763,48.22979786],[9.89000781,48.23034036],[9.89119844,48.23203599],[9.89288886,48.23353014],[9.89500582,48.23475803],[9.89745755,48.23566642],[9.90013776,48.23621591],[9.90149313,48.23629686],[9.90171919,48.23633629],[9.90316311,48.23640042],[9.93459773,48.26778715],[9.95699079,48.25777872],[9.92768068,48.22852734],[9.98905548,48.22644133],[9.98767729,48.20847242],[9.92877393,48.21047495],[9.92790489,48.21021458],[9.92605468,48.20929678],[9.92362948,48.20853546]]],"type":"Polygon"},"properties":{"legal_ref":"§ 21h, Abs. 3 (2.) LuftVO","generated_name_EN":"Laupheim","lower_limit_unit":"m","type_code_detail":"MILITARY","external_reference":"T2ClLKA","name":["Laupheim"],"generated_name_DE":"Laupheim","lower_limit_altitude":0.0,"lower_limit_alt_ref":"AGL","type_code":"FLUGHAFEN"}},{"type":"Feature","geometry":{"coordinates":[[[11.81135254,48.33351792],[11.81105238,48.33349675],[11.81093217,48.33348863],[11.80994513,48.33342496],[11.80975498,48.3334127],[11.80238179,48.33285149],[11.79948214,48.33262915],[11.79921524,48.33261047],[11.79797791,48.33253216],[11.79535531,48.33231319],[11.79528912,48.33230777],[11.79190349,48.33203633],[11.79189471,48.33202808],[11.79008738,48.33086645],[11.78798857,48.32994828],[11.78567097,48.32930534],[11.78321487,48.32895993],[11.78193502,48.32886163],[11.78190629,48.32885942],[11.77904947,48.32884211],[11.77625128,48.32922646],[11.77363724,48.32999523],[11.77261126,48.33049155],[11.77224819,48.33046377],[11.76013551,48.32952022],[11.75741146,48.3292931],[11.75738245,48.3292907],[11.75110631,48.32877639],[11.75107271,48.32877366],[11.75080565,48.32875222],[11.75070615,48.32874448],[11.74019183,48.32795269],[11.73920596,48.32790272],[11.73898724,48.327897],[11.73621648,48.32801526],[11.73597575,48.32804232],[11.73326764,48.32854489],[11.73322159,48.32855701],[11.73071936,48.32942704],[11.72970862,48.32987387],[11.72956222,48.32995813],[11.68586558,48.32656452],[11.68273715,48.34442772],[11.72812363,48.34795193],[11.72853023,48.34817815],[11.72888088,48.34918973],[11.72924926,48.35025237],[11.72942308,48.35076881],[11.70236725,48.34867041],[11.69924326,48.36653389],[11.74223005,48.36986452],[11.74353442,48.37077868],[11.74373155,48.37089809],[11.74597139,48.37199673],[11.74601342,48.37201319],[11.7484565,48.37276273],[11.74866817,48.3728113],[11.7512322,48.37321829],[11.7512554,48.37322041],[11.75157838,48.37324723],[11.75430394,48.37345133],[11.75592234,48.37357276],[11.76444587,48.37424216],[11.76779841,48.37453436],[11.76999613,48.37472583],[11.7701814,48.3747411],[11.77312045,48.37496958],[11.77491732,48.37510922],[11.77604383,48.3751968],[11.78472228,48.37587082],[11.78487889,48.37588236],[11.78685505,48.37602018],[11.79194207,48.37642912],[11.7924601,48.37647117],[11.79253994,48.3764775],[11.79451185,48.37662963],[11.79993158,48.37704738],[11.8155664,48.37827171],[11.81938049,48.37860458],[11.81992294,48.37865191],[11.82003415,48.37866131],[11.82124117,48.37875983],[11.82178867,48.37880454],[11.82193528,48.37881597],[11.8239886,48.37896843],[11.82584568,48.37911289],[11.82587465,48.37911512],[11.82843618,48.37931059],[11.82845558,48.37931206],[11.82913154,48.37936297],[11.83037469,48.3794578],[11.83048971,48.37946624],[11.83159955,48.37954447],[11.83430675,48.37955338],[11.8343536,48.37955039],[11.83695004,48.37921106],[11.83720521,48.37915998],[11.83929465,48.37861174],[11.83933007,48.37860009],[11.84126025,48.37782566],[11.84184413,48.37754461],[11.84188765,48.37752229],[11.88640829,48.38091453],[11.8894672,48.3630473],[11.84567408,48.35971033],[11.84560239,48.35964227],[11.84506599,48.35916722],[11.84504535,48.35915015],[11.84386757,48.35829523],[11.84367476,48.35817224],[11.84271981,48.35761793],[11.84254161,48.35752392],[11.84164934,48.35709151],[11.84148382,48.35701799],[11.84043504,48.35659669],[11.84042352,48.35659252],[11.86981745,48.35883549],[11.87288089,48.34096852],[11.82869727,48.33759377],[11.82782277,48.33696372],[11.82727029,48.33664751],[11.82577554,48.33590514],[11.82488017,48.33552158],[11.82302526,48.33485719],[11.82287165,48.33481209],[11.82056537,48.3342948],[11.82037463,48.33426446],[11.8187589,48.33407583],[11.81144896,48.33352496],[11.81135254,48.33351792]]],"type":"Polygon"},"properties":{"legal_ref":"§ 21h, Abs. 3 (2.) LuftVO","generated_name_EN":"Verkehrsflughafen München","lower_limit_unit":"m","type_code_detail":"INT_APT","external_reference":"U3c1ZKA","name":["Verkehrsflughafen München"],"generated_name_DE":"Verkehrsflughafen München","lower_limit_altitude":0.0,"lower_limit_alt_ref":"AGL","type_code":"FLUGHAFEN"}},{"type":"Feature","geometry":{"coordinates":[[[8.60810464,50.05975649],[8.64735268,50.06910444],[8.65704028,50.05223237],[8.65414403,50.05154251],[8.65665275,50.04717207],[8.60983376,50.03602023],[8.60911076,50.03465915],[8.60910429,50.03463846],[8.60896701,50.0344121],[8.60878473,50.03410154],[8.60868119,50.03394078],[8.60822309,50.03318536],[8.60725888,50.03216329],[8.60726013,50.03096149],[8.60667947,50.02915787],[8.60665355,50.02910522],[8.60657118,50.02894323],[8.60624134,50.02831473],[8.60584212,50.02727266],[8.60567403,50.02683388],[8.60555188,50.0262905],[8.60545215,50.02566423],[8.6053661,50.02487627],[8.6053666,50.02476321],[8.60509204,50.02296255],[8.60426367,50.02123371],[8.60291506,50.01964668],[8.60187016,50.0186661],[8.60128939,50.01800243],[8.60085413,50.01760061],[8.60084312,50.01759045],[8.59937628,50.01624019],[8.59770472,50.0149702],[8.59569855,50.01392051],[8.5941176,50.01336844],[8.59397378,50.01330612],[8.59383124,50.01326843],[8.59342653,50.0131271],[8.59282529,50.01300247],[8.59136175,50.01261551],[8.59054649,50.01245984],[8.58807531,50.0121409],[8.58555542,50.01211348],[8.58306895,50.01237849],[8.58278393,50.01242623],[8.58034912,50.01299394],[8.57849906,50.01369716],[8.57728783,50.01339889],[8.57466248,50.01293544],[8.57194749,50.01280913],[8.56924607,50.01302475],[8.56721855,50.01345562],[8.5666179,50.01330851],[8.56408436,50.01285854],[8.56146487,50.01272254],[8.55885224,50.01290531],[8.55633904,50.01340039],[8.55364028,50.01411712],[8.55363856,50.01411757],[8.55254917,50.01391692],[8.54963473,50.0137876],[8.5488029,50.01380695],[8.54875921,50.01380801],[8.54492745,50.01390478],[8.54418817,50.01392316],[8.54419973,50.01355289],[8.54420247,50.01340461],[8.54421175,50.01176172],[8.54422362,50.01021523],[8.54426715,50.00649417],[8.54426732,50.00647787],[8.54428039,50.00500729],[8.54428052,50.00498848],[8.5442867,50.00389406],[8.54430312,50.00143539],[8.54431742,49.99963059],[8.54432558,49.99907039],[8.54436662,49.99720861],[8.54401679,49.99507542],[8.54395115,49.99489042],[8.54317051,49.99334715],[8.54197234,49.99191945],[8.5403957,49.99065383],[8.54031292,49.99059846],[8.5406652,49.95388052],[8.51278604,49.95376594],[8.51241045,49.99068856],[8.51181655,49.99115994],[8.51170834,49.99126554],[8.51127639,49.99178649],[8.51030333,49.99257524],[8.51019539,49.99269459],[8.50887947,49.99465163],[8.50831538,49.99675339],[8.50830469,49.99688457],[8.50828607,49.99727428],[8.50825164,49.99971033],[8.50823038,50.00090013],[8.50822987,50.00093406],[8.50821512,50.00216123],[8.50818409,50.00460374],[8.50816797,50.0056676],[8.50815619,50.00641315],[8.50815585,50.00643807],[8.50814536,50.00735007],[8.50813493,50.008255],[8.50813472,50.00827736],[8.50812536,50.00949947],[8.50812299,50.00980922],[8.50811867,50.01039405],[8.50810413,50.01160408],[8.5081025,50.01170587],[8.47383756,50.00349075],[8.4645047,50.01964298],[8.43675134,50.01298165],[8.42699462,50.02983516],[8.47893659,50.04230289],[8.47918748,50.04256786],[8.4804479,50.04363632],[8.48220742,50.04486994],[8.48429172,50.04587201],[8.4866285,50.04660777],[8.4874609,50.04681044],[8.48767553,50.04686141],[8.48893665,50.04715334],[8.49084364,50.04761664],[8.4909273,50.04763677],[8.49361549,50.04827717],[8.49364716,50.04828469],[8.49756411,50.04921076],[8.49841362,50.04941113],[8.49904496,50.04952167],[8.49958224,50.04969046],[8.5009768,50.05001931],[8.50181284,50.050221],[8.50316331,50.05054721],[8.50324669,50.05056715],[8.50563267,50.05113231],[8.50747217,50.05157513],[8.50754522,50.05159256],[8.5086913,50.05186376],[8.50899319,50.05193734],[8.50942518,50.05203743],[8.50946778,50.0520468],[8.51012989,50.05220226],[8.51140166,50.05252401],[8.51163311,50.05258104],[8.5137619,50.05309167],[8.51662209,50.05377767],[8.51743474,50.05397968],[8.51756987,50.05401276],[8.52063833,50.05475206],[8.52218163,50.05513288],[8.52269848,50.05526447],[8.52280053,50.05529015],[8.52316881,50.05538176],[8.52430358,50.0556286],[8.52510513,50.05577863],[8.52533176,50.05582105],[8.52536301,50.0558269],[8.52576316,50.0559257],[8.52609919,50.05600549],[8.52684796,50.05617631],[8.52746516,50.05632789],[8.52898417,50.05685298],[8.53161471,50.05736864],[8.53435121,50.05754251],[8.53585964,50.05754229],[8.53710668,50.05750618],[8.53758242,50.05747865],[8.5389542,50.05735486],[8.53919688,50.05732499],[8.53968369,50.05727707],[8.54043315,50.05723226],[8.54100589,50.0571626],[8.59413268,50.06984781],[8.59876151,50.06180558],[8.59898208,50.06179607],[8.5992286,50.06178545],[8.59997165,50.06174056],[8.60024308,50.06171945],[8.60271419,50.06137895],[8.60315087,50.06129155],[8.60324281,50.06127293],[8.6036385,50.06119179],[8.60449584,50.06099599],[8.60492935,50.06088663],[8.60677871,50.06031597],[8.60721862,50.06015366],[8.60810464,50.05975649]]],"type":"Polygon"},"properties":{"legal_ref":"§ 21h, Abs. 3 (2.) LuftVO","generated_name_EN":"FRANKFURT MAIN","lower_limit_unit":"m","type_code_detail":"INT_APT","external_reference":"a-DsSKA","name":["FRANKFURT MAIN"],"generated_name_DE":"FRANKFURT MAIN","lower_limit_altitude":0.0,"lower_limit_alt_ref":"AGL","type_code":"FLUGHAFEN"}},{"type":"Feature","geometry":{"coordinates":[[[11.43327237,51.84648303],[11.4305644,51.846395],[11.42890519,51.84653423],[11.42620686,51.84615655],[11.40082101,51.84261377],[11.39613671,51.84195513],[11.39329975,51.84173505],[11.39044818,51.84186374],[11.38769265,51.84233621],[11.38729542,51.84246039],[11.33287888,51.83489651],[11.32651281,51.85243543],[11.38110449,51.86002347],[11.38129934,51.860177],[11.38345426,51.86132124],[11.38592773,51.86218387],[11.38862513,51.86273191],[11.38957059,51.86286227],[11.3912856,51.86348566],[11.39285013,51.86380864],[11.39295997,51.86384861],[11.39577891,51.86443876],[11.39687512,51.86459294],[11.39847983,51.86471624],[11.40667225,51.86586653],[11.40672048,51.86587324],[11.40927347,51.86622592],[11.40932658,51.86623319],[11.41163499,51.86654641],[11.41190469,51.86675014],[11.41413304,51.86787853],[11.41667732,51.86871249],[11.41943745,51.86921922],[11.41997208,51.86928252],[11.42027097,51.86929429],[11.42113164,51.86946715],[11.42458702,51.86993973],[11.42506472,51.87000515],[11.42595437,51.87012863],[11.42784158,51.87031086],[11.42810559,51.87032543],[11.42964717,51.87035955],[11.43001577,51.87035558],[11.43069102,51.87033856],[11.43108083,51.8703231],[11.43188154,51.87027753],[11.43278065,51.87021076],[11.43285642,51.87020501],[11.43376472,51.87013456],[11.43385526,51.87012782],[11.43404406,51.87011299],[11.43421919,51.87009851],[11.43445782,51.87008066],[11.43545446,51.86998423],[11.43573705,51.86995063],[11.43729037,51.86969913],[11.43949207,51.86988062],[11.44218897,51.86979048],[11.4448122,51.86939264],[11.44612208,51.86902411],[11.50319474,51.87689217],[11.50949487,51.85934462],[11.45201101,51.85141959],[11.45185683,51.85129744],[11.44969971,51.85014714],[11.44860756,51.84976483],[11.44678723,51.84880759],[11.44433315,51.84795753],[11.44166052,51.84741647],[11.43854839,51.8469876],[11.43750622,51.84686851],[11.43327237,51.84648303]]],"type":"Polygon"},"properties":{"legal_ref":"§ 21h, Abs. 3 (2.) LuftVO","generated_name_EN":"MAGDEBURG/COCHSTEDT","lower_limit_unit":"m","type_code_detail":"INT_APT","external_reference":"sGIbLKA","name":["MAGDEBURG/COCHSTEDT"],"generated_name_DE":"MAGDEBURG/COCHSTEDT","lower_limit_altitude":0.0,"lower_limit_alt_ref":"AGL","type_code":"FLUGHAFEN"}},{"type":"Feature","geometry":{"coordinates":[[[7.71062408,52.12255935],[7.70828054,52.12148548],[7.70563675,52.12072017],[7.70335606,52.12037775],[7.70270224,52.12005842],[7.70030967,52.11928178],[7.70018456,52.11924989],[7.69934291,52.11905385],[7.69737138,52.11863687],[7.69461068,52.11823238],[7.69177505,52.11816415],[7.68897149,52.11843474],[7.68630582,52.11903395],[7.6850528,52.11950127],[7.68269887,52.11977257],[7.67990257,52.12048549],[7.67952746,52.12064355],[7.67708686,52.1208252],[7.67593389,52.12105768],[7.67393513,52.12050077],[7.6698804,52.11963832],[7.66968443,52.11959759],[7.66917257,52.11949367],[7.66631634,52.11910372],[7.66339118,52.11907198],[7.6605144,52.11939973],[7.65921985,52.11972139],[7.60596916,52.1084386],[7.59645291,52.12543695],[7.65305856,52.13743027],[7.65354063,52.13793789],[7.65550337,52.13928595],[7.65786528,52.14036474],[7.65870764,52.14060677],[7.65902857,52.14081998],[7.6613657,52.14185967],[7.66398932,52.14259661],[7.66634952,52.14309299],[7.66739932,52.14380073],[7.66975609,52.14486006],[7.67240815,52.14561001],[7.6751492,52.14618907],[7.6766525,52.14645224],[7.67668742,52.14645713],[7.67953048,52.14667777],[7.68238886,52.14655277],[7.68262285,52.14651333],[7.68532198,52.14690408],[7.6857597,52.14691376],[7.68641124,52.14709493],[7.68966359,52.14778341],[7.69004583,52.14789353],[7.69128146,52.1481607],[7.69136109,52.14817776],[7.69419538,52.14877924],[7.69681382,52.14917307],[7.69950533,52.14926428],[7.70217827,52.14904978],[7.70474164,52.14853686],[7.70508109,52.148423],[7.76142726,52.16029744],[7.77088857,52.14328555],[7.71741031,52.13201691],[7.7173768,52.13183335],[7.71734349,52.13056265],[7.71672167,52.12881456],[7.71660738,52.12859885],[7.71585967,52.12718748],[7.71472721,52.12559303],[7.71311698,52.12416271],[7.71188785,52.12342766],[7.71062408,52.12255935]]],"type":"Polygon"},"properties":{"legal_ref":"§ 21h, Abs. 3 (2.) LuftVO","generated_name_EN":"VFH Münster-Osnabrück","lower_limit_unit":"m","type_code_detail":"INT_APT","external_reference":"qLaQkKA","name":["VFH Münster-Osnabrück"],"generated_name_DE":"VFH Münster-Osnabrück","lower_limit_altitude":0.0,"lower_limit_alt_ref":"AGL","type_code":"FLUGHAFEN"}},{"type":"Feature","geometry":{"coordinates":[[[10.94662989,50.99263994],[10.94692613,50.99262049],[10.94979662,50.99224042],[10.95150515,50.9917678],[10.95176122,50.99174802],[10.95186283,50.99173994],[10.9538349,50.99157847],[10.95435187,50.99175338],[10.95537925,50.99206768],[10.95591718,50.99223224],[10.95612919,50.99229574],[10.95795623,50.99283136],[10.95798386,50.99279382],[10.960132,50.99335329],[10.96329758,50.99368714],[10.96371633,50.99370107],[10.9663763,50.99363234],[10.96896951,50.99325242],[10.97140538,50.99257459],[10.97359879,50.99162254],[10.97547314,50.99042953],[10.97611607,50.9898287],[10.97672484,50.98978252],[10.97742216,50.98973102],[10.97877632,50.989631],[10.98146086,50.98944548],[10.98414837,50.98909173],[10.98667838,50.9884191],[10.98895688,50.98745259],[10.98921639,50.98728899],[10.99034041,50.98681288],[10.99127025,50.98621798],[11.04570298,50.98183833],[11.0420924,50.96400288],[10.98759087,50.9683878],[10.98665303,50.96802792],[10.9840659,50.96742751],[10.98134408,50.96715306],[10.98124819,50.96714934],[10.98122707,50.9671438],[10.98017183,50.96693992],[10.9781721,50.96668893],[10.97561435,50.96558279],[10.97318723,50.96473935],[10.97054746,50.96420864],[10.96779494,50.96401074],[10.96503383,50.96415316],[10.96236862,50.96463049],[10.95990017,50.96542467],[10.95985074,50.9654492],[10.95848431,50.96537944],[10.95656602,50.9652581],[10.95372525,50.96543994],[10.95099903,50.96597601],[10.94967672,50.96643514],[10.9488552,50.96656862],[10.94659337,50.96721766],[10.94652847,50.96724079],[10.94586688,50.96753203],[10.94425214,50.96778223],[10.94127106,50.96875459],[10.94120862,50.96878127],[10.94079587,50.96899328],[10.94007229,50.96909198],[10.93803439,50.96967823],[10.9378661,50.96969174],[10.9378193,50.96969555],[10.93721136,50.96974566],[10.93562251,50.96987659],[10.93513011,50.96991715],[10.93248879,50.97029888],[10.93000975,50.97098958],[10.92778274,50.97196424],[10.92737521,50.97218158],[10.9261166,50.97285025],[10.92580131,50.97301774],[10.92575655,50.97304162],[10.92552116,50.97316771],[10.9252118,50.97337433],[10.86752943,50.97795487],[10.87107445,50.99579635],[10.92823318,50.99125728],[10.9283321,50.9913187],[10.93070967,50.99229691],[10.9333474,50.99295818],[10.93614055,50.99327625],[10.93897817,50.99323849],[10.94061054,50.99311333],[10.94147946,50.99304851],[10.94158435,50.99304044],[10.94662989,50.99263994]]],"type":"Polygon"},"properties":{"legal_ref":"§ 21h, Abs. 3 (2.) LuftVO","generated_name_EN":"ERFURT-WEIMAR","lower_limit_unit":"m","type_code_detail":"INT_APT","external_reference":"kbjfhKA","name":["ERFURT-WEIMAR"],"generated_name_DE":"ERFURT-WEIMAR","lower_limit_altitude":0.0,"lower_limit_alt_ref":"AGL","type_code":"FLUGHAFEN"}},{"type":"Feature","geometry":{"coordinates":[[[7.2948842,49.95577833],[7.29488595,49.95572886],[7.29483769,49.95533559],[7.294826,49.95475607],[7.29472801,49.95444166],[7.29466242,49.95390712],[7.29433384,49.95317692],[7.29431726,49.95312371],[7.29429108,49.9530819],[7.29428879,49.9530768],[7.29418466,49.9524609],[7.29334556,49.95075747],[7.29329075,49.95067548],[7.29194137,49.94910833],[7.29152735,49.9487955],[7.29156377,49.9481973],[7.29150665,49.9469579],[7.29147561,49.94675569],[7.29138579,49.94649752],[7.29175669,49.94564646],[7.29180367,49.94546897],[7.29199999,49.94378157],[7.291703,49.94210032],[7.29092326,49.94048474],[7.28968842,49.93899202],[7.28804224,49.937675],[7.2869991,49.93710384],[7.28701,49.93709598],[7.28691266,49.93703973],[7.28646811,49.93681309],[7.28604301,49.93658032],[7.28588556,49.9365094],[7.28577272,49.93645857],[7.28556435,49.93635233],[7.28543573,49.9362947],[7.28497462,49.93605937],[7.28485099,49.93600492],[7.28330805,49.93541552],[7.28312016,49.93535391],[7.2820004,49.93502603],[7.28156999,49.9349145],[7.28114902,49.93481049],[7.28066277,49.93469613],[7.2805351,49.93436024],[7.2794591,49.93283472],[7.27931766,49.93267547],[7.27898618,49.93232139],[7.27870436,49.93203542],[7.27748998,49.93100218],[7.27749608,49.93099897],[7.27741836,49.9309343],[7.27693441,49.93055345],[7.27643817,49.93018404],[7.27602977,49.92989377],[7.2753735,49.92848156],[7.27419796,49.92700919],[7.27262412,49.92570097],[7.27070537,49.92460128],[7.27015016,49.92438566],[7.27015345,49.92438259],[7.26989688,49.92426776],[7.2691109,49.92398203],[7.26850682,49.92374741],[7.26826831,49.92367315],[7.2682668,49.92367516],[7.26763479,49.92344539],[7.26517566,49.92290827],[7.2626049,49.92267504],[7.26166474,49.9227036],[7.25989739,49.92189318],[7.25737067,49.9211672],[7.25686747,49.9210946],[7.25600404,49.92041777],[7.25391586,49.91931063],[7.25153597,49.91848462],[7.25043026,49.9182646],[7.22369199,49.89110859],[7.2001939,49.90075441],[7.2280169,49.92902546],[7.22822466,49.93034729],[7.22906173,49.93207624],[7.23019953,49.93340573],[7.23027762,49.93405231],[7.2310118,49.93574263],[7.23224087,49.93730866],[7.23451969,49.93962019],[7.23465307,49.93975272],[7.23504213,49.94015143],[7.23510772,49.940218],[7.23550572,49.94061805],[7.23556384,49.94070538],[7.23564299,49.94081264],[7.23597318,49.9412315],[7.23612104,49.94140753],[7.23643224,49.94175891],[7.23694729,49.9423112],[7.23715971,49.94253171],[7.23889847,49.94427979],[7.23901628,49.94439623],[7.23929366,49.94466581],[7.2396688,49.94504815],[7.23972905,49.94510902],[7.23986297,49.94524311],[7.24049148,49.94587238],[7.24103757,49.94642889],[7.24109801,49.94648994],[7.24115238,49.94654437],[7.24150773,49.9469001],[7.24215454,49.94768979],[7.24274929,49.94815794],[7.24300452,49.94844131],[7.24318011,49.94861039],[7.24321356,49.9486486],[7.24361608,49.94907972],[7.24551831,49.9509937],[7.24611684,49.95160119],[7.24619765,49.95168401],[7.2474705,49.95296367],[7.24827423,49.95378491],[7.24830964,49.9538209],[7.25013955,49.95567106],[7.25172931,49.95727477],[7.25176585,49.95731143],[7.25279625,49.95833977],[7.25353596,49.95908038],[7.25366658,49.9592411],[7.255122,49.96070462],[7.25601405,49.96163111],[7.25627912,49.96189593],[7.25645587,49.9620659],[7.25896173,49.9646231],[7.25898994,49.96465177],[7.25993685,49.96560996],[7.26098561,49.96667679],[7.26170346,49.96733916],[7.2619023,49.96750612],[7.26199219,49.96758155],[7.26241867,49.96792199],[7.26263586,49.96808697],[7.2630834,49.96841077],[7.26333365,49.96858326],[7.26418152,49.96911989],[7.26446592,49.96928516],[7.26570941,49.96992859],[7.2658796,49.97000677],[7.26625348,49.97017852],[7.26781398,49.97079983],[7.26791045,49.97083279],[7.26803372,49.97087548],[7.26919935,49.97123528],[7.26952737,49.97132473],[7.26977667,49.97138407],[7.29853029,50.00049873],[7.3220583,49.99083343],[7.29516813,49.96362049],[7.29524735,49.96257255],[7.2949812,49.96140208],[7.29538975,49.96044515],[7.29559957,49.95875502],[7.29531389,49.95706952],[7.29528512,49.95697952],[7.29485229,49.95605903],[7.29485022,49.95595667],[7.2948842,49.95577833]]],"type":"Polygon"},"properties":{"legal_ref":"§ 21h, Abs. 3 (2.) LuftVO","generated_name_EN":"FRANKFURT-HAHN","lower_limit_unit":"m","type_code_detail":"INT_APT","external_reference":"axZsCKA","name":["FRANKFURT-HAHN"],"generated_name_DE":"FRANKFURT-HAHN","lower_limit_altitude":0.0,"lower_limit_alt_ref":"AGL","type_code":"FLUGHAFEN"}},{"type":"Feature","geometry":{"coordinates":[[[8.7604588,53.05661404],[8.76282432,53.05709743],[8.76384396,53.05813667],[8.76582116,53.05946136],[8.7679657,53.06063898],[8.76891508,53.06118615],[8.76991662,53.0617139],[8.77022675,53.06186315],[8.77259548,53.06279612],[8.77282214,53.06286791],[8.77657875,53.0636931],[8.77689933,53.06373532],[8.78028152,53.06394195],[8.78054645,53.06393986],[8.78093243,53.0639338],[8.78105555,53.06393091],[8.78399978,53.06368318],[8.78680401,53.06308874],[8.78935689,53.06217119],[8.79002383,53.06180617],[8.79132329,53.06148128],[8.79368632,53.06054157],[8.79384482,53.06044832],[8.79431602,53.06026563],[8.79501294,53.05996704],[8.79624284,53.05937899],[8.7964572,53.05926492],[8.79692142,53.05899212],[8.79704089,53.05894392],[8.79800537,53.05837631],[8.80059554,53.05861883],[8.80108292,53.05863571],[8.80136758,53.05864393],[8.80179637,53.05865383],[8.804739,53.05854616],[8.80575317,53.05838454],[8.80618587,53.05839553],[8.80854807,53.05829394],[8.80876792,53.0582965],[8.80935583,53.05830693],[8.81172719,53.05823509],[8.81199377,53.05821411],[8.81241961,53.05817682],[8.81267434,53.05815225],[8.81354587,53.05805208],[8.8138362,53.05801329],[8.81510507,53.05780804],[8.81538362,53.05775496],[8.81638975,53.05753906],[8.81668614,53.05746816],[8.81678635,53.05744394],[8.81762809,53.05723831],[8.81804681,53.05713152],[8.81852699,53.05700381],[8.81852369,53.05699931],[8.82001731,53.0566005],[8.8786398,53.05790102],[8.87972525,53.03993423],[8.82314637,53.03867953],[8.82189389,53.03789592],[8.82179879,53.03784687],[8.81963852,53.03691975],[8.81724005,53.03623786],[8.81714797,53.03621749],[8.81464927,53.0358164],[8.81486278,53.03471968],[8.81461562,53.0329315],[8.81378426,53.03120854],[8.81338025,53.03060406],[8.8119713,53.02899069],[8.81005145,53.02758187],[8.80769969,53.02643554],[8.80501275,53.02559885],[8.80210114,53.02510618],[8.79908457,53.02497781],[8.79608707,53.02521901],[8.79323187,53.02581985],[8.79244656,53.02604124],[8.79003813,53.0268943],[8.78793577,53.0280032],[8.78743378,53.02838959],[8.78649736,53.02855959],[8.78399535,53.02934898],[8.78262659,53.02988602],[8.7818591,53.03025706],[8.73552494,53.00824878],[8.71706717,53.02236717],[8.747786,53.03696473],[8.70070619,53.03587192],[8.6995464,53.05383696],[8.75521559,53.05512919],[8.75554953,53.05522927],[8.75771131,53.05562112],[8.75794996,53.05574609],[8.7604588,53.05661404]]],"type":"Polygon"},"properties":{"legal_ref":"§ 21h, Abs. 3 (2.) LuftVO","generated_name_EN":"BREMEN","lower_limit_unit":"m","type_code_detail":"INT_APT","external_reference":"rwMEJKA","name":["BREMEN"],"generated_name_DE":"BREMEN","lower_limit_altitude":0.0,"lower_limit_alt_ref":"AGL","type_code":"FLUGHAFEN"}},{"type":"Feature","geometry":{"coordinates":[[[12.1983198,51.44204058],[12.20102593,51.44233869],[12.20704621,51.4426355],[12.20713789,51.44263983],[12.21514674,51.443002],[12.21826775,51.4431591],[12.21851951,51.44317038],[12.21873279,51.44317876],[12.2210713,51.44329278],[12.22122633,51.44329981],[12.223849,51.44340981],[12.22681833,51.44355493],[12.22695819,51.44356133],[12.22953911,51.44367159],[12.23054517,51.44372405],[12.23067625,51.44373051],[12.233289,51.44385168],[12.23395474,51.44411409],[12.23656194,51.44474244],[12.23931443,51.44504376],[12.24089428,51.44511902],[12.24372151,51.44507937],[12.24648161,51.44469468],[12.2471659,51.44450554],[12.24737469,51.44451485],[12.25892611,51.44505879],[12.25898534,51.4450615],[12.26158217,51.44517689],[12.26618608,51.44539356],[12.27004168,51.44558143],[12.27112869,51.44556804],[12.27185867,51.44560617],[12.27209685,51.44561736],[12.27292173,51.44565183],[12.27371525,51.44574349],[12.27744198,51.4459144],[12.28018236,51.44587632],[12.28286136,51.44551395],[12.2853816,51.44484046],[12.28765146,51.44388034],[12.28807644,51.44361446],[12.33788132,51.44590544],[12.3399822,51.42798171],[12.29234755,51.42579067],[12.29233417,51.42578086],[12.29232836,51.42577661],[12.29232602,51.42577489],[12.29232056,51.42577089],[12.29229622,51.42575307],[12.29227241,51.42573563],[12.29225294,51.42572136],[12.29223369,51.42570725],[12.29221968,51.42569699],[12.29216251,51.42565512],[12.29214293,51.42564077],[12.29206246,51.42558182],[12.29193456,51.42548812],[12.29170689,51.42532134],[12.29076541,51.42463163],[12.32658273,51.42628132],[12.32868727,51.40835767],[12.27986839,51.40610606],[12.2780273,51.40531695],[12.27749678,51.4039564],[12.27620572,51.40227322],[12.2743866,51.4007932],[12.27435407,51.40077177],[12.27242025,51.39970749],[12.27021376,51.39887629],[12.26780551,51.39830486],[12.26527288,51.39801158],[12.26520533,51.39800763],[12.26496107,51.39799465],[12.26237191,51.3978709],[12.26127558,51.39788546],[12.25887292,51.3972397],[12.2561841,51.39687416],[12.25395983,51.39684327],[12.25250449,51.39669312],[12.25084105,51.39662171],[12.24800665,51.39667548],[12.24773209,51.39671533],[12.24509937,51.39641222],[12.24396208,51.39634928],[12.2439229,51.39634402],[12.24389691,51.39634173],[12.2434582,51.39622242],[12.24034243,51.39584994],[12.23914957,51.39579145],[12.23669967,51.39567129],[12.23383171,51.39571029],[12.23103328,51.39610493],[12.22841592,51.3968395],[12.22712558,51.39741786],[12.22689721,51.39745386],[12.22671998,51.39750667],[12.22499155,51.39776],[12.22423844,51.39797579],[12.22390313,51.39803858],[12.22319746,51.39827407],[12.2223914,51.39850502],[12.22207804,51.39864762],[12.2220475,51.39865781],[12.22163289,51.39866886],[12.22143641,51.39869846],[12.22105991,51.39862466],[12.21830137,51.39843374],[12.21701616,51.39842291],[12.21455732,51.39854427],[12.21406846,51.39851931],[12.21357354,51.39831293],[12.21107776,51.39765441],[12.20842878,51.39730059],[12.20794624,51.39726543],[12.20735837,51.39723024],[12.20418099,51.39708112],[12.20137547,51.39712133],[12.19863595,51.3975019],[12.19679531,51.39800803],[12.19540314,51.39803322],[12.19316343,51.39835527],[12.19238574,51.39843489],[12.18975713,51.39904978],[12.18736969,51.39997257],[12.18708468,51.40010846],[12.18484348,51.40143821],[12.18461017,51.40165319],[12.13436503,51.39927282],[12.1321845,51.41719427],[12.18062767,51.41948932],[12.18085859,51.42005992],[12.18116819,51.42060036],[12.1454421,51.41890981],[12.14326509,51.43683134],[12.19110945,51.4390925],[12.19140907,51.43934896],[12.19342191,51.4405179],[12.19575388,51.44142617],[12.1983198,51.44204058]]],"type":"Polygon"},"properties":{"legal_ref":"§ 21h, Abs. 3 (2.) LuftVO","generated_name_EN":"LEIPZIG/HALLE","lower_limit_unit":"m","type_code_detail":"INT_APT","external_reference":"lyAnJKA","name":["LEIPZIG/HALLE"],"generated_name_DE":"LEIPZIG/HALLE","lower_limit_altitude":0.0,"lower_limit_alt_ref":"AGL","type_code":"FLUGHAFEN"}},{"type":"Feature","geometry":{"coordinates":[[[14.15085741,53.88978336],[14.15153833,53.88993488],[14.1542473,53.8902241],[14.15700014,53.89021977],[14.15970645,53.88992205],[14.15997266,53.8898777],[14.16162313,53.88960278],[14.16371376,53.88925451],[14.16457435,53.88911113],[14.16622967,53.88883854],[14.1671309,53.88869011],[14.16978707,53.88808935],[14.17220706,53.88720663],[14.17322941,53.88675042],[14.17490762,53.88609585],[14.17637965,53.88540942],[14.17724477,53.88530632],[14.17996955,53.88482093],[14.1824932,53.88404376],[14.18472712,53.88300211],[14.18530357,53.88260987],[14.24534528,53.87272804],[14.2371866,53.85543789],[14.17586686,53.86552875],[14.17462516,53.86534529],[14.16854543,53.86491831],[14.16854484,53.86492127],[14.16811535,53.86487155],[14.16532095,53.86485644],[14.16412091,53.86491542],[14.15813447,53.86520954],[14.15606164,53.86539719],[14.14873313,53.86637043],[14.14579696,53.86695144],[14.14312111,53.86787233],[14.14304955,53.86791029],[14.14255364,53.86794462],[14.1401719,53.86822499],[14.13968366,53.86830692],[14.13766332,53.86873928],[14.13722843,53.86885351],[14.13710903,53.86888487],[14.13643277,53.86903183],[14.13530942,53.86930059],[14.13472391,53.8694823],[14.13407751,53.8696014],[14.13227611,53.87004667],[14.13181782,53.87013794],[14.1304313,53.87034918],[14.1275325,53.87098269],[14.12491062,53.87194985],[14.1226742,53.87321062],[14.12254928,53.87331735],[14.12195305,53.87345516],[14.11956382,53.87433752],[14.11844721,53.87494524],[14.05740628,53.8849211],[14.06549787,53.90222497],[14.12765829,53.8920649],[14.1286858,53.89219502],[14.1316393,53.89222372],[14.13183717,53.89221424],[14.13186931,53.89221268],[14.13624453,53.89199747],[14.13895446,53.89171645],[14.14263586,53.89112748],[14.1427158,53.89111455],[14.15085741,53.88978336]]],"type":"Polygon"},"properties":{"legal_ref":"§ 21h, Abs. 3 (2.) LuftVO","generated_name_EN":"Heringsdorf","lower_limit_unit":"m","type_code_detail":"INT_APT","external_reference":"2TL_ZKA","name":["Heringsdorf"],"generated_name_DE":"Heringsdorf","lower_limit_altitude":0.0,"lower_limit_alt_ref":"AGL","type_code":"FLUGHAFEN"}},{"type":"Feature","geometry":{"coordinates":[[[9.29173577,51.12863021],[9.29347507,51.12801878],[9.29428882,51.12797513],[9.29519927,51.12810986],[9.29793414,51.12817723],[9.30063924,51.12791523],[9.30321529,51.12733346],[9.30556775,51.12645328],[9.30761031,51.125307],[9.30926804,51.12393667],[9.31048013,51.12239258],[9.31120218,51.12073139],[9.31140774,51.11901403],[9.31108933,51.1173035],[9.31101364,51.11715398],[9.31275183,51.1160499],[9.31352351,51.11531921],[9.36177573,51.09871925],[9.34807517,51.08293945],[9.29771477,51.10026219],[9.29665482,51.10023605],[9.29397197,51.1004933],[9.29141478,51.10106536],[9.29140986,51.10106718],[9.28784474,51.1007688],[9.28503885,51.10070915],[9.28226862,51.10099618],[9.27964102,51.10161881],[9.27762402,51.10240936],[9.27761474,51.10241179],[9.27560469,51.10289017],[9.2748456,51.10302799],[9.27214907,51.10371242],[9.26963216,51.10431029],[9.26703042,51.10512735],[9.26474527,51.10625912],[9.2628714,51.10765874],[9.26148646,51.10926822],[9.26064788,51.1110209],[9.26039045,51.11284416],[9.26043099,51.11306458],[9.20990347,51.13038433],[9.22357109,51.14618022],[9.27356029,51.12904348],[9.27367248,51.12908238],[9.27635029,51.12979813],[9.27920303,51.13015772],[9.28211241,51.13014626],[9.28495777,51.12976422],[9.28522507,51.12969027],[9.2878568,51.12949973],[9.29052142,51.12896127],[9.29173577,51.12863021]]],"type":"Polygon"},"properties":{"legal_ref":"§ 21h, Abs. 3 (2.) LuftVO","generated_name_EN":"FRITZLAR","lower_limit_unit":"m","type_code_detail":"MILITARY","external_reference":"jjSxgKA","name":["FRITZLAR"],"generated_name_DE":"FRITZLAR","lower_limit_altitude":0.0,"lower_limit_alt_ref":"AGL","type_code":"FLUGHAFEN"}},{"type":"Feature","geometry":{"coordinates":[[[7.09738463,49.22530963],[7.09755094,49.225337],[7.09804033,49.22541134],[7.09812379,49.22542297],[7.09821738,49.22546268],[7.09840522,49.22553823],[7.10021783,49.22615078],[7.10030058,49.22617382],[7.10240132,49.22660011],[7.10408699,49.22752267],[7.10637233,49.22835118],[7.10885594,49.22888122],[7.1097279,49.22895268],[7.11025445,49.22903918],[7.11115884,49.22939227],[7.11361709,49.22997431],[7.11619925,49.23024068],[7.11881171,49.23018173],[7.12135974,49.22979958],[7.12375098,49.2291081],[7.12589874,49.22813235],[7.12594769,49.22810525],[7.12769627,49.2269433],[7.12788252,49.22679468],[7.12921413,49.22552396],[7.12989627,49.22454951],[7.12992218,49.22453509],[7.13026703,49.22434772],[7.13057858,49.22417321],[7.19012268,49.22590147],[7.19132717,49.20793206],[7.13295542,49.20623837],[7.13266155,49.20606974],[7.13037162,49.20519852],[7.12786905,49.20463158],[7.12524693,49.20439001],[7.12418497,49.20436],[7.12367421,49.20431416],[7.12228231,49.20427623],[7.11956227,49.20419286],[7.11758391,49.20425944],[7.11273315,49.20411864],[7.11271485,49.20411812],[7.11235429,49.20410796],[7.11216836,49.20410355],[7.11208245,49.20410189],[7.10970667,49.20419129],[7.10945308,49.20423037],[7.10912768,49.20423108],[7.10903786,49.20422413],[7.10874278,49.20421946],[7.1083257,49.20420054],[7.10826971,49.20419808],[7.10707096,49.20414691],[7.10699044,49.20414363],[7.10600619,49.20410541],[7.10576003,49.2040973],[7.10463049,49.20406676],[7.10460071,49.20406597],[7.10342536,49.20403585],[7.10340332,49.2040353],[7.10244999,49.20401186],[7.1015486,49.20405111],[7.10126565,49.20403793],[7.10074157,49.20397454],[7.10040322,49.20393974],[7.0998269,49.20388863],[7.09951584,49.20386543],[7.09873601,49.20382197],[7.09845927,49.20381175],[7.09630899,49.20384288],[7.09616143,49.20385263],[7.09602785,49.20386144],[7.09374998,49.20414037],[7.09207876,49.20444255],[7.09152306,49.20451969],[7.09141523,49.20453788],[7.08972279,49.20490153],[7.08961637,49.20492953],[7.08951499,49.2049587],[7.02938075,49.20316021],[7.02811774,49.22112718],[7.08860497,49.22293642],[7.09024447,49.22342187],[7.09044854,49.22346796],[7.09199872,49.22369562],[7.09272507,49.22396076],[7.09325373,49.22416197],[7.09359202,49.22429082],[7.09476858,49.22469045],[7.09500588,49.22476175],[7.09738463,49.22530963]]],"type":"Polygon"},"properties":{"legal_ref":"§ 21h, Abs. 3 (2.) LuftVO","generated_name_EN":"Int.Verkehrsflughafen Saarbrücken","lower_limit_unit":"m","type_code_detail":"INT_APT","external_reference":"aYCVkKA","name":["Int.Verkehrsflughafen Saarbrücken"],"generated_name_DE":"Int.Verkehrsflughafen Saarbrücken","lower_limit_altitude":0.0,"lower_limit_alt_ref":"AGL","type_code":"FLUGHAFEN"}},{"type":"Feature","geometry":{"coordinates":[[[7.13145892,50.89467019],[7.13398335,50.89408308],[7.13628767,50.89320572],[7.13828936,50.89206951],[7.13832417,50.89204562],[7.13833424,50.89203871],[7.14157311,50.8898111],[7.14657757,50.88636689],[7.14661862,50.88633851],[7.14959119,50.8842747],[7.14963897,50.8842442],[7.14998106,50.88401806],[7.15275957,50.882116],[7.15447016,50.88224964],[7.15624888,50.88253956],[7.15629105,50.88254353],[7.15773093,50.88259231],[7.15772933,50.8826081],[7.15779462,50.88261075],[7.1578467,50.88261286],[7.15819345,50.88260797],[7.15895851,50.88263388],[7.15900879,50.88263259],[7.15988197,50.88259305],[7.16005719,50.88258168],[7.16029415,50.88257834],[7.16033843,50.88257528],[7.16285147,50.88225489],[7.16288123,50.88224929],[7.16341167,50.88210369],[7.21302554,50.89711298],[7.22528127,50.88088784],[7.17610128,50.8660113],[7.17900221,50.86399821],[7.18138436,50.86234481],[7.18298993,50.86123133],[7.18418486,50.86070602],[7.18548539,50.86001867],[7.18558732,50.85996428],[7.18800711,50.85866068],[7.1898719,50.85744661],[7.19134388,50.85603275],[7.19237088,50.85446927],[7.19291651,50.85281163],[7.19296147,50.85111862],[7.19262531,50.84989212],[7.22381305,50.82831579],[7.20287027,50.816176],[7.18805281,50.82642315],[7.17600682,50.81943867],[7.13902414,50.84500291],[7.1368051,50.84497402],[7.13625471,50.84499757],[7.13451858,50.84507181],[7.13427334,50.84508364],[7.13246891,50.84518068],[7.13225413,50.84519081],[7.12836126,50.84572935],[7.12693101,50.8460659],[7.12528986,50.84657929],[7.12278625,50.84694832],[7.12277607,50.84695058],[7.12271245,50.84696479],[7.12245963,50.84702168],[7.11810742,50.84800029],[7.11783289,50.84804249],[7.11724833,50.84816926],[7.06612354,50.83263513],[7.05382613,50.8488432],[7.10343729,50.86391928],[7.10327574,50.86426906],[7.10306558,50.86458385],[7.10181451,50.86499205],[7.09963546,50.8660899],[7.09783665,50.86743566],[7.09648723,50.86897763],[7.09563909,50.87065656],[7.09532489,50.87240794],[7.0952893,50.87392346],[7.09528457,50.87406486],[7.09527548,50.87427819],[7.0952748,50.87429414],[7.09527255,50.8743479],[7.09527183,50.87436559],[7.09526736,50.87448079],[7.09526654,50.8745031],[7.09526574,50.87452599],[7.09525622,50.87463931],[7.09524603,50.87475947],[7.09523724,50.87486425],[7.09521159,50.87516755],[7.09520542,50.87524051],[7.06256233,50.89772962],[7.07458883,50.90471293],[7.0708342,50.90729833],[7.09178225,50.91946171],[7.12689469,50.89527223],[7.12781922,50.89492939],[7.12880477,50.894946],[7.13145892,50.89467019]]],"type":"Polygon"},"properties":{"legal_ref":"§ 21h, Abs. 3 (2.) LuftVO","generated_name_EN":"KOELN/BONN","lower_limit_unit":"m","type_code_detail":"INT_APT","external_reference":"iYLsAKA","name":["KOELN/BONN"],"generated_name_DE":"KOELN/BONN","lower_limit_altitude":0.0,"lower_limit_alt_ref":"AGL","type_code":"FLUGHAFEN"}},{"type":"Feature","geometry":{"coordinates":[[[8.34759383,52.57152774],[8.34683092,52.57154013],[8.34519087,52.57090047],[8.34257305,52.57026667],[8.33856049,52.56955657],[8.33560635,52.5692276],[8.33260409,52.56926984],[8.33165863,52.56934223],[8.33119195,52.56937582],[8.33105116,52.56937746],[8.32815745,52.56958662],[8.32538758,52.57013815],[8.32284954,52.57101058],[8.32064231,52.57216987],[8.31885197,52.57357083],[8.31754838,52.57515883],[8.31751847,52.57522573],[8.25986022,52.57210653],[8.25723735,52.59001498],[8.31924457,52.59336839],[8.32052915,52.59407267],[8.32094625,52.59424166],[8.32315724,52.59497985],[8.32537123,52.59544236],[8.3255661,52.59558852],[8.32772924,52.59669211],[8.3301978,52.59752485],[8.33077306,52.59767716],[8.33376874,52.59824866],[8.33433317,52.59831728],[8.33651971,52.59848103],[8.33694902,52.5984935],[8.33838733,52.59845054],[8.34075852,52.59864256],[8.3435204,52.59854921],[8.3451401,52.59840086],[8.34603118,52.59843003],[8.34668657,52.59841046],[8.34812535,52.59832431],[8.34973136,52.5981795],[8.3531435,52.59761085],[8.35432792,52.59731668],[8.35551209,52.59693999],[8.35561971,52.59692437],[8.3582776,52.59617695],[8.35971045,52.59553906],[8.42219719,52.59886339],[8.42475341,52.58095115],[8.36260635,52.57764504],[8.36259736,52.57764062],[8.36147434,52.57621924],[8.35973136,52.57480869],[8.3575696,52.57363284],[8.35507242,52.57273704],[8.35269151,52.5722313],[8.35269877,52.57221558],[8.3505047,52.57183946],[8.34759383,52.57152774]]],"type":"Polygon"},"properties":{"legal_ref":"§ 21h, Abs. 3 (2.) LuftVO","generated_name_EN":"Diepholz Flugplatz","lower_limit_unit":"m","type_code_detail":"MILITARY","external_reference":"qejsAKA","name":["Diepholz Flugplatz"],"generated_name_DE":"Diepholz Flugplatz","lower_limit_altitude":0.0,"lower_limit_alt_ref":"AGL","type_code":"FLUGHAFEN"}},{"type":"Feature","geometry":{"coordinates":[[[7.08903599,50.18060466],[7.08801841,50.17945016],[7.08736313,50.17868425],[7.08729772,50.17860866],[7.08610201,50.17724231],[7.08558331,50.17655669],[7.08408638,50.1748294],[7.08385299,50.17457032],[7.08374151,50.17445119],[7.08373957,50.17445194],[7.08362773,50.17429541],[7.08326284,50.17391461],[7.08289889,50.17349668],[7.08281918,50.17340637],[7.08231278,50.17284027],[7.08150338,50.1719333],[7.081388,50.17180642],[7.08090016,50.17127988],[7.08061773,50.17093809],[7.08050392,50.17080315],[7.07974735,50.1699241],[7.07969632,50.16986533],[7.07901097,50.16908288],[7.07894349,50.16897273],[7.07851814,50.16848694],[7.07940308,50.16712034],[7.07994154,50.16530534],[7.07996217,50.16515052],[7.07998059,50.16499673],[7.08010277,50.16384812],[7.08013931,50.163505],[7.08001811,50.16156177],[7.07983622,50.16078017],[7.07971385,50.16025338],[7.07918712,50.15881182],[7.0782993,50.15744534],[7.0770745,50.15619099],[7.07661431,50.15579612],[7.07595308,50.15522005],[7.07386787,50.15376879],[7.07133993,50.152645],[7.0684912,50.15190288],[7.06707534,50.15164603],[7.06528879,50.15131693],[7.06519865,50.15130031],[7.06514029,50.15128964],[7.06475302,50.1512194],[7.06405238,50.15106374],[7.06271082,50.15081587],[7.06247335,50.15077344],[7.06120195,50.15055401],[7.0596809,50.15026295],[7.03619671,50.12000584],[7.01116255,50.12802859],[7.02634509,50.14760794],[7.02585631,50.14781074],[7.02390866,50.14901681],[7.02351963,50.14930935],[7.02196976,50.15073319],[7.02087495,50.15232197],[7.02027611,50.15401637],[7.02019566,50.15575315],[7.02063666,50.15746743],[7.02073013,50.15769264],[7.02116275,50.15855707],[7.02141984,50.15899374],[7.02173891,50.1594903],[7.0219175,50.15974628],[7.02231548,50.16027046],[7.02281786,50.16088103],[7.02296205,50.16105178],[7.02329048,50.16143087],[7.02333561,50.16161391],[7.02342347,50.1619476],[7.02343456,50.16198971],[7.02345708,50.16207282],[7.0236066,50.16260974],[7.02377242,50.16311953],[7.0237825,50.1631466],[7.02466575,50.16479269],[7.02472131,50.16485418],[7.02472874,50.16487022],[7.02506112,50.16557108],[7.02514213,50.16573619],[7.02612218,50.16766833],[7.02618825,50.1678184],[7.02629109,50.16804099],[7.02674755,50.16898411],[7.02768776,50.17045373],[7.02850619,50.17146748],[7.02945715,50.17264532],[7.02969938,50.17294533],[7.02990516,50.17319081],[7.03072518,50.17413368],[7.03087281,50.17430347],[7.03247054,50.17577416],[7.03449105,50.17701196],[7.03685396,50.17796761],[7.03946526,50.17860307],[7.04155937,50.17882343],[7.04197826,50.17933996],[7.0420121,50.17938142],[7.04281295,50.18035647],[7.04277827,50.18040957],[7.04223169,50.18208614],[7.04219013,50.18379884],[7.04265517,50.18548552],[7.04360997,50.18708497],[7.04501992,50.18853913],[7.04522824,50.18871426],[7.04582349,50.18915069],[7.04623158,50.18968051],[7.04678713,50.19025256],[7.04810489,50.19139662],[7.0482341,50.19149197],[7.04932525,50.19221174],[7.04966671,50.19241314],[7.04980163,50.19249271],[7.05206575,50.19357936],[7.05462373,50.19435195],[7.05636158,50.19474488],[7.05961691,50.19521059],[7.06131354,50.19518942],[7.06212134,50.19555995],[7.0640158,50.19611173],[7.09054091,50.23019963],[7.11561617,50.22216035],[7.08978276,50.1889846],[7.08991334,50.18873909],[7.0902206,50.1878534],[7.09022639,50.18783664],[7.09047933,50.1871009],[7.09052512,50.18696737],[7.09084473,50.18533753],[7.09069719,50.18369756],[7.09008748,50.18210219],[7.08903599,50.18060466]]],"type":"Polygon"},"properties":{"legal_ref":"§ 21h, Abs. 3 (2.) LuftVO","generated_name_EN":"BUECHEL","lower_limit_unit":"m","type_code_detail":"MILITARY","external_reference":"a4hUYKA","name":["BUECHEL"],"generated_name_DE":"BUECHEL","lower_limit_altitude":0.0,"lower_limit_alt_ref":"AGL","type_code":"FLUGHAFEN"}},{"type":"Feature","geometry":{"coordinates":[[[9.24742632,48.68234307],[9.24442943,48.68157554],[9.24353428,48.68149684],[9.24354038,48.68147722],[9.24328118,48.68144188],[9.24294951,48.68139547],[9.24040623,48.68120279],[9.23785351,48.6813294],[9.23639299,48.68159024],[9.23577884,48.68147187],[9.23523958,48.68136789],[9.23328676,48.68054094],[9.23240325,48.68030719],[9.23165924,48.67941106],[9.22990818,48.67804131],[9.22778147,48.67692895],[9.22536375,48.67611825],[9.2227512,48.67564145],[9.2225412,48.67561772],[9.2221359,48.67556515],[9.2194726,48.67539749],[9.2187293,48.67544811],[9.21862188,48.67535869],[9.21668703,48.67425599],[9.21663907,48.67423348],[9.21557449,48.6737015],[9.21540613,48.67361871],[9.21468019,48.67326745],[9.21422439,48.67305624],[9.21377493,48.67285692],[9.21133221,48.67199802],[9.20867751,48.67148455],[9.20592083,48.67133779],[9.20542658,48.6713785],[9.20451895,48.67082783],[9.2021986,48.66990263],[9.19964728,48.66930069],[9.19945167,48.66926866],[9.19697199,48.66902058],[9.19446572,48.66907864],[9.19286804,48.66921417],[9.19135873,48.66946223],[9.19134163,48.66946009],[9.18857628,48.66949156],[9.1878561,48.66954867],[9.18543413,48.6698913],[9.18529561,48.66991985],[9.18275423,48.67063865],[9.18048502,48.6716832],[9.17940135,48.67243888],[9.14271694,48.6654594],[9.13520905,48.68275091],[9.17083032,48.68952847],[9.17089771,48.68997269],[9.17136048,48.69153795],[9.17174604,48.69249055],[9.17173122,48.6924935],[9.17183828,48.69272919],[9.1718607,48.69276373],[9.17189011,48.69282051],[9.1718966,48.69281903],[9.17256538,48.6938493],[9.17278984,48.69426793],[9.17293354,48.69441642],[9.17305626,48.69460546],[9.17309554,48.69465091],[9.17381963,48.69533206],[9.17446247,48.69599632],[9.17452984,48.69605102],[9.17682979,48.69752344],[9.17692036,48.69756908],[9.17910699,48.69846812],[9.18151055,48.69907806],[9.18233078,48.69917481],[9.18308672,48.69963196],[9.1831443,48.69965473],[9.18416249,48.70033822],[9.18650882,48.70136677],[9.18912495,48.70205334],[9.18945687,48.70211503],[9.19030203,48.70227333],[9.19030982,48.7022551],[9.19153306,48.70242796],[9.19192002,48.70250248],[9.1927101,48.70263775],[9.19279654,48.70265073],[9.19477994,48.70284808],[9.19503857,48.702861],[9.19578006,48.70288459],[9.19607204,48.70288859],[9.19745739,48.70286078],[9.19771534,48.70284686],[9.197715,48.70284415],[9.19847255,48.70282985],[9.20075299,48.70252397],[9.20269818,48.70202255],[9.20323573,48.70194848],[9.20323666,48.70195151],[9.20339034,48.70193073],[9.20339489,48.70193045],[9.20353706,48.7019206],[9.20373097,48.70191066],[9.2046716,48.70184054],[9.20537005,48.70177208],[9.20598711,48.70171644],[9.20656664,48.70167704],[9.20740003,48.70163177],[9.20792991,48.70161412],[9.2088376,48.70158799],[9.2100394,48.70157444],[9.2103225,48.70157169],[9.21107459,48.70158341],[9.21269502,48.70160766],[9.2141211,48.70164433],[9.21434039,48.70164234],[9.21460763,48.70167336],[9.21473611,48.7016803],[9.2148868,48.70172524],[9.2174646,48.70212152],[9.21790908,48.70216019],[9.21983171,48.70235636],[9.22213022,48.7026727],[9.22387019,48.70294735],[9.22916344,48.70390963],[9.23680319,48.70534363],[9.23938908,48.70565408],[9.23997725,48.7056863],[9.24149832,48.70571306],[9.24198957,48.70570348],[9.24326184,48.70563901],[9.24432773,48.70555152],[9.24586597,48.70566321],[9.24854254,48.7055055],[9.24861054,48.70549223],[9.25078296,48.70534278],[9.25245221,48.70501003],[9.30520523,48.71498006],[9.3126596,48.69767769],[9.25841159,48.68742491],[9.25787369,48.6869223],[9.25708091,48.68625127],[9.25698945,48.68618099],[9.25678166,48.68602128],[9.25497579,48.68486823],[9.25288059,48.68395464],[9.2505675,48.68331165],[9.24962573,48.68311531],[9.24742632,48.68234307]]],"type":"Polygon"},"properties":{"legal_ref":"§ 21h, Abs. 3 (2.) LuftVO","generated_name_EN":"Stuttgart Flughafen","lower_limit_unit":"m","type_code_detail":"INT_APT","external_reference":"bDQMgKA","name":["Stuttgart Flughafen"],"generated_name_DE":"Stuttgart Flughafen","lower_limit_altitude":0.0,"lower_limit_alt_ref":"AGL","type_code":"FLUGHAFEN"}},{"type":"Feature","geometry":{"coordinates":[[[13.28666175,53.61267847],[13.28771231,53.61275618],[13.2878103,53.61279011],[13.29065748,53.61336584],[13.2936401,53.61359459],[13.2941106,53.61360257],[13.29471911,53.61361373],[13.29543324,53.61358448],[13.29615456,53.61364009],[13.29986111,53.61370804],[13.30282333,53.61358863],[13.30568895,53.61312681],[13.30616723,53.61298533],[13.31444729,53.61312298],[13.31456752,53.61312469],[13.31465449,53.61312572],[13.31972509,53.61322469],[13.32050912,53.61321042],[13.32117791,53.61322108],[13.32197701,53.61322123],[13.32244982,53.61321388],[13.32491369,53.61304012],[13.32718498,53.61301991],[13.32988799,53.61269773],[13.3305934,53.6125729],[13.3332161,53.61194448],[13.33373715,53.61174562],[13.39813406,53.61296918],[13.39908464,53.59501972],[13.33569245,53.59381497],[13.33421595,53.59300771],[13.33194922,53.59215248],[13.32946377,53.59154959],[13.329263,53.59152424],[13.32693939,53.59013554],[13.32543113,53.58934673],[13.32471435,53.58901945],[13.32202025,53.58803733],[13.31904162,53.58741041],[13.31770484,53.58730618],[13.31635401,53.58710779],[13.31332223,53.58703447],[13.31032704,53.58732342],[13.30847958,53.58773982],[13.30777417,53.58784542],[13.30495577,53.58844973],[13.30334759,53.58902939],[13.3020492,53.58904304],[13.30137499,53.58909393],[13.29847329,53.58948893],[13.29575825,53.59021505],[13.29494575,53.59056013],[13.29277379,53.59035047],[13.28981527,53.59041313],[13.28693417,53.59081811],[13.28611022,53.59104201],[13.28475304,53.59122477],[13.28436639,53.5912177],[13.28130628,53.59134727],[13.27835336,53.59184223],[13.27575083,53.59264475],[13.21402751,53.5914082],[13.21299822,53.60935767],[13.27442289,53.61058781],[13.27471328,53.61072167],[13.27722165,53.6114842],[13.27802248,53.61167393],[13.28096639,53.61217272],[13.2814674,53.61222571],[13.28323359,53.61234668],[13.28440628,53.61250536],[13.28592874,53.6125286],[13.28666175,53.61267847]]],"type":"Polygon"},"properties":{"legal_ref":"§ 21h, Abs. 3 (2.) LuftVO","generated_name_EN":"Neubrandenburg","lower_limit_unit":"m","type_code_detail":"INT_APT","external_reference":"1PCFQKA","name":["Neubrandenburg"],"generated_name_DE":"Neubrandenburg","lower_limit_altitude":0.0,"lower_limit_alt_ref":"AGL","type_code":"FLUGHAFEN"}},{"type":"Feature","geometry":{"coordinates":[[[8.65060229,51.61418888],[8.65057194,51.61416553],[8.6498882,51.61367683],[8.64973882,51.61357752],[8.64931593,51.61330793],[8.6490369,51.61313735],[8.64893768,51.61307584],[8.6485932,51.6128606],[8.64853054,51.61282168],[8.64813254,51.61257601],[8.64811071,51.61256257],[8.64736393,51.61210356],[8.64698339,51.61186686],[8.64469668,51.61070911],[8.64208017,51.60986446],[8.64020008,51.60953555],[8.63882613,51.60850558],[8.63872681,51.60825993],[8.63767941,51.60681266],[8.63696449,51.60616217],[8.63684193,51.60602145],[8.63666036,51.60588543],[8.63623965,51.60550262],[8.63565538,51.60513256],[8.63503079,51.60466464],[8.63447026,51.60438192],[8.63445243,51.60437063],[8.63424881,51.60426263],[8.63424266,51.60426713],[8.63282912,51.60355414],[8.6303217,51.60273268],[8.62902182,51.60249307],[8.62675186,51.60179623],[8.62515534,51.60152663],[8.62262683,51.60049213],[8.62183937,51.60019193],[8.62159416,51.60010503],[8.61905024,51.59939623],[8.61731826,51.59914664],[8.61603052,51.5986021],[8.61479991,51.59808169],[8.61474833,51.59805988],[8.61213925,51.59718546],[8.60929858,51.59666109],[8.60634588,51.59650886],[8.60599729,51.59653569],[8.60483849,51.59615439],[8.60212849,51.59565095],[8.59931293,51.59548614],[8.5973722,51.59561042],[8.55094006,51.57664531],[8.53510218,51.59167979],[8.58191795,51.61080417],[8.58227745,51.61152619],[8.58362403,51.61307322],[8.58542887,51.61442732],[8.58762286,51.61553662],[8.58982727,51.61644374],[8.59162539,51.61718379],[8.59335233,51.6178969],[8.59342466,51.61792657],[8.59824967,51.61989289],[8.60038719,51.62076557],[8.60044082,51.62078735],[8.60117579,51.62108451],[8.60167254,51.62128534],[8.60825791,51.62396813],[8.60860092,51.62412594],[8.60885767,51.62423222],[8.60934357,51.62438112],[8.60953549,51.62445948],[8.61136087,51.62581635],[8.61141663,51.62584927],[8.61252203,51.62643887],[8.61259252,51.62647278],[8.61355686,51.62689871],[8.61546896,51.62767197],[8.61576988,51.62779601],[8.61668231,51.62815734],[8.61672412,51.62817389],[8.61931443,51.6292332],[8.61999711,51.62951282],[8.62001747,51.62952114],[8.62281266,51.63066171],[8.62283452,51.63067061],[8.62441454,51.63131273],[8.62455337,51.63136915],[8.62467282,51.63141717],[8.62609223,51.63198164],[8.62629494,51.63206079],[8.62636333,51.632087],[8.62699898,51.63231697],[8.62705638,51.63233654],[8.6279519,51.63261713],[8.6280055,51.63263249],[8.62914529,51.63292328],[8.62919641,51.63293477],[8.6304952,51.63318421],[8.63054637,51.63319242],[8.63175684,51.63335254],[8.63181229,51.63335834],[8.63287858,51.63344467],[8.63293894,51.63344814],[8.63384317,51.63348238],[8.63391003,51.63348361],[8.63490305,51.63348055],[8.63499655,51.63347826],[8.63662815,51.63338038],[8.63670746,51.63337278],[8.63710628,51.63330419],[8.68180514,51.65149239],[8.69761553,51.63643824],[8.65371169,51.61857632],[8.65346685,51.61778712],[8.65345633,51.61776066],[8.65296188,51.61676709],[8.6529469,51.6167422],[8.65234411,51.61588021],[8.6523297,51.61586223],[8.65176804,51.61522706],[8.65173818,51.61519629],[8.65060229,51.61418888]]],"type":"Polygon"},"properties":{"legal_ref":"§ 21h, Abs. 3 (2.) LuftVO","generated_name_EN":"VFH Paderborn-Lippstadt","lower_limit_unit":"m","type_code_detail":"INT_APT","external_reference":"j4ATZKA","name":["VFH Paderborn-Lippstadt"],"generated_name_DE":"VFH Paderborn-Lippstadt","lower_limit_altitude":0.0,"lower_limit_alt_ref":"AGL","type_code":"FLUGHAFEN"}},{"type":"Feature","geometry":{"coordinates":[[[8.0888867,50.72008036],[8.08938153,50.71931575],[8.08999751,50.71901094],[8.09002932,50.71899516],[8.09257654,50.7177272],[8.09279998,50.71761597],[8.1016751,50.71319731],[8.1017147,50.71317752],[8.10267003,50.7126983],[8.10551511,50.71128288],[8.1060695,50.71100705],[8.10606787,50.71100573],[8.10664732,50.71074992],[8.10716238,50.71046709],[8.1071784,50.71045828],[8.10721315,50.71043914],[8.10823625,50.70981598],[8.10826451,50.70979695],[8.10929815,50.70901675],[8.10932346,50.70899529],[8.10996819,50.70840006],[8.1099991,50.70836891],[8.11122528,50.70681972],[8.1119604,50.70514991],[8.11202699,50.70461901],[8.15503077,50.68321292],[8.13756782,50.66905877],[8.09203096,50.69172062],[8.08937149,50.69170437],[8.0866853,50.69202128],[8.08414491,50.69265998],[8.08184489,50.69359671],[8.08088744,50.69407533],[8.0782228,50.6944444],[8.0756836,50.6951465],[8.07349935,50.69610887],[8.07330384,50.6961031],[8.07114934,50.69631538],[8.07096262,50.69632889],[8.07091296,50.69633867],[8.07050584,50.69637877],[8.06944866,50.69662707],[8.06843338,50.69682703],[8.06805703,50.6969539],[8.06785009,50.6970025],[8.06770137,50.69704863],[8.06771674,50.69706862],[8.06609435,50.69761554],[8.06402732,50.69866686],[8.06230459,50.69994422],[8.06098643,50.70140296],[8.06011898,50.70299206],[8.05973261,50.70465595],[8.05972877,50.70470209],[8.05834744,50.70598707],[8.05723447,50.70768787],[8.05676695,50.7092427],[8.00829624,50.73328801],[8.02574358,50.74746129],[8.07138257,50.72481799],[8.07296878,50.72496007],[8.07568349,50.72487035],[8.07578426,50.72485442],[8.07819925,50.72480099],[8.08083232,50.72441693],[8.08330258,50.72372251],[8.08552015,50.72274301],[8.08740436,50.72151405],[8.0888867,50.72008036]]],"type":"Polygon"},"properties":{"legal_ref":"§ 21h, Abs. 3 (2.) LuftVO","generated_name_EN":"VFH Siegerland","lower_limit_unit":"m","type_code_detail":"INT_APT","external_reference":"iVSoZKA","name":["VFH Siegerland"],"generated_name_DE":"VFH Siegerland","lower_limit_altitude":0.0,"lower_limit_alt_ref":"AGL","type_code":"FLUGHAFEN"}},{"type":"Feature","geometry":{"coordinates":[[[10.57834488,52.30939718],[10.57752593,52.30935811],[10.57739873,52.30928323],[10.57508561,52.30836078],[10.57253159,52.30772021],[10.56982705,52.30738419],[10.5696622,52.30737346],[10.56909781,52.3073589],[10.56784236,52.30723784],[10.56542352,52.30728282],[10.56541604,52.30728016],[10.56496359,52.30704444],[10.56331126,52.30647835],[10.56333529,52.30645062],[10.5630629,52.30636194],[10.56271811,52.30627513],[10.56247359,52.30619135],[10.56233299,52.30615366],[10.56231818,52.30617442],[10.56039687,52.30569059],[10.55756816,52.30535178],[10.554686,52.30535859],[10.55186163,52.30571076],[10.55151965,52.30579878],[10.5493495,52.305407],[10.54647977,52.30524888],[10.54636943,52.30524947],[10.54333753,52.30546027],[10.54044235,52.30605105],[10.5394178,52.30641884],[10.53811987,52.30651738],[10.53529249,52.3071055],[10.53271794,52.30803238],[10.53136061,52.30878443],[10.47500922,52.30560295],[10.47230679,52.32350523],[10.52977159,52.32674912],[10.53089146,52.32747306],[10.53337849,52.32852816],[10.53579947,52.32934295],[10.53585501,52.32936154],[10.53880172,52.33034304],[10.54144163,52.33102704],[10.54424827,52.33138349],[10.54547759,52.33139006],[10.54592668,52.33147694],[10.54828023,52.33230462],[10.54835238,52.33232462],[10.54862042,52.33239694],[10.54983948,52.33271699],[10.55245297,52.33323191],[10.55517731,52.33343953],[10.5579171,52.33333257],[10.56057638,52.33291479],[10.56306201,52.33220081],[10.56528694,52.33121564],[10.5657276,52.33093022],[10.56614403,52.33097147],[10.56890425,52.33092378],[10.56923422,52.33087928],[10.5703404,52.3309987],[10.57172601,52.33107234],[10.57176387,52.33107432],[10.57338625,52.33115793],[10.57441077,52.33122415],[10.5746568,52.33123876],[10.57832025,52.33143727],[10.58055004,52.33145383],[10.58275816,52.33126315],[10.58313534,52.33121242],[10.58691798,52.33035598],[10.58709514,52.33029782],[10.58719484,52.3303088],[10.58819648,52.33035778],[10.59105447,52.33032637],[10.59184708,52.3302213],[10.64722573,52.33329088],[10.64985799,52.31538524],[10.59446818,52.31231485],[10.59358052,52.31209453],[10.59067799,52.31176495],[10.58987912,52.3117245],[10.58825737,52.31102446],[10.58799776,52.31092979],[10.58540466,52.31018369],[10.58262446,52.30976071],[10.5793343,52.30946514],[10.57834488,52.30939718]]],"type":"Polygon"},"properties":{"legal_ref":"§ 21h, Abs. 3 (2.) LuftVO","generated_name_EN":"Verkehrsflughafen Braunschweig-Wolfsburg","lower_limit_unit":"m","type_code_detail":"INT_APT","external_reference":"sRU4gKA","name":["Verkehrsflughafen Braunschweig-Wolfsburg"],"generated_name_DE":"Verkehrsflughafen Braunschweig-Wolfsburg","lower_limit_altitude":0.0,"lower_limit_alt_ref":"AGL","type_code":"FLUGHAFEN"}},{"type":"Feature","geometry":{"coordinates":[[[7.56961607,49.44986203],[7.56991828,49.44994583],[7.57095796,49.45019643],[7.57198556,49.45092089],[7.57363228,49.45177456],[7.57384221,49.45186728],[7.57503011,49.45230498],[7.57543919,49.45256033],[7.57787535,49.453546],[7.58057151,49.45418203],[7.58341115,49.45444094],[7.583951,49.45441652],[7.58490662,49.45444673],[7.58750419,49.45436887],[7.59003318,49.45397458],[7.59124528,49.45361835],[7.59126757,49.45361389],[7.59130151,49.45360183],[7.59240369,49.45327789],[7.59266429,49.45315856],[7.59316544,49.45314125],[7.59571133,49.45272911],[7.59624,49.45256944],[7.59780191,49.45261236],[7.59886003,49.4526439],[7.59887448,49.45264433],[7.60170928,49.45272686],[7.60436937,49.45263642],[7.60695318,49.45221433],[7.60824372,49.45181934],[7.61000027,49.45224827],[7.61085982,49.45233728],[7.61276438,49.45279852],[7.61544124,49.45307804],[7.61551946,49.45308113],[7.61591864,49.45320378],[7.61849083,49.45362802],[7.62114005,49.45372336],[7.62376825,49.45348626],[7.62627818,49.45292551],[7.62857696,49.45206185],[7.63057953,49.45092723],[7.63272675,49.44945141],[7.6337751,49.44874071],[7.63403789,49.44858422],[7.63490214,49.4480218],[7.6350071,49.44794716],[7.63537098,49.44769492],[7.63551505,49.4475935],[7.63564176,49.44750291],[7.65739378,49.44845547],[7.6888226,49.45119649],[7.69247008,49.43336657],[7.68640483,49.43283761],[7.68652114,49.43170264],[7.66016142,49.43054889],[7.66004286,49.43053855],[7.65018739,49.42967904],[7.64070501,49.42885207],[7.63991916,49.42825891],[7.63764861,49.4271311],[7.63507082,49.42633227],[7.63229619,49.42589664],[7.63163858,49.42583945],[7.63017418,49.42491003],[7.62809485,49.42400188],[7.62775776,49.42390676],[7.62747343,49.42366239],[7.6258326,49.42264997],[7.62576288,49.42261352],[7.6241858,49.42191404],[7.62418666,49.42191317],[7.62413695,49.42189237],[7.62397457,49.42182035],[7.62361399,49.4216861],[7.62349933,49.42162668],[7.62260921,49.42132298],[7.62259348,49.4213172],[7.62257465,49.42131119],[7.62118824,49.42083814],[7.61869093,49.42034759],[7.61793586,49.42024888],[7.61680358,49.42013256],[7.61630763,49.42009531],[7.6162589,49.42008254],[7.61596822,49.42000925],[7.61403835,49.41962591],[7.61382592,49.41959458],[7.61097521,49.41937398],[7.61088588,49.41937318],[7.60946328,49.41943907],[7.60682033,49.41933766],[7.60417837,49.41880199],[7.60187755,49.41847291],[7.60058603,49.41843515],[7.6001225,49.41781656],[7.59957148,49.41722911],[7.59923565,49.41685851],[7.59870102,49.41631419],[7.59852928,49.41615244],[7.59706535,49.41499375],[7.59532642,49.4140101],[7.59522005,49.41395942],[7.59304463,49.41311117],[7.59066802,49.41253704],[7.59052137,49.41251133],[7.58789242,49.4122244],[7.58663738,49.41216786],[7.5866115,49.41216671],[7.58531713,49.41210999],[7.5829087,49.41199891],[7.58206932,49.41195719],[7.58072417,49.41193329],[7.58047177,49.41193685],[7.57938467,49.41198025],[7.57775157,49.41208782],[7.57467883,49.41252543],[7.57183802,49.41340604],[7.56937697,49.41468381],[7.56904771,49.41489909],[7.56755912,49.4148918],[7.56478847,49.41525413],[7.5621892,49.41597737],[7.5598705,49.41703116],[7.55792976,49.41837124],[7.55644854,49.41994131],[7.55565124,49.42138238],[7.51257051,49.41757419],[7.51124698,49.42393052],[7.50803179,49.42378607],[7.50612776,49.44173044],[7.56062837,49.44417737],[7.560755,49.44441268],[7.56209383,49.44590319],[7.56384508,49.4471993],[7.56423606,49.44743793],[7.56464263,49.44769076],[7.56593097,49.44839917],[7.56616932,49.44851475],[7.56697942,49.44886237],[7.56751292,49.44913315],[7.56961607,49.44986203]]],"type":"Polygon"},"properties":{"legal_ref":"§ 21h, Abs. 3 (2.) LuftVO","generated_name_EN":"RAMSTEIN AB","lower_limit_unit":"m","type_code_detail":"MILITARY","external_reference":"aiE2kKA","name":["RAMSTEIN AB"],"generated_name_DE":"RAMSTEIN AB","lower_limit_altitude":0.0,"lower_limit_alt_ref":"AGL","type_code":"FLUGHAFEN"}},{"type":"Feature","geometry":{"coordinates":[[[9.53379985,47.66610745],[9.53307542,47.66579863],[9.53287667,47.66571982],[9.53285848,47.66571318],[9.53277078,47.66566927],[9.53175341,47.66520735],[9.53110026,47.6649394],[9.53082739,47.66483044],[9.53056105,47.66472696],[9.53046348,47.66469168],[9.53029098,47.66458723],[9.5302091,47.66454458],[9.52946171,47.66418238],[9.52884125,47.66390309],[9.52802655,47.66357539],[9.5278149,47.66348087],[9.52752943,47.66335796],[9.52741306,47.66329611],[9.52718987,47.66319608],[9.52671305,47.66302059],[9.52671433,47.66301921],[9.52617652,47.66279002],[9.52579835,47.66259447],[9.52375515,47.66192707],[9.52374445,47.6619196],[9.52359041,47.66182586],[9.52191061,47.66095647],[9.52136159,47.66071651],[9.51989674,47.66007179],[9.51977564,47.66001912],[9.51911155,47.65973368],[9.51879084,47.6596289],[9.51845806,47.65944557],[9.51825879,47.65937631],[9.518037,47.65926442],[9.51737678,47.65895192],[9.51600719,47.65834454],[9.51595698,47.6583222],[9.51372855,47.65752402],[9.5113174,47.65702397],[9.50915373,47.65686519],[9.5082923,47.65653315],[9.50819472,47.6564959],[9.50750656,47.6562358],[9.50492559,47.65548932],[9.50217039,47.65512496],[9.50104373,47.65513859],[9.50087662,47.65508603],[9.49830618,47.6546669],[9.49566386,47.65459912],[9.49525798,47.65464364],[9.45012988,47.63711188],[9.43684961,47.65270949],[9.48394057,47.67100482],[9.48408527,47.67118993],[9.48432769,47.67148641],[9.48438007,47.67154771],[9.48583647,47.67293166],[9.48765196,47.67410613],[9.48867659,47.67465365],[9.48873942,47.67468702],[9.48882039,47.67472976],[9.48951407,47.67507213],[9.48967925,47.67514826],[9.48970928,47.67516579],[9.48972331,47.67517343],[9.49024734,47.67559011],[9.4903526,47.67565361],[9.49262571,47.67675817],[9.49318103,47.67697209],[9.49384032,47.67825132],[9.49524523,47.679833],[9.49709828,47.68118794],[9.49932162,47.6822592],[9.50142397,47.68306646],[9.50144143,47.68307316],[9.50170105,47.68317249],[9.50172976,47.68318344],[9.50274291,47.68356885],[9.50321834,47.68384435],[9.50561271,47.68473528],[9.50822602,47.68527742],[9.51012694,47.6853965],[9.51081059,47.68547829],[9.51234376,47.68554205],[9.51403622,47.68550755],[9.51423975,47.68555267],[9.51431713,47.68556977],[9.5155275,47.68583705],[9.51581581,47.68590855],[9.51613826,47.68598536],[9.51729924,47.68625065],[9.51746533,47.68628778],[9.51754166,47.68630447],[9.51756786,47.68631074],[9.51884241,47.68661592],[9.51897283,47.68664663],[9.52046934,47.68699318],[9.52048149,47.68699623],[9.52110571,47.68714137],[9.52139506,47.68720327],[9.52255762,47.68745856],[9.52501604,47.6878293],[9.52744782,47.68787919],[9.57366214,47.70577341],[9.58691482,47.69016022],[9.54177703,47.67268479],[9.54140735,47.67200136],[9.54001724,47.67047059],[9.53941746,47.67003581],[9.5387702,47.66920175],[9.53705927,47.66778982],[9.53496191,47.66664004],[9.53422843,47.66631528],[9.53396282,47.66618197],[9.53379985,47.66610745]]],"type":"Polygon"},"properties":{"legal_ref":"§ 21h, Abs. 3 (2.) LuftVO","generated_name_EN":"Friedrichshafen Flughafen","lower_limit_unit":"m","type_code_detail":"INT_APT","external_reference":"TcK2JKA","name":["Friedrichshafen Flughafen"],"generated_name_DE":"Friedrichshafen Flughafen","lower_limit_altitude":0.0,"lower_limit_alt_ref":"AGL","type_code":"FLUGHAFEN"}},{"type":"Feature","geometry":{"coordinates":[[[13.52946842,52.34738806],[13.51338308,52.34357804],[13.50359409,52.34122872],[13.50335086,52.34117186],[13.50158914,52.34077089],[13.49939619,52.34027172],[13.49922092,52.34023182],[13.49699138,52.33968694],[13.496477,52.33956122],[13.49636513,52.3395342],[13.49285719,52.33869708],[13.4889853,52.33777295],[13.48528618,52.33688991],[13.4838321,52.33654275],[13.48379669,52.33653433],[13.48108927,52.33589282],[13.47739422,52.33501717],[13.4734158,52.33407419],[13.46995978,52.33325489],[13.46972583,52.33319868],[13.46683951,52.33252325],[13.46364278,52.33201884],[13.46278095,52.33194483],[13.46232092,52.33190985],[13.46222252,52.33190334],[13.45954164,52.33187689],[13.45689772,52.33214997],[13.45600652,52.33229438],[13.45485626,52.33257345],[13.40570558,52.3208683],[13.39507343,52.33760656],[13.42166756,52.34394048],[13.41155953,52.35985661],[13.45632608,52.37050615],[13.45705783,52.37142755],[13.45876447,52.37281308],[13.4588169,52.37284803],[13.46135974,52.37419436],[13.46433671,52.37515097],[13.46970348,52.37641958],[13.47014701,52.37652598],[13.47018864,52.37653592],[13.47420192,52.37748991],[13.47571345,52.37831297],[13.47809003,52.37918124],[13.48069084,52.37976089],[13.48211771,52.3799021],[13.48586129,52.38137986],[13.48596122,52.38141895],[13.48810761,52.38225117],[13.48811644,52.38234783],[13.48884478,52.3840658],[13.49011116,52.38566255],[13.49186614,52.38707568],[13.49262031,52.38748287],[13.49281889,52.38767724],[13.49360289,52.38818159],[13.4939464,52.38897561],[13.49515071,52.39050743],[13.49680535,52.39187294],[13.4974875,52.39225651],[13.49780717,52.39255064],[13.49841764,52.39293087],[13.49878825,52.39322739],[13.49905185,52.3933659],[13.49940765,52.39392539],[13.5009126,52.39538306],[13.50284528,52.39663788],[13.50513445,52.39764361],[13.50518683,52.39766224],[13.50534493,52.39773296],[13.50539429,52.39775495],[13.50570981,52.39789487],[13.50813363,52.39876628],[13.51078465,52.39933901],[13.51356558,52.39959205],[13.51396452,52.39958126],[13.51552552,52.40009551],[13.51566479,52.4001346],[13.51693357,52.40055962],[13.51702839,52.40058508],[13.52061222,52.40122976],[13.52069595,52.40123795],[13.52433455,52.40131386],[13.52441871,52.40130921],[13.52675466,52.40106236],[13.52899516,52.40058873],[13.5290905,52.40056313],[13.53148033,52.39975151],[13.53358265,52.39868293],[13.53532457,52.39739445],[13.53542679,52.39730261],[13.53560123,52.39714219],[13.53664254,52.39616196],[13.53721449,52.39566361],[13.53742632,52.39548178],[13.53896585,52.39380561],[13.53988674,52.39196735],[13.53992307,52.39185185],[13.53998604,52.39138764],[13.54130055,52.39104497],[13.54162028,52.39094714],[13.54199954,52.39082459],[13.58903585,52.40194494],[13.59960776,52.38519075],[13.58652107,52.38209677],[13.59656757,52.36617055],[13.54977424,52.35510154],[13.54888116,52.35407803],[13.5487561,52.35395754],[13.54718048,52.3527002],[13.54694583,52.35254374],[13.54436309,52.35118038],[13.54133611,52.35021906],[13.54119879,52.35018722],[13.54009485,52.34991532],[13.539929,52.34987518],[13.52948877,52.34739289],[13.52946842,52.34738806]]],"type":"Polygon"},"properties":{"legal_ref":"§ 21h, Abs. 3 (2.) LuftVO","generated_name_EN":"BERLIN BRANDENBURG","lower_limit_unit":"m","type_code_detail":"INT_APT","external_reference":"uQiEZKA","name":["BERLIN BRANDENBURG"],"generated_name_DE":"BERLIN BRANDENBURG","lower_limit_altitude":0.0,"lower_limit_alt_ref":"AGL","type_code":"FLUGHAFEN"}},{"type":"Feature","geometry":{"coordinates":[[[13.79938299,51.13849327],[13.7992422,51.13835383],[13.79866637,51.13779496],[13.79771282,51.13697512],[13.79716384,51.13655518],[13.79683875,51.13631521],[13.79568521,51.13549337],[13.7956287,51.13545335],[13.79499282,51.1350057],[13.79492999,51.13495777],[13.79491171,51.13496725],[13.79426552,51.13452654],[13.79423652,51.13450493],[13.79420956,51.13448837],[13.79397849,51.13433077],[13.79278599,51.13325048],[13.79262261,51.13313044],[13.79090292,51.13186688],[13.79047048,51.13154913],[13.79042899,51.13146061],[13.78939983,51.13012721],[13.78803615,51.12891849],[13.78742599,51.12846262],[13.78545207,51.12724853],[13.78517443,51.12713399],[13.78519893,51.12695291],[13.78515453,51.126716],[13.78513285,51.12562457],[13.78479252,51.12457703],[13.78478352,51.1245118],[13.78473498,51.1243999],[13.78459297,51.12396276],[13.78445188,51.12374728],[13.78410854,51.12295573],[13.78300216,51.12150074],[13.78150011,51.12019376],[13.7810442,51.11986404],[13.78065583,51.11957983],[13.77997495,51.11891451],[13.77954515,51.1185897],[13.77743467,51.11729423],[13.77494634,51.11629935],[13.77407426,51.11609339],[13.77340172,51.11532392],[13.77161223,51.1139821],[13.76944299,51.11288446],[13.76697654,51.11207277],[13.76430671,51.1115779],[13.76153508,51.11141869],[13.75886003,51.11159505],[13.75856383,51.11159571],[13.75600708,51.11191209],[13.71909093,51.08504966],[13.69751655,51.09679667],[13.73570617,51.12459378],[13.73573879,51.12533791],[13.73574904,51.12539225],[13.73637886,51.12716804],[13.73756465,51.12882747],[13.73762322,51.12889124],[13.73803252,51.12930997],[13.73812764,51.12940156],[13.73912998,51.13025252],[13.73934427,51.13041363],[13.73964975,51.13063101],[13.74019497,51.13106542],[13.74030663,51.13115325],[13.74045379,51.13126753],[13.74139567,51.13250741],[13.74298203,51.13386537],[13.74384188,51.13447253],[13.74578596,51.13561144],[13.74720496,51.13617534],[13.74779012,51.1365313],[13.74785332,51.13657582],[13.74806442,51.13671885],[13.74841362,51.13696415],[13.74857317,51.13709027],[13.74910751,51.13748837],[13.74949822,51.1377629],[13.75180497,51.13948374],[13.75196922,51.13960409],[13.75381146,51.14093002],[13.75614591,51.14227465],[13.7567609,51.14249573],[13.75687876,51.14258263],[13.7568846,51.14257949],[13.75728602,51.14288322],[13.75752818,51.14304996],[13.75849174,51.14376551],[13.75882049,51.14398687],[13.75943753,51.14444512],[13.75963063,51.14458554],[13.76037524,51.14511587],[13.76060284,51.14528654],[13.76075219,51.14539671],[13.7609536,51.1455429],[13.76112558,51.14584297],[13.76122401,51.14596919],[13.76300231,51.14770881],[13.76351031,51.14809844],[13.76565157,51.14942653],[13.76581045,51.14950618],[13.76585728,51.14952964],[13.76595059,51.14958431],[13.76637875,51.14984951],[13.76645699,51.1498976],[13.76827434,51.15100608],[13.76857878,51.15119888],[13.76863802,51.15124416],[13.76883735,51.15140272],[13.76937337,51.15176678],[13.76949651,51.15188582],[13.76965066,51.1520038],[13.77138907,51.1531202],[13.77154878,51.15320632],[13.77325303,51.15399526],[13.77512401,51.15461709],[13.77528969,51.15466263],[13.77737166,51.15508645],[13.77785065,51.15521449],[13.81420259,51.18158025],[13.83578399,51.1698115],[13.8027269,51.14584481],[13.80288933,51.14499234],[13.80275648,51.14344187],[13.80220105,51.14192897],[13.80213502,51.14180087],[13.80086044,51.14001781],[13.80009481,51.13919886],[13.79970078,51.13880147],[13.79947828,51.13858958],[13.79938299,51.13849327]]],"type":"Polygon"},"properties":{"legal_ref":"§ 21h, Abs. 3 (2.) LuftVO","generated_name_EN":"DRESDEN","lower_limit_unit":"m","type_code_detail":"INT_APT","external_reference":"mhcRSKA","name":["DRESDEN"],"generated_name_DE":"DRESDEN","lower_limit_altitude":0.0,"lower_limit_alt_ref":"AGL","type_code":"FLUGHAFEN"}},{"type":"Feature","geometry":{"coordinates":[[[10.73899995,53.79806839],[10.73882568,53.79803421],[10.73815827,53.79790593],[10.73808616,53.79789158],[10.73790579,53.79785643],[10.73747298,53.79777385],[10.73712536,53.79770771],[10.73712421,53.79770984],[10.73634085,53.79755386],[10.73507427,53.79734261],[10.72961765,53.79630007],[10.72907147,53.79596379],[10.7266399,53.79495905],[10.72392491,53.79425331],[10.7238117,53.79423141],[10.72341661,53.79416107],[10.72309292,53.79408913],[10.7217187,53.79380538],[10.72049071,53.79359417],[10.71937293,53.79337358],[10.71935276,53.79336961],[10.71743044,53.79299199],[10.71724185,53.79295454],[10.71620687,53.79243571],[10.71338628,53.79131632],[10.71021611,53.79059616],[10.70685494,53.79031124],[10.70306685,53.7902436],[10.70113769,53.79028182],[10.69993964,53.79035089],[10.69894071,53.79030782],[10.69602642,53.79051765],[10.69372334,53.79096157],[10.63705247,53.78002643],[10.6276355,53.79711346],[10.6838461,53.80796018],[10.68387977,53.8080192],[10.68541431,53.80958039],[10.68744543,53.8109284],[10.6898911,53.81200877],[10.69010591,53.8120686],[10.69011189,53.81207242],[10.69049183,53.81230669],[10.69068072,53.81241901],[10.69073598,53.8124517],[10.69105122,53.81263725],[10.69129655,53.81278801],[10.69313691,53.81394704],[10.69331904,53.81405975],[10.69464531,53.81486643],[10.69702613,53.81604519],[10.69976235,53.81691278],[10.70217807,53.81733483],[10.7029988,53.81759244],[10.70585045,53.81809841],[10.70881415,53.81826541],[10.71177595,53.81808699],[10.71462197,53.81757004],[10.71942286,53.81638208],[10.7205905,53.81660524],[10.72388181,53.81725217],[10.72419396,53.81731131],[10.72578362,53.81760134],[10.72926555,53.81829744],[10.72933471,53.81831127],[10.72986018,53.81841007],[10.73020077,53.81847009],[10.73051065,53.81852765],[10.73341377,53.81888715],[10.73637962,53.81890584],[10.73914484,53.81859964],[10.79921804,53.83012256],[10.80857199,53.81302267],[10.7472679,53.80126351],[10.74586218,53.80030115],[10.74344907,53.79919976],[10.74071314,53.7984058],[10.7405861,53.7983779],[10.73985318,53.79822939],[10.73949066,53.79816201],[10.73919665,53.7981055],[10.73905974,53.79808036],[10.73899995,53.79806839]]],"type":"Polygon"},"properties":{"legal_ref":"§ 21h, Abs. 3 (2.) LuftVO","generated_name_EN":"LUEBECK-BLANKENSEE","lower_limit_unit":"m","type_code_detail":"INT_APT","external_reference":"0SCPCKA","name":["LUEBECK-BLANKENSEE"],"generated_name_DE":"LUEBECK-BLANKENSEE","lower_limit_altitude":0.0,"lower_limit_alt_ref":"AGL","type_code":"FLUGHAFEN"}},{"type":"Feature","geometry":{"coordinates":[[[9.96973782,49.38005643],[9.96875098,49.37979165],[9.96859726,49.37975488],[9.96831293,49.37968674],[9.96649858,49.37934204],[9.96614462,49.37929169],[9.96592504,49.37926167],[9.96552545,49.37920925],[9.96438914,49.37909218],[9.96316623,49.37900014],[9.96305946,49.37899238],[9.96263283,49.37896247],[9.96169839,49.37889325],[9.95931378,49.37870043],[9.95653155,49.37866033],[9.95379371,49.37898608],[9.95121195,49.37966439],[9.95099617,49.37975769],[9.95070506,49.37971876],[9.95060855,49.37970877],[9.94777065,49.37960872],[9.94496167,49.37989095],[9.94428424,49.38005709],[9.88618606,49.36961285],[9.87886137,49.38695463],[9.9367558,49.39736243],[9.93852231,49.39846129],[9.94078773,49.39940121],[9.94328942,49.40003662],[9.94582504,49.40050096],[9.94784501,49.40073737],[9.94835185,49.40085106],[9.94899051,49.40097605],[9.94930136,49.4010343],[9.95379038,49.40183828],[9.95381353,49.40184241],[9.95539239,49.40212321],[9.95573839,49.4022779],[9.95603178,49.40254154],[9.95790712,49.40369422],[9.9600785,49.40459899],[9.96247003,49.40522419],[9.96499811,49.405548],[9.96757438,49.40555908],[9.96822956,49.40552178],[9.97118643,49.40513739],[9.97155163,49.40506204],[9.97215511,49.40492741],[9.97269302,49.40479827],[9.97400964,49.40443041],[9.97478722,49.4041812],[10.02755033,49.41361734],[10.03482634,49.39626654],[9.98015226,49.38648821],[9.97917867,49.38484825],[9.97763466,49.3832958],[9.97563668,49.38198253],[9.97326935,49.38096403],[9.9712044,49.38043096],[9.97120872,49.38042345],[9.96995782,49.38011647],[9.96982273,49.38008176],[9.96973782,49.38005643]]],"type":"Polygon"},"properties":{"legal_ref":"§ 21h, Abs. 3 (2.) LuftVO","generated_name_EN":"Niederstetten","lower_limit_unit":"m","type_code_detail":"MILITARY","external_reference":"bej3KKA","name":["Niederstetten"],"generated_name_DE":"Niederstetten","lower_limit_altitude":0.0,"lower_limit_alt_ref":"AGL","type_code":"FLUGHAFEN"}},{"type":"Feature","geometry":{"coordinates":[[[6.80153528,51.28927362],[6.80135811,51.28911701],[6.80128486,51.28803085],[6.80054055,51.28621339],[6.79921084,51.2845324],[6.79735373,51.28306111],[6.79728485,51.28301694],[6.7971286,51.28291825],[6.79705197,51.2828706],[6.79701092,51.28284517],[6.79693396,51.28279769],[6.79606801,51.28236029],[6.7955015,51.28186239],[6.79473365,51.28076788],[6.7939839,51.27992803],[6.79384109,51.27979106],[6.79370351,51.27960192],[6.79323812,51.27909659],[6.79315178,51.27899459],[6.79207659,51.27734506],[6.79203124,51.27729144],[6.7903473,51.27572424],[6.7895557,51.2752455],[6.78831426,51.27413124],[6.78781595,51.27313028],[6.78649019,51.27159709],[6.78537049,51.27055743],[6.7834355,51.26911402],[6.78106315,51.26795559],[6.77835784,51.2671331],[6.77543859,51.26668272],[6.77247102,51.266625],[6.77123917,51.26623687],[6.77112382,51.26619785],[6.77105143,51.26617337],[6.77070696,51.26606061],[6.76997183,51.26582787],[6.76917583,51.26559478],[6.76913198,51.26558295],[6.7689632,51.26553114],[6.76800236,51.26499085],[6.76795665,51.26496791],[6.76629771,51.26424917],[6.76623841,51.26422717],[6.76448332,51.26367419],[6.76441467,51.26365614],[6.76284581,51.26330934],[6.76276759,51.26329519],[6.7614333,51.26309668],[6.7613447,51.26308628],[6.76023699,51.26298416],[6.76014395,51.2629779],[6.75908997,51.26293157],[6.75899519,51.2629296],[6.7579748,51.26293121],[6.75787797,51.26293353],[6.75691335,51.26297711],[6.75681406,51.26298371],[6.75635542,51.26301892],[6.75544532,51.26309815],[6.75542027,51.26310032],[6.75519598,51.26312098],[6.75479871,51.26308643],[6.754553,51.26307604],[6.75439505,51.26305714],[6.75175045,51.26289785],[6.74910444,51.26304758],[6.74654793,51.26350117],[6.74416878,51.26424304],[6.74388476,51.26437764],[6.74379877,51.26440574],[6.70729152,51.24697678],[6.68993565,51.26128098],[6.6909869,51.26178292],[6.68664566,51.26536047],[6.72779104,51.28500423],[6.7277459,51.28515919],[6.72771797,51.2852656],[6.72764672,51.28556935],[6.72762319,51.28568313],[6.72757503,51.28594639],[6.7275554,51.28606969],[6.72752502,51.28628724],[6.72750829,51.28642648],[6.72748939,51.28660847],[6.72747566,51.28676512],[6.72746045,51.2869899],[6.72745368,51.28713195],[6.72744728,51.28739807],[6.72744722,51.2875308],[6.72745517,51.28783252],[6.72746184,51.28795803],[6.72748486,51.2882493],[6.72749489,51.28834481],[6.72752668,51.28859449],[6.72754118,51.28869138],[6.7275823,51.28893132],[6.72760128,51.28902965],[6.72765069,51.28926051],[6.72767416,51.28936033],[6.72773097,51.28958264],[6.72775895,51.289684],[6.72782161,51.28989581],[6.72785412,51.2899988],[6.72792202,51.29020165],[6.72795911,51.2903064],[6.72803051,51.29049815],[6.72807219,51.29060478],[6.72815223,51.29080004],[6.72820282,51.29091796],[6.7282974,51.29112821],[6.72835144,51.29124299],[6.72845863,51.29146045],[6.72851626,51.29157234],[6.72863575,51.29179436],[6.72869702,51.29190349],[6.72881367,51.29210366],[6.72886273,51.29218485],[6.72897326,51.29236208],[6.7290243,51.29244142],[6.7291438,51.29262154],[6.72919679,51.29269903],[6.72932685,51.29288347],[6.72938181,51.29295911],[6.72952244,51.29314687],[6.72957938,51.29322066],[6.72973074,51.29341106],[6.72978964,51.29348301],[6.72995263,51.29367626],[6.73001349,51.29374635],[6.73018838,51.29394191],[6.73025122,51.29401016],[6.73045044,51.29421992],[6.730526,51.29429707],[6.73073659,51.29450562],[6.73081797,51.29458382],[6.73102508,51.29477729],[6.73111269,51.29485689],[6.73130943,51.29503116],[6.73140384,51.29511272],[6.73159014,51.29527001],[6.73169124,51.29535346],[6.73186124,51.29549099],[6.73197128,51.29557825],[6.73219127,51.29574841],[6.73244972,51.2959434],[6.73267436,51.29610878],[6.73288487,51.29626001],[6.73323336,51.2965014],[6.73341227,51.2966209],[6.7337291,51.2968259],[6.73378674,51.29686203],[6.73409054,51.29704691],[6.73422696,51.29712751],[6.73637592,51.2981746],[6.73880186,51.29894821],[6.74141734,51.29942045],[6.74412806,51.2995743],[6.74683632,51.29940422],[6.74944448,51.29891632],[6.75000765,51.29873247],[6.75001667,51.2987326],[6.75197051,51.2996612],[6.75632131,51.30174791],[6.75642807,51.30179862],[6.75959838,51.30328971],[6.76253572,51.30468432],[6.76491787,51.30581956],[6.76907872,51.30782075],[6.76924766,51.307902],[6.76937177,51.30796101],[6.77013362,51.30831921],[6.77030927,51.30840049],[6.77042247,51.30845205],[6.7706652,51.30856019],[6.77083839,51.30863567],[6.77093648,51.30867805],[6.77108685,51.30874242],[6.77156674,51.30893918],[6.77167484,51.30898159],[6.77233345,51.30922491],[6.77240847,51.30925096],[6.77313903,51.30948777],[6.77320998,51.30950917],[6.77408632,51.3097513],[6.77415486,51.30976855],[6.77516645,51.30999591],[6.77523331,51.31000919],[6.77559615,51.31007622],[6.77611925,51.31020903],[6.77620103,51.31022714],[6.77730548,51.31044065],[6.77739292,51.31045516],[6.77842882,51.3106016],[6.77852188,51.3106125],[6.77947508,51.31070352],[6.77957376,51.31071082],[6.78038912,51.31075643],[6.78047725,51.31075977],[6.78118649,51.31077565],[6.78127732,51.31077628],[6.78186161,51.31077176],[6.82431325,51.33096488],[6.82864642,51.32738539],[6.83101973,51.32851421],[6.84835836,51.31418902],[6.80737603,51.29470012],[6.80676237,51.29400008],[6.80401094,51.29147873],[6.80238682,51.28998956],[6.80214832,51.28977087],[6.80158284,51.28925319],[6.80153528,51.28927362]]],"type":"Polygon"},"properties":{"legal_ref":"§ 21h, Abs. 3 (2.) LuftVO","generated_name_EN":"DUESSELDORF","lower_limit_unit":"m","type_code_detail":"INT_APT","external_reference":"huUJZKA","name":["DUESSELDORF"],"generated_name_DE":"DUESSELDORF","lower_limit_altitude":0.0,"lower_limit_alt_ref":"AGL","type_code":"FLUGHAFEN"}},{"type":"Feature","geometry":{"coordinates":[[[10.17961872,52.93144485],[10.18443563,52.93154376],[10.18876406,52.93163247],[10.19110052,52.9320765],[10.19667169,52.93313504],[10.20082198,52.93392128],[10.20374676,52.93428547],[10.20673301,52.93428931],[10.20966032,52.93393266],[10.2124107,52.93322989],[10.21487326,52.93220933],[10.21694877,52.93091213],[10.2185536,52.92939057],[10.21865192,52.9292357],[10.27551038,52.93068658],[10.27675339,52.91272481],[10.22191996,52.91132593],[10.22189029,52.91104493],[10.22193064,52.91069763],[10.22196693,52.9100152],[10.22196569,52.90988713],[10.2217073,52.90827041],[10.22097194,52.90670819],[10.21978365,52.90525148],[10.21971891,52.90518744],[10.2183852,52.90407056],[10.21678496,52.90309],[10.21643259,52.90290487],[10.21529681,52.90230808],[10.21517132,52.90224216],[10.21373504,52.90148757],[10.21219967,52.90067497],[10.21217804,52.90066355],[10.21097273,52.90002807],[10.2095309,52.89886677],[10.20738193,52.89769879],[10.20648256,52.89729821],[10.20605556,52.89699431],[10.20577824,52.89683873],[10.20526472,52.89656369],[10.20416711,52.8960026],[10.20147985,52.89490834],[10.1984645,52.89419211],[10.19526424,52.89388789],[10.19486569,52.89387662],[10.19190094,52.89398686],[10.19095934,52.89388976],[10.19085211,52.89387895],[10.18992779,52.89378783],[10.18875787,52.89355524],[10.18598415,52.89333737],[10.18591116,52.89333999],[10.18565466,52.89327978],[10.18280776,52.89297456],[10.17991702,52.89300839],[10.17709177,52.89337999],[10.17443885,52.89407531],[10.17414798,52.89419663],[10.17203974,52.89475108],[10.16961257,52.89577628],[10.16798525,52.8968083],[10.16765761,52.89696006],[10.16572764,52.89829091],[10.16558491,52.89841147],[10.16181236,52.90153748],[10.16145935,52.90178038],[10.1589887,52.90384872],[10.15878548,52.90402317],[10.15854635,52.9042337],[10.15786899,52.90479454],[10.15720248,52.90534458],[10.15697114,52.90554096],[10.15665576,52.90581641],[10.15481643,52.90733122],[10.15475521,52.90738201],[10.15458705,52.90752254],[10.15389823,52.90809842],[10.15163581,52.90907923],[10.15087918,52.90947579],[10.09223429,52.90791633],[10.09091499,52.92587656],[10.1527473,52.92751981],[10.15404626,52.9279674],[10.15684341,52.92852716],[10.16440824,52.92955185],[10.16443682,52.9295557],[10.16607541,52.92977553],[10.17052399,52.93037168],[10.17589948,52.93109305],[10.17666788,52.93120399],[10.17961872,52.93144485]]],"type":"Polygon"},"properties":{"legal_ref":"§ 21h, Abs. 3 (2.) LuftVO","generated_name_EN":"FASSBERG","lower_limit_unit":"m","type_code_detail":"MILITARY","external_reference":"rvU9IKA","name":["FASSBERG"],"generated_name_DE":"FASSBERG","lower_limit_altitude":0.0,"lower_limit_alt_ref":"AGL","type_code":"FLUGHAFEN"}},{"type":"Feature","geometry":{"coordinates":[[[11.83289996,49.20666816],[11.83282256,49.20666266],[11.83244682,49.20665968],[11.82979191,49.20680813],[11.82758762,49.20722279],[11.76273047,49.20737745],[11.76281874,49.22535896],[11.82642196,49.22520724],[11.82649488,49.22522633],[11.82658556,49.22524706],[11.82704822,49.22534684],[11.82718843,49.22537528],[11.82778741,49.22548709],[11.82788784,49.22550423],[11.82846736,49.22559441],[11.82857974,49.22561021],[11.82960382,49.22572788],[11.82967643,49.22573438],[11.8304304,49.22578799],[11.83050726,49.22579205],[11.83108049,49.22581445],[11.83118604,49.22581712],[11.83140155,49.22582077],[11.83143756,49.22582955],[11.83184514,49.22592095],[11.83367832,49.22624128],[11.8343212,49.22632293],[11.83647946,49.22648239],[11.83666999,49.22648652],[11.83763927,49.22648513],[11.83773964,49.22648266],[11.83855711,49.22644653],[11.83863565,49.22644152],[11.84019155,49.22628268],[11.84032738,49.22626353],[11.84252895,49.22582384],[11.8427492,49.22576623],[11.84367443,49.22548969],[11.84401778,49.22543954],[11.84426613,49.22540167],[11.84445548,49.22537158],[11.84459607,49.22535051],[11.84525501,49.22524043],[11.84534886,49.22522312],[11.84567067,49.22515441],[11.90924529,49.22495711],[11.90910386,49.20697671],[11.84931184,49.20716284],[11.84863677,49.20683947],[11.84630526,49.20611474],[11.84380794,49.2056888],[11.84123309,49.20557671],[11.83867172,49.20578243],[11.8362144,49.20629869],[11.83546815,49.20656492],[11.83488862,49.20656033],[11.83289996,49.20666816]]],"type":"Polygon"},"properties":{"legal_ref":"§ 21h, Abs. 3 (2.) LuftVO","generated_name_EN":"HOHENFELS AAF","lower_limit_unit":"m","type_code_detail":"MILITARY","external_reference":"dYAfJKA","name":["HOHENFELS AAF"],"generated_name_DE":"HOHENFELS AAF","lower_limit_altitude":0.0,"lower_limit_alt_ref":"AGL","type_code":"FLUGHAFEN"}},{"type":"Feature","geometry":{"coordinates":[[[8.37318851,54.90228895],[8.40981148,54.87268495],[8.3844386,54.86225068],[8.34779403,54.89185721],[8.34754744,54.89189693],[8.34479817,54.89270317],[8.34399773,54.89306779],[8.34346087,54.89301667],[8.34108784,54.89289699],[8.33871088,54.89298704],[8.33493009,54.8932987],[8.33248466,54.89361759],[8.33130646,54.89382987],[8.32759543,54.89482253],[8.32699911,54.89504093],[8.32633481,54.89527695],[8.32622555,54.89531613],[8.32617568,54.89533418],[8.32356255,54.89652142],[8.32350103,54.89655611],[8.32298367,54.89691286],[8.27004626,54.87901637],[8.25426136,54.89451521],[8.30840762,54.91282239],[8.30816751,54.91391784],[8.30806066,54.91438392],[8.30792662,54.91551178],[8.30792476,54.91570893],[8.30808038,54.91702466],[8.30812206,54.91719324],[8.3083784,54.91788221],[8.30860072,54.91879659],[8.30958521,54.92043777],[8.30983503,54.9206855],[8.3101266,54.92131691],[8.31019893,54.92143288],[8.31055089,54.92189124],[8.27503855,54.95047694],[8.30043827,54.96093398],[8.33790676,54.930757],[8.33877161,54.9307822],[8.33930525,54.93079775],[8.33983306,54.9308527],[8.34015996,54.93087201],[8.3406096,54.9308716],[8.3406235,54.93087372],[8.34435231,54.93116985],[8.34453686,54.93117157],[8.34823252,54.93095111],[8.34841128,54.93092781],[8.35231817,54.93008975],[8.35249369,54.93003576],[8.35418363,54.92936323],[8.35423883,54.92935991],[8.35477258,54.92927022],[8.35557781,54.92922394],[8.35655894,54.92906847],[8.41123751,54.94747789],[8.42698309,54.93195871],[8.37037221,54.91290049],[8.37042103,54.91252141],[8.37042398,54.91243888],[8.37183931,54.91119726],[8.37296673,54.90962254],[8.37355807,54.90795353],[8.37359213,54.90625022],[8.37352322,54.90577517],[8.37299068,54.9040216],[8.3728792,54.90385678],[8.37318851,54.90228895]]],"type":"Polygon"},"properties":{"legal_ref":"§ 21h, Abs. 3 (2.) LuftVO","generated_name_EN":"SYLT","lower_limit_unit":"m","type_code_detail":"INT_APT","external_reference":"y_T0RKA","name":["SYLT"],"generated_name_DE":"SYLT","lower_limit_altitude":0.0,"lower_limit_alt_ref":"AGL","type_code":"FLUGHAFEN"}}]}