{"type":"FeatureCollection","name":"dipul_luftverkehr_kontrollzonen","crs":{"type":"name","properties":{"name":"urn:ogc:def:crs:OGC:1.3:CRS84"}},"features":[{"type":"Feature","geometry":{"coordinates":[[[10.78691102,48.46350382],[10.81549641,48.47005653],[10.84408915,48.47660213],[10.87268925,48.48314062],[10.90129669,48.48967199],[10.92991148,48.49619624],[10.95853361,48.50271337],[10.98716308,48.50922338],[11.01579988,48.51572626],[11.044444,48.522222],[11.0501497,48.51111227],[11.0558529,48.50000223],[11.06155362,48.48889189],[11.06725184,48.47778124],[11.07294758,48.46667029],[11.07864083,48.45555904],[11.08433159,48.44444748],[11.09001987,48.43333562],[11.09570568,48.42222346],[11.101389,48.411111],[11.07288407,48.40461496],[11.04438639,48.39811186],[11.01589599,48.39160169],[10.98741286,48.38508446],[10.958937,48.37856017],[10.93046842,48.37202883],[10.90200713,48.36549044],[10.87355312,48.358945],[10.84510641,48.35239252],[10.816667,48.345833],[10.81084502,48.35694553],[10.80502051,48.36805774],[10.79919347,48.37916963],[10.79336388,48.39028121],[10.78753176,48.40139247],[10.7816971,48.41250341],[10.77585989,48.42361403],[10.77002014,48.43472434],[10.76417785,48.44583433],[10.758333,48.456944],[10.78691102,48.46350382]]],"type":"Polygon"},"properties":{"upper_limit_alt_ref":"MSL","upper_limit_altitude":3500.0,"lower_limit_altitude":0.0,"lower_limit_alt_ref":"AGL","legal_ref":"§ 21h, Abs. 3 (9.) LuftVO","generated_name_EN":"Augsburg (CTR)","lower_limit_unit":"m","type_code_detail":"CTR","external_reference":"913","name":["Augsburg (CTR)"],"upper_limit_unit":"ft","generated_name_DE":"Augsburg (CTR)","type_code":"KONTROLLZONE"}},{"type":"Feature","geometry":{"coordinates":[[[11.65457497,50.33324563],[11.69109592,50.33453578],[11.72761885,50.33581447],[11.76414372,50.33708168],[11.80067054,50.33833742],[11.83719926,50.33958169],[11.87372989,50.34081448],[11.9102624,50.3420358],[11.94679678,50.34324564],[11.983333,50.344444],[11.98402881,50.3344441],[11.98472433,50.32444417],[11.98541956,50.31444423],[11.98611449,50.30444426],[11.98680914,50.29444427],[11.98750349,50.28444426],[11.98819756,50.27444423],[11.98889133,50.26444417],[11.98958481,50.2544441],[11.990278,50.244444],[11.95388064,50.24324528],[11.91748511,50.24203516],[11.88109144,50.24081365],[11.84469963,50.23958074],[11.80830971,50.23833643],[11.77192169,50.23708073],[11.7355356,50.23581363],[11.69915144,50.23453515],[11.66276923,50.23324527],[11.626389,50.231944],[11.62555727,50.2419441],[11.62472519,50.25194419],[11.62389276,50.26194424],[11.62305999,50.27194428],[11.62222686,50.28194429],[11.62139339,50.29194428],[11.62055957,50.30194424],[11.6197254,50.31194419],[11.61889087,50.3219441],[11.618056,50.331944],[11.65457497,50.33324563]]],"type":"Polygon"},"properties":{"upper_limit_alt_ref":"MSL","upper_limit_altitude":3500.0,"lower_limit_altitude":0.0,"lower_limit_alt_ref":"AGL","legal_ref":"§ 21h, Abs. 3 (9.) LuftVO","generated_name_EN":"Hof (CTR)","lower_limit_unit":"m","type_code_detail":"CTR","external_reference":"951","name":["Hof (CTR)"],"upper_limit_unit":"ft","generated_name_DE":"Hof (CTR)","type_code":"KONTROLLZONE"}},{"type":"Feature","geometry":{"coordinates":[[[8.40867117,49.52633391],[8.43567469,49.5254393],[8.46267722,49.52453838],[8.48967875,49.52363116],[8.51667929,49.52271765],[8.54367881,49.52179783],[8.57067731,49.52087171],[8.5976748,49.51993929],[8.62467125,49.51900057],[8.65166667,49.51805556],[8.65083181,49.50805566],[8.64999728,49.49805574],[8.6491631,49.4880558],[8.64832926,49.47805584],[8.64749576,49.46805585],[8.6466626,49.45805584],[8.64582977,49.4480558],[8.64499729,49.43805574],[8.64416514,49.42805566],[8.64333333,49.41805556],[8.61644899,49.41900036],[8.58956362,49.4199389],[8.56267723,49.4208712],[8.53578983,49.42179725],[8.50890141,49.42271704],[8.48201199,49.42363059],[8.45512158,49.42453788],[8.42823018,49.42543891],[8.4013378,49.42633369],[8.37444444,49.42722222],[8.37516534,49.43722232],[8.37588654,49.4472224],[8.37660802,49.45722245],[8.3773298,49.46722248],[8.37805188,49.4772225],[8.37877425,49.48722248],[8.37949691,49.49722245],[8.38021987,49.5072224],[8.38094312,49.51722232],[8.38166667,49.52722222],[8.40867117,49.52633391]]],"type":"Polygon"},"properties":{"upper_limit_alt_ref":"MSL","upper_limit_altitude":2000.0,"lower_limit_altitude":0.0,"lower_limit_alt_ref":"AGL","legal_ref":"§ 21h, Abs. 3 (9.) LuftVO","generated_name_EN":"Mannheim (CTR)","lower_limit_unit":"m","type_code_detail":"CTR","external_reference":"2538","name":["Mannheim (CTR)"],"upper_limit_unit":"ft","generated_name_DE":"Mannheim (CTR)","type_code":"KONTROLLZONE"}},{"type":"Feature","geometry":{"coordinates":[[[7.52316276,53.58437758],[7.55744372,53.58874534],[7.59173173,53.59310326],[7.62602679,53.59745136],[7.66032889,53.60178963],[7.69463801,53.60611806],[7.72895414,53.61043665],[7.76327726,53.61474539],[7.79760737,53.61904429],[7.83194444,53.62333333],[7.83550762,53.61325055],[7.8390691,53.60316765],[7.84262888,53.59308462],[7.84618697,53.58300147],[7.84974337,53.5729182],[7.85329807,53.56283481],[7.85685109,53.55275129],[7.86040241,53.54266765],[7.86395205,53.53258389],[7.8675,53.5225],[7.83324645,53.51821079],[7.79899983,53.51391176],[7.76476014,53.50960293],[7.73052741,53.50528428],[7.69630165,53.50095583],[7.66208286,53.49661759],[7.62787107,53.49226954],[7.59366628,53.48791171],[7.55946851,53.48354408],[7.52527778,53.47916667],[7.52164666,53.48925058],[7.51801382,53.49933436],[7.51437925,53.50941801],[7.51074296,53.51950153],[7.50710494,53.52958493],[7.50346519,53.5396682],[7.49982372,53.54975134],[7.49618051,53.55983436],[7.49253557,53.56991724],[7.48888889,53.58],[7.52316276,53.58437758]]],"type":"Polygon"},"properties":{"upper_limit_alt_ref":"MSL","upper_limit_altitude":2500.0,"lower_limit_altitude":0.0,"lower_limit_alt_ref":"AGL","legal_ref":"§ 21h, Abs. 3 (9.) LuftVO","generated_name_EN":"Wittmund (CTR)","lower_limit_unit":"m","type_code_detail":"CTR","external_reference":"4600","name":["Wittmund (CTR)"],"upper_limit_unit":"ft","generated_name_DE":"Wittmund (CTR)","type_code":"KONTROLLZONE"}},{"type":"Feature","geometry":{"coordinates":[[[10.43179229,49.56094954],[10.44302544,49.55411998],[10.45425546,49.54728932],[10.46548235,49.54045756],[10.47670611,49.53362471],[10.48792674,49.52679076],[10.49914425,49.51995571],[10.51035862,49.51311957],[10.52156987,49.50628233],[10.532778,49.499444],[10.52403919,49.49337325],[10.51530253,49.48730184],[10.50656804,49.48122976],[10.49783571,49.47515702],[10.48910554,49.46908361],[10.48037753,49.46300954],[10.47165167,49.4569348],[10.46292797,49.45085939],[10.45420643,49.44478333],[10.44548704,49.4387066],[10.44528719,49.43856749],[10.44417588,49.43781288],[10.44304061,49.43707359],[10.44188188,49.43634997],[10.4407002,49.43564231],[10.4394961,49.43495094],[10.43827008,49.43427615],[10.4370227,49.43361824],[10.43575451,49.4329775],[10.43446604,49.43235421],[10.43315788,49.43174863],[10.43183059,49.43116105],[10.43048476,49.4305917],[10.42912097,49.43004085],[10.42773982,49.42950872],[10.42634192,49.42899557],[10.42492788,49.4285016],[10.42349831,49.42802704],[10.42205385,49.4275721],[10.42059512,49.42713696],[10.41912277,49.42672183],[10.41763744,49.42632688],[10.41613977,49.4259523],[10.41463043,49.42559823],[10.41311008,49.42526484],[10.41157937,49.42495227],[10.41003898,49.42466065],[10.40848958,49.42439013],[10.40693186,49.42414081],[10.40536649,49.4239128],[10.40379415,49.42370621],[10.40221554,49.42352112],[10.40063134,49.42335761],[10.39904225,49.42321576],[10.39744896,49.42309563],[10.39585217,49.42299726],[10.39425258,49.42292072],[10.39265089,49.42286601],[10.3910478,49.42283318],[10.389444,49.42282224],[10.3878402,49.42283318],[10.38623711,49.42286601],[10.38463542,49.42292072],[10.38303583,49.42299726],[10.38143904,49.42309563],[10.37984575,49.42321576],[10.37825666,49.42335761],[10.37667246,49.42352112],[10.37509385,49.42370621],[10.37352151,49.4239128],[10.37195614,49.42414081],[10.37039842,49.42439013],[10.36884902,49.42466065],[10.36730863,49.42495227],[10.36577792,49.42526484],[10.36425757,49.42559823],[10.36274823,49.4259523],[10.36125056,49.42632688],[10.35976523,49.42672183],[10.35829288,49.42713696],[10.35683415,49.4275721],[10.35538969,49.42802704],[10.35396012,49.4285016],[10.35254608,49.42899557],[10.35114818,49.42950872],[10.34976703,49.43004085],[10.34840324,49.4305917],[10.34705741,49.43116105],[10.34573012,49.43174863],[10.34442196,49.43235421],[10.34313349,49.4329775],[10.3418653,49.43361824],[10.34061792,49.43427615],[10.3393919,49.43495094],[10.3381878,49.43564231],[10.33700612,49.43634997],[10.33584739,49.43707359],[10.33471212,49.43781288],[10.33360081,49.43856749],[10.33251394,49.4393371],[10.33145199,49.44012138],[10.33041543,49.44091998],[10.32940471,49.44173255],[10.32842027,49.44255874],[10.32746255,49.44339818],[10.32653197,49.44425051],[10.32562894,49.44511535],[10.32475385,49.44599232],[10.32390709,49.44688105],[10.32308904,49.44778113],[10.32230004,49.44869219],[10.32154045,49.44961381],[10.3208106,49.4505456],[10.32011082,49.45148714],[10.31944141,49.45243803],[10.31880267,49.45339784],[10.31819487,49.45436616],[10.3176183,49.45534256],[10.31707319,49.45632662],[10.3165598,49.4573179],[10.31607835,49.45831597],[10.31562904,49.45932039],[10.31521209,49.46033072],[10.31482768,49.46134653],[10.31447597,49.46236735],[10.31415713,49.46339275],[10.31387128,49.46442228],[10.31361857,49.46545548],[10.31339911,49.46649191],[10.31321299,49.4675311],[10.31306029,49.46857261],[10.31294109,49.46961596],[10.31285544,49.47066072],[10.31280338,49.47170642],[10.31278494,49.4727526],[10.31280012,49.4737988],[10.31284892,49.47484456],[10.31293132,49.47588943],[10.31304729,49.47693294],[10.31319678,49.47797465],[10.31337972,49.47901408],[10.31359604,49.48005079],[10.31384565,49.48108432],[10.31412843,49.48211421],[10.31444426,49.48314002],[10.31479302,49.4841613],[10.31517454,49.48517759],[10.31558866,49.48618845],[10.3160352,49.48719343],[10.31651398,49.48819211],[10.31702477,49.48918402],[10.31756736,49.49016875],[10.31814151,49.49114586],[10.31874697,49.49211492],[10.31938347,49.4930755],[10.32005075,49.49402719],[10.32074851,49.49496956],[10.32147643,49.4959022],[10.32223421,49.4968247],[10.32302152,49.49773665],[10.323838,49.49863767],[10.32468331,49.49952734],[10.32555707,49.50040527],[10.3264589,49.5012711],[10.32738841,49.50212442],[10.32834518,49.50296487],[10.32932881,49.50379208],[10.33033885,49.50460568],[10.33137487,49.50540532],[10.33243641,49.50619065],[10.33336254,49.50684953],[10.34207213,49.51294536],[10.35078389,49.51904053],[10.35949782,49.52513503],[10.36821391,49.53122888],[10.37693217,49.53732206],[10.3856526,49.54341457],[10.39437519,49.54950643],[10.40309996,49.55559762],[10.41182689,49.56168814],[10.420556,49.567778],[10.43179229,49.56094954]]],"type":"Polygon"},"properties":{"upper_limit_alt_ref":"MSL","upper_limit_altitude":3000.0,"lower_limit_altitude":0.0,"lower_limit_alt_ref":"AGL","legal_ref":"§ 21h, Abs. 3 (9.) LuftVO","generated_name_EN":"Illesheim (CTR)","lower_limit_unit":"m","type_code_detail":"CTR","external_reference":"955","name":["Illesheim (CTR)"],"upper_limit_unit":"ft","generated_name_DE":"Illesheim (CTR)","type_code":"KONTROLLZONE"}},{"type":"Feature","geometry":{"coordinates":[[[11.09095943,48.76364265],[11.11942172,48.76616727],[11.14788686,48.76868486],[11.17635484,48.77119541],[11.20482566,48.77369893],[11.2332993,48.77619542],[11.26177577,48.77868487],[11.29025504,48.78116729],[11.31873712,48.78364266],[11.347222,48.786111],[11.35251459,48.77041788],[11.35780389,48.75472448],[11.36308989,48.73903079],[11.3683726,48.72333682],[11.37365203,48.70764256],[11.37892817,48.69194802],[11.38420104,48.67625319],[11.38947063,48.66055808],[11.39473695,48.64486268],[11.4,48.629167],[11.36640891,48.63254443],[11.33281334,48.63591206],[11.2992133,48.63926988],[11.26560881,48.6426179],[11.23199988,48.64595612],[11.19838651,48.64928452],[11.16476873,48.65260312],[11.13114655,48.6559119],[11.09751996,48.65921086],[11.063889,48.6625],[11.06375034,48.67236118],[11.06361163,48.68222234],[11.06347287,48.69208348],[11.06333405,48.70194461],[11.06319518,48.71180571],[11.06305625,48.72166681],[11.06291727,48.73152788],[11.06277823,48.74138894],[11.06263914,48.75124998],[11.0625,48.761111],[11.09095943,48.76364265]]],"type":"Polygon"},"properties":{"upper_limit_alt_ref":"MSL","upper_limit_altitude":3700.0,"lower_limit_altitude":0.0,"lower_limit_alt_ref":"AGL","legal_ref":"§ 21h, Abs. 3 (9.) LuftVO","generated_name_EN":"Neuburg (CTR)","lower_limit_unit":"m","type_code_detail":"CTR","external_reference":"979","name":["Neuburg (CTR)"],"upper_limit_unit":"ft","generated_name_DE":"Neuburg (CTR)","type_code":"KONTROLLZONE"}},{"type":"Feature","geometry":{"coordinates":[[[7.67298221,47.58594364],[7.67408361,47.58451117],[7.67352901,47.58471151],[7.672089,47.585231],[7.671907,47.586256],[7.67188075,47.58737611],[7.67298221,47.58594364]]],"type":"Polygon"},"properties":{"upper_limit_alt_ref":"MSL","upper_limit_altitude":1000.0,"lower_limit_altitude":0.0,"lower_limit_alt_ref":"AGL","legal_ref":"§ 21h, Abs. 3 (9.) LuftVO","generated_name_EN":"Basel Eastern Part (CTR)","lower_limit_unit":"m","type_code_detail":"CTR","external_reference":"14343","name":["Basel Eastern Part (CTR)"],"upper_limit_unit":"ft","generated_name_DE":"Basel Eastern Part (CTR)","type_code":"KONTROLLZONE"}},{"type":"Feature","geometry":{"coordinates":[[[7.87697074,48.65171305],[7.88151885,48.64743617],[7.88593003,48.64309694],[7.89020236,48.63869729],[7.89433399,48.63423915],[7.89832314,48.62972449],[7.90216807,48.62515532],[7.90586712,48.62053364],[7.91085666,48.61389762],[7.89995754,48.60981806],[7.88906017,48.60573747],[7.87816456,48.60165585],[7.86727071,48.59757319],[7.85637861,48.5934895],[7.84548826,48.58940478],[7.83459968,48.58531902],[7.82371284,48.58123223],[7.81282777,48.57714441],[7.80194444,48.57305556],[7.80172017,48.57402668],[7.8011146,48.57577434],[7.800509,48.577522],[7.800547,48.579065],[7.80058499,48.580608],[7.80062299,48.582151],[7.800661,48.583694],[7.800699,48.585237],[7.80165908,48.58687742],[7.80261921,48.58851783],[7.80357941,48.59015823],[7.80453968,48.59179862],[7.8055,48.593439],[7.80784218,48.59588712],[7.81018459,48.59833519],[7.81252722,48.60078321],[7.81487008,48.60323118],[7.81721317,48.60567911],[7.81955648,48.60812698],[7.82190002,48.61057481],[7.82424379,48.61302259],[7.82658778,48.61547032],[7.828932,48.617918],[7.8298021,48.61942341],[7.83067224,48.62092882],[7.83154244,48.62243422],[7.8324127,48.62393961],[7.833283,48.625445],[7.83393242,48.62704262],[7.83458187,48.62864023],[7.83523137,48.63023784],[7.83588091,48.63183545],[7.83653049,48.63343305],[7.83718011,48.63503065],[7.83782977,48.63662824],[7.83847947,48.63822583],[7.83912922,48.63982342],[7.839779,48.641421],[7.84118116,48.64254628],[7.84258338,48.64367153],[7.84398566,48.64479678],[7.845388,48.645922],[7.8475693,48.64657702],[7.84975066,48.647232],[7.85193208,48.64788694],[7.85411355,48.64854183],[7.85629508,48.64919669],[7.85847666,48.6498515],[7.8606583,48.65050627],[7.86284,48.651161],[7.86496778,48.65200948],[7.86709563,48.65285792],[7.86922355,48.65370631],[7.87135154,48.65455467],[7.87306614,48.65523817],[7.87697074,48.65171305]]],"type":"Polygon"},"properties":{"upper_limit_alt_ref":"MSL","upper_limit_altitude":2500.0,"lower_limit_altitude":0.0,"lower_limit_alt_ref":"AGL","legal_ref":"§ 21h, Abs. 3 (9.) LuftVO","generated_name_EN":"Strasbourg (CTR)","lower_limit_unit":"m","type_code_detail":"CTR","external_reference":"15294","name":["Strasbourg (CTR)"],"upper_limit_unit":"ft","generated_name_DE":"Strasbourg (CTR)","type_code":"KONTROLLZONE"}},{"type":"Feature","geometry":{"coordinates":[[[10.56692931,53.82845567],[10.59914596,53.83468046],[10.63137216,53.84089659],[10.6636079,53.84710406],[10.69585317,53.85330286],[10.72810797,53.85949298],[10.76037228,53.86567443],[10.7926461,53.8718472],[10.82492941,53.87801128],[10.85722222,53.88416667],[10.86242726,53.87466775],[10.86762994,53.86516859],[10.87283026,53.85566919],[10.87802822,53.84616955],[10.88322383,53.83666967],[10.8884171,53.82716955],[10.89360801,53.81766919],[10.89879657,53.80816859],[10.90398279,53.79866775],[10.90916667,53.78916667],[10.87690182,53.78301125],[10.84464643,53.77684715],[10.81240049,53.77067437],[10.78016402,53.76449291],[10.74793702,53.75830279],[10.71571951,53.75210399],[10.68351148,53.74589653],[10.65131296,53.73968041],[10.61912394,53.73345564],[10.58694444,53.72722222],[10.58173282,53.73672331],[10.57651885,53.74622416],[10.57130253,53.75572477],[10.56608385,53.76522513],[10.56086281,53.77472525],[10.55563942,53.78422513],[10.55041366,53.79372477],[10.54518555,53.80322416],[10.53995507,53.81272331],[10.53472222,53.82222222],[10.56692931,53.82845567]]],"type":"Polygon"},"properties":{"upper_limit_alt_ref":"MSL","upper_limit_altitude":2000.0,"lower_limit_altitude":0.0,"lower_limit_alt_ref":"AGL","legal_ref":"§ 21h, Abs. 3 (9.) LuftVO","generated_name_EN":"Luebeck (CTR)","lower_limit_unit":"m","type_code_detail":"CTR","external_reference":"972","name":["Luebeck (CTR)"],"upper_limit_unit":"ft","generated_name_DE":"Luebeck (CTR)","type_code":"KONTROLLZONE"}},{"type":"Feature","geometry":{"coordinates":[[[14.0341813,53.95223804],[14.05447038,53.94891665],[14.07475623,53.94559183],[14.09503885,53.94226359],[14.11531824,53.93893192],[14.1355944,53.93559683],[14.15586733,53.93225831],[14.17613701,53.92891637],[14.19640346,53.92557101],[14.21666667,53.92222222],[14.20638889,53.91638889],[14.1825,53.915],[14.19638889,53.91027778],[14.20861111,53.90222222],[14.21277778,53.89388889],[14.21305556,53.89027778],[14.21361111,53.88472222],[14.21333333,53.88055556],[14.21277778,53.86472222],[14.23333333,53.8425],[14.23555556,53.83666667],[14.25555556,53.81111111],[14.22683485,53.8158643],[14.19810764,53.82061061],[14.16937395,53.82535003],[14.14063378,53.83008257],[14.11188713,53.83480821],[14.08313401,53.83952697],[14.05437443,53.84423882],[14.0256084,53.84894379],[13.99683592,53.85364184],[13.968057,53.858333],[13.97263063,53.86805616],[13.97720639,53.87777913],[13.98178426,53.8875019],[13.98636426,53.89722449],[13.99094639,53.90694688],[13.99553065,53.91666909],[14.00011704,53.9263911],[14.00470556,53.93611293],[14.00929621,53.94583456],[14.013889,53.955556],[14.0341813,53.95223804]]],"type":"Polygon"},"properties":{"upper_limit_alt_ref":"MSL","upper_limit_altitude":2500.0,"lower_limit_altitude":0.0,"lower_limit_alt_ref":"AGL","legal_ref":"§ 21h, Abs. 3 (9.) LuftVO","generated_name_EN":"Heringsdorf (CTR)","lower_limit_unit":"m","type_code_detail":"CTR","external_reference":"10794","name":["Heringsdorf (CTR)"],"upper_limit_unit":"ft","generated_name_DE":"Heringsdorf (CTR)","type_code":"KONTROLLZONE"}},{"type":"Feature","geometry":{"coordinates":[[[8.80783369,53.73479076],[8.77484038,53.73096142],[8.74185307,53.72712301],[8.70887177,53.72327551],[8.6758965,53.71941894],[8.64292727,53.71555329],[8.6099641,53.71167857],[8.57700698,53.70779478],[8.54405595,53.70390192],[8.511111,53.7],[8.50786784,53.70986157],[8.50462317,53.71972303],[8.50137697,53.7295844],[8.49812926,53.73944565],[8.49488003,53.74930681],[8.49162927,53.75916785],[8.48837699,53.7690288],[8.48512319,53.77888964],[8.48186786,53.78875037],[8.478611,53.798611],[8.51161199,53.80242971],[8.54461897,53.80623934],[8.57763194,53.81003988],[8.61065086,53.81383134],[8.64367574,53.8176137],[8.67670656,53.82138696],[8.70974331,53.82515112],[8.74278597,53.82890619],[8.77583454,53.83265215],[8.808889,53.836389],[8.81209009,53.82661166],[8.81528969,53.81683421],[8.81848781,53.80705666],[8.82168443,53.79727901],[8.82487957,53.78750126],[8.82807322,53.77772341],[8.83126539,53.76794546],[8.83445607,53.75816741],[8.83764528,53.74838925],[8.840833,53.738611],[8.80783369,53.73479076]]],"type":"Polygon"},"properties":{"upper_limit_alt_ref":"MSL","upper_limit_altitude":2600.0,"lower_limit_altitude":0.0,"lower_limit_alt_ref":"AGL","legal_ref":"§ 21h, Abs. 3 (9.) LuftVO","generated_name_EN":"Nordholz (CTR)","lower_limit_unit":"m","type_code_detail":"CTR","external_reference":"982","name":["Nordholz (CTR)"],"upper_limit_unit":"ft","generated_name_DE":"Nordholz (CTR)","type_code":"KONTROLLZONE"}},{"type":"Feature","geometry":{"coordinates":[[[10.17369966,52.64655588],[10.17628704,52.6367228],[10.17887327,52.62688965],[10.18145833,52.61705643],[10.18404224,52.60722313],[10.18662499,52.59738976],[10.18920659,52.58755632],[10.19178703,52.5777228],[10.19436631,52.56788922],[10.19694444,52.55805556],[10.17541078,52.55592497],[10.15387921,52.55379047],[10.13234973,52.55165206],[10.11082235,52.54950972],[10.08929706,52.54736348],[10.06777388,52.54521332],[10.0462528,52.54305924],[10.02473383,52.54090126],[10.00321697,52.53873936],[9.98170222,52.53657355],[9.98029484,52.53643934],[9.97859578,52.53629758],[9.97689224,52.53617753],[9.97518495,52.53607923],[9.97347467,52.53600273],[9.97176214,52.53594807],[9.97004811,52.53591526],[9.96833333,52.53590432],[9.96661855,52.53591526],[9.96490453,52.53594807],[9.963192,52.53600273],[9.96148171,52.53607923],[9.95977443,52.53617753],[9.95807088,52.53629758],[9.95637182,52.53643934],[9.95467799,52.53660274],[9.95299013,52.53678771],[9.95130898,52.53699417],[9.94963527,52.53722203],[9.94796973,52.53747119],[9.9463131,52.53774153],[9.94466609,52.53803296],[9.94302943,52.53834532],[9.94140384,52.5386785],[9.93979002,52.53903234],[9.93818868,52.53940668],[9.93660052,52.53980138],[9.93502623,52.54021624],[9.93346651,52.54065109],[9.93192204,52.54110575],[9.93039348,52.54158],[9.92888152,52.54207365],[9.92738682,52.54258648],[9.92591002,52.54311826],[9.92445177,52.54366876],[9.92301272,52.54423775],[9.92159349,52.54482496],[9.9201947,52.54543015],[9.91881698,52.54605306],[9.91746091,52.54669339],[9.91612709,52.54735089],[9.91481612,52.54802526],[9.91352856,52.5487162],[9.91226498,52.54942341],[9.91102593,52.55014659],[9.90981196,52.55088541],[9.90862359,52.55163956],[9.90746136,52.5524087],[9.90632576,52.55319249],[9.9052173,52.5539906],[9.90413647,52.55480268],[9.90308373,52.55562836],[9.90205956,52.55646729],[9.9010644,52.55731911],[9.90009869,52.55818342],[9.89916285,52.55905987],[9.8982573,52.55994807],[9.89738243,52.56084762],[9.89653863,52.56175813],[9.89572627,52.56267921],[9.8949457,52.56361044],[9.89419728,52.56455143],[9.89348133,52.56550176],[9.89279816,52.56646102],[9.89214809,52.56742877],[9.89153139,52.56840461],[9.89094833,52.5693881],[9.89039918,52.57037882],[9.88988419,52.57137632],[9.88940356,52.57238017],[9.88895753,52.57338993],[9.88854628,52.57440516],[9.88817001,52.57542541],[9.88782887,52.57645024],[9.88752302,52.57747919],[9.88725259,52.57851182],[9.88701772,52.57954767],[9.88681849,52.5805863],[9.88665501,52.58162723],[9.88652734,52.58267002],[9.88643555,52.58371421],[9.88637968,52.58475935],[9.88635975,52.58580496],[9.88637578,52.58685061],[9.88642776,52.58789581],[9.88651567,52.58894013],[9.88663947,52.58998309],[9.88679912,52.59102425],[9.88699455,52.59206314],[9.88722567,52.59309931],[9.88749238,52.59413231],[9.88779458,52.59516167],[9.88813212,52.59618696],[9.88850486,52.59720771],[9.88891265,52.59822349],[9.88935531,52.59923384],[9.88983264,52.60023832],[9.89034443,52.60123649],[9.89089047,52.60222792],[9.89147052,52.60321216],[9.89208432,52.60418879],[9.89273161,52.60515737],[9.8934121,52.60611748],[9.8941255,52.60706871],[9.8948715,52.60801062],[9.89564977,52.60894281],[9.89645998,52.60986487],[9.89730176,52.61077639],[9.89817475,52.61167697],[9.89907857,52.61256622],[9.90001282,52.61344375],[9.90097709,52.61430917],[9.90197097,52.61516209],[9.90299401,52.61600215],[9.90404578,52.61682898],[9.9051258,52.61764221],[9.90623361,52.61844148],[9.90736871,52.61922645],[9.90853062,52.61999676],[9.90971883,52.62075209],[9.9109328,52.62149209],[9.91217201,52.62221644],[9.91343592,52.62292483],[9.91472397,52.62361694],[9.91603559,52.62429247],[9.91737022,52.62495112],[9.91872726,52.6255926],[9.92010611,52.62621663],[9.92150618,52.62682294],[9.92292685,52.62741125],[9.92436749,52.62798131],[9.92582747,52.62853287],[9.92730614,52.62906568],[9.92880287,52.62957952],[9.93031699,52.63007415],[9.93184784,52.63054936],[9.93339474,52.63100494],[9.93495701,52.63144069],[9.93653396,52.63185641],[9.93812491,52.63225193],[9.93972915,52.63262706],[9.94134598,52.63298165],[9.94297468,52.63331554],[9.94461454,52.63362858],[9.94626484,52.63392064],[9.94792486,52.63419157],[9.94959385,52.63444128],[9.95127109,52.63466964],[9.95295584,52.63487656],[9.95444032,52.63504044],[9.97609789,52.63719311],[9.99775757,52.63934183],[10.01941938,52.64148658],[10.0410833,52.64362737],[10.06274934,52.6457642],[10.08441749,52.64789706],[10.10608774,52.65002596],[10.1277601,52.6521509],[10.14943456,52.65427188],[10.17111111,52.65638889],[10.17369966,52.64655588]]],"type":"Polygon"},"properties":{"upper_limit_alt_ref":"MSL","upper_limit_altitude":2500.0,"lower_limit_altitude":0.0,"lower_limit_alt_ref":"AGL","legal_ref":"§ 21h, Abs. 3 (9.) LuftVO","generated_name_EN":"Celle (CTR)","lower_limit_unit":"m","type_code_detail":"CTR","external_reference":"3912","name":["Celle (CTR)"],"upper_limit_unit":"ft","generated_name_DE":"Celle (CTR)","type_code":"KONTROLLZONE"}},{"type":"Feature","geometry":{"coordinates":[[[8.93961816,52.2178343],[8.93590169,52.22761247],[8.93218358,52.2373905],[8.92846384,52.2471684],[8.92474246,52.25694617],[8.92101945,52.2667238],[8.9172948,52.2765013],[8.91356851,52.28627867],[8.90984057,52.2960559],[8.906111,52.305833],[8.91145435,52.30658175],[8.91679787,52.30733026],[8.92214158,52.30807853],[8.92748547,52.30882656],[8.93282954,52.30957434],[8.93817378,52.31032189],[8.94351821,52.31106919],[8.94886282,52.31181625],[8.95420761,52.31256306],[8.95955258,52.31330964],[8.96047027,52.31453595],[8.9617037,52.31610639],[8.96299061,52.31766064],[8.96433044,52.31919801],[8.96572261,52.32071784],[8.96716651,52.32221945],[8.96866152,52.32370218],[8.97020698,52.32516538],[8.97180221,52.32660841],[8.97344652,52.32803062],[8.97513919,52.32943141],[8.97687948,52.33081014],[8.97866662,52.33216622],[8.98049984,52.33349904],[8.98237833,52.33480802],[8.98430127,52.33609258],[8.98626782,52.33735215],[8.98827711,52.33858619],[8.99032826,52.33979415],[8.99242037,52.3409755],[8.99455253,52.34212971],[8.99672379,52.34325628],[8.99893321,52.34435471],[9.00117982,52.34542452],[9.00346262,52.34646523],[9.00578061,52.3474764],[9.00813278,52.34845756],[9.01051809,52.3494083],[9.01293549,52.35032818],[9.01538392,52.35121681],[9.01786229,52.3520738],[9.02036953,52.35289876],[9.02290452,52.35369133],[9.02546615,52.35445117],[9.0280533,52.35517794],[9.03066481,52.35587131],[9.03329955,52.35653099],[9.03595635,52.35715667],[9.03863404,52.35774809],[9.04133144,52.35830499],[9.04404737,52.35882712],[9.04678062,52.35931424],[9.04952998,52.35976615],[9.05229426,52.36018264],[9.05507223,52.36056354],[9.05786266,52.36090866],[9.06066432,52.36121787],[9.06347598,52.36149102],[9.06629641,52.361728],[9.06912434,52.36192869],[9.07195855,52.36209302],[9.07479777,52.3622209],[9.07764075,52.36231229],[9.08048625,52.36236714],[9.083333,52.36238542],[9.08617975,52.36236714],[9.08902525,52.36231229],[9.09186823,52.3622209],[9.09470745,52.36209302],[9.09754166,52.36192869],[9.10036959,52.361728],[9.10319002,52.36149102],[9.10600168,52.36121787],[9.10880334,52.36090866],[9.11159377,52.36056354],[9.11437174,52.36018264],[9.11713602,52.35976615],[9.11988538,52.35931424],[9.12261863,52.35882712],[9.12533456,52.35830499],[9.12803196,52.35774809],[9.13070965,52.35715667],[9.13336645,52.35653099],[9.13600119,52.35587131],[9.1386127,52.35517794],[9.14119985,52.35445117],[9.14376148,52.35369133],[9.14629647,52.35289876],[9.14880371,52.3520738],[9.15128208,52.35121681],[9.15373051,52.35032818],[9.15614791,52.3494083],[9.15853322,52.34845756],[9.16088539,52.3474764],[9.16320338,52.34646523],[9.16548618,52.34542452],[9.16773279,52.34435471],[9.1702648,52.34309191],[9.17275122,52.34338742],[9.17523767,52.34368287],[9.17772415,52.34397828],[9.18021067,52.34427363],[9.18269723,52.34456892],[9.18518381,52.34486417],[9.18582751,52.34494973],[9.18750122,52.34515665],[9.18918166,52.34534204],[9.19086809,52.34550581],[9.19255975,52.34564789],[9.19425591,52.34576822],[9.19595582,52.34586674],[9.19765874,52.34594341],[9.19936391,52.3459982],[9.20107058,52.34603109],[9.202778,52.34604205],[9.20448542,52.34603109],[9.20619209,52.3459982],[9.20789726,52.34594341],[9.20960018,52.34586674],[9.21130009,52.34576822],[9.21299625,52.34564789],[9.21468791,52.34550581],[9.21637434,52.34534204],[9.21805478,52.34515665],[9.21972849,52.34494973],[9.22139475,52.34472136],[9.22305281,52.34447164],[9.22470196,52.34420069],[9.22634145,52.34390863],[9.22797057,52.34359558],[9.22958861,52.34326167],[9.23119485,52.34290707],[9.23278859,52.34253192],[9.23436912,52.34213639],[9.23593575,52.34172065],[9.2374878,52.34128489],[9.23902457,52.34082929],[9.24054539,52.34035406],[9.2420496,52.33985941],[9.24353653,52.33934556],[9.24500554,52.33881272],[9.24645596,52.33826114],[9.24788717,52.33769105],[9.24929855,52.33710272],[9.25068945,52.33649639],[9.25205929,52.33587234],[9.25340745,52.33523083],[9.25473334,52.33457215],[9.25603639,52.3338966],[9.25731602,52.33320446],[9.25857166,52.33249604],[9.25980277,52.33177166],[9.2610088,52.33103163],[9.26218924,52.33027627],[9.26334355,52.32950592],[9.26447124,52.32872092],[9.26557181,52.32792162],[9.26664477,52.32710835],[9.26768967,52.32628149],[9.26870603,52.3254414],[9.26969341,52.32458843],[9.27065139,52.32372298],[9.27157954,52.32284542],[9.27247746,52.32195613],[9.27334475,52.32105551],[9.27418104,52.32014395],[9.27498596,52.31922185],[9.27575915,52.31828962],[9.27650029,52.31734766],[9.27720904,52.3163964],[9.2778851,52.31543624],[9.27852817,52.31446761],[9.27913797,52.31349094],[9.27971424,52.31250665],[9.28025673,52.31151518],[9.28076519,52.31051697],[9.28123942,52.30951244],[9.2816792,52.30850204],[9.28208434,52.30748622],[9.28245466,52.30646542],[9.28279002,52.30544008],[9.28309025,52.30441067],[9.28335524,52.30337762],[9.28358487,52.3023414],[9.28377904,52.30130246],[9.28393766,52.30026126],[9.28406068,52.29921824],[9.28414804,52.29817388],[9.2841997,52.29712862],[9.28421564,52.29608292],[9.28419586,52.29503726],[9.28414037,52.29399207],[9.2840492,52.29294783],[9.28392239,52.29190498],[9.28376,52.290864],[9.28356209,52.28982532],[9.28332877,52.28878941],[9.28306014,52.28775673],[9.2827563,52.28672772],[9.28241741,52.28570284],[9.28204362,52.28468254],[9.28163508,52.28366726],[9.28119198,52.28265744],[9.28071451,52.28165354],[9.2802029,52.28065599],[9.27965736,52.27966522],[9.27907813,52.27868168],[9.27846548,52.27770579],[9.27781967,52.27673798],[9.27714098,52.27577867],[9.27642972,52.27482829],[9.27568621,52.27388725],[9.27491076,52.27295596],[9.27410372,52.27203484],[9.27326544,52.27112427],[9.2723963,52.27022467],[9.27149668,52.26933643],[9.27056697,52.26845993],[9.26960758,52.26759557],[9.26861893,52.26674371],[9.26760146,52.26590473],[9.26655561,52.265079],[9.26548185,52.26426688],[9.26438064,52.26346872],[9.26325247,52.26268488],[9.26209784,52.26191569],[9.26091724,52.2611615],[9.25971121,52.26042264],[9.25848026,52.25969942],[9.25722494,52.25899217],[9.25594579,52.25830118],[9.25464339,52.25762678],[9.25331829,52.25696925],[9.25197108,52.25632887],[9.25060236,52.25570593],[9.24921271,52.25510071],[9.24780275,52.25451346],[9.2463731,52.25394444],[9.24492438,52.2533939],[9.24345722,52.25286209],[9.24197228,52.25234923],[9.24047019,52.25185555],[9.23895162,52.25138127],[9.23741723,52.25092659],[9.2358677,52.25049171],[9.23430369,52.25007682],[9.2327259,52.2496821],[9.23113501,52.24930773],[9.22953173,52.24895387],[9.22791674,52.24862068],[9.22629077,52.24830829],[9.22465451,52.24801685],[9.22300869,52.24774649],[9.22082065,52.24742177],[9.19304983,52.24351457],[9.1652839,52.23960084],[9.13752286,52.23568058],[9.10976672,52.23175378],[9.08201547,52.22782046],[9.05426913,52.22388061],[9.02652771,52.21993424],[8.99879121,52.21598134],[8.97105964,52.21202193],[8.943333,52.208056],[8.93961816,52.2178343]]],"type":"Polygon"},"properties":{"upper_limit_alt_ref":"MSL","upper_limit_altitude":2500.0,"lower_limit_altitude":0.0,"lower_limit_alt_ref":"AGL","legal_ref":"§ 21h, Abs. 3 (9.) LuftVO","generated_name_EN":"Bueckeburg (CTR)","lower_limit_unit":"m","type_code_detail":"CTR","external_reference":"922","name":["Bueckeburg (CTR)"],"upper_limit_unit":"ft","generated_name_DE":"Bueckeburg (CTR)","type_code":"KONTROLLZONE"}},{"type":"Feature","geometry":{"coordinates":[[[8.19248378,54.96371335],[8.20657109,54.96952626],[8.22066248,54.97533753],[8.23475793,54.98114716],[8.24885746,54.98695515],[8.26296105,54.99276151],[8.27706872,54.99856622],[8.29118046,55.00436929],[8.30529628,55.01017072],[8.31941617,55.0159705],[8.32183558,55.01402515],[8.32425475,55.01207975],[8.3266737,55.0101343],[8.3290924,55.0081888],[8.33151088,55.00624325],[8.33392912,55.00429766],[8.33634712,55.00235201],[8.33876489,55.00040632],[8.34118243,54.99846058],[8.34359974,54.99651479],[8.34636345,54.99649665],[8.34939223,54.99644182],[8.35241834,54.99635045],[8.35544044,54.9962226],[8.35845719,54.99605832],[8.36146727,54.99585767],[8.36446935,54.99562076],[8.3674621,54.99534768],[8.3704442,54.99503855],[8.37341434,54.99469351],[8.3763712,54.99431271],[8.37931348,54.99389633],[8.38223989,54.99344454],[8.38514912,54.99295754],[8.38803991,54.99243555],[8.39091097,54.9918788],[8.39376104,54.99128754],[8.39658886,54.99066202],[8.39939319,54.99000252],[8.40217279,54.98930933],[8.40492643,54.98858276],[8.4076529,54.98782313],[8.410351,54.98703077],[8.41301955,54.98620604],[8.41565736,54.98534929],[8.41826328,54.98446091],[8.42083616,54.98354128],[8.42337486,54.98259081],[8.42587828,54.98160993],[8.4283453,54.98059906],[8.43077485,54.97955865],[8.43316585,54.97848915],[8.43551726,54.97739104],[8.43782804,54.97626481],[8.44009717,54.97511095],[8.44232367,54.97392996],[8.44450655,54.97272237],[8.44664486,54.97148871],[8.44873765,54.97022953],[8.45078402,54.96894537],[8.45278305,54.96763681],[8.45473389,54.96630441],[8.45663567,54.96494878],[8.45848756,54.9635705],[8.46028875,54.96217017],[8.46203845,54.96074843],[8.4637359,54.95930589],[8.46538036,54.95784318],[8.4669711,54.95636096],[8.46850744,54.95485987],[8.46998871,54.95334058],[8.47141426,54.95180375],[8.47278346,54.95025006],[8.47409573,54.94868019],[8.47535049,54.94709483],[8.4765472,54.94549468],[8.47768533,54.94388045],[8.4787644,54.94225283],[8.47978394,54.94061256],[8.48074351,54.93896035],[8.48164268,54.93729692],[8.48248109,54.93562301],[8.48325836,54.93393935],[8.48397415,54.93224669],[8.48462818,54.93054575],[8.48522014,54.92883731],[8.4857498,54.92712209],[8.48621693,54.92540086],[8.48662133,54.92367437],[8.48696282,54.92194338],[8.48724128,54.92020865],[8.48745658,54.91847094],[8.48760865,54.91673102],[8.48769741,54.91498964],[8.48772284,54.91324757],[8.48768494,54.91150557],[8.48758373,54.90976442],[8.48741927,54.90802486],[8.48719163,54.90628768],[8.48690092,54.90455361],[8.48654728,54.90282344],[8.48613087,54.90109791],[8.48565188,54.89937778],[8.48511053,54.89766381],[8.48450707,54.89595674],[8.48384176,54.89425733],[8.48311491,54.89256632],[8.48232685,54.89088444],[8.48147791,54.88921245],[8.48056849,54.88755105],[8.47991019,54.88641841],[8.48254205,54.88428542],[8.48517363,54.88215238],[8.48780493,54.88001928],[8.49043595,54.87788613],[8.49306669,54.87575291],[8.49569716,54.87361964],[8.49832735,54.87148631],[8.50095726,54.86935292],[8.50358689,54.86721948],[8.50621625,54.86508597],[8.49212141,54.85930611],[8.47803059,54.85352461],[8.46394381,54.84774146],[8.44986106,54.84195668],[8.43578234,54.83617026],[8.42170764,54.8303822],[8.40763697,54.82459251],[8.39357033,54.81880118],[8.37950771,54.81300821],[8.36544911,54.80721361],[8.34680697,54.82229524],[8.32815094,54.83737396],[8.30948099,54.85244978],[8.29079712,54.86752268],[8.2720993,54.88259268],[8.25338753,54.89765975],[8.23466178,54.91272391],[8.21592204,54.92778514],[8.19716829,54.94284344],[8.17840053,54.95789881],[8.19248378,54.96371335]]],"type":"Polygon"},"properties":{"upper_limit_alt_ref":"MSL","upper_limit_altitude":2600.0,"lower_limit_altitude":0.0,"lower_limit_alt_ref":"AGL","legal_ref":"§ 21h, Abs. 3 (9.) LuftVO","generated_name_EN":"Sylt (CTR)","lower_limit_unit":"m","type_code_detail":"CTR","external_reference":"1002","name":["Sylt (CTR)"],"upper_limit_unit":"ft","generated_name_DE":"Sylt (CTR)","type_code":"KONTROLLZONE"}},{"type":"Feature","geometry":{"coordinates":[[[8.41202656,47.57532215],[8.41504144,47.57682988],[8.41805649,47.57833754],[8.42107171,47.57984511],[8.4240871,47.58135261],[8.42710267,47.58286002],[8.43011841,47.58436736],[8.43313432,47.58587462],[8.43615041,47.58738179],[8.43916667,47.58888889],[8.44141758,47.58965452],[8.44366856,47.59042011],[8.4459196,47.59118565],[8.44817071,47.59195115],[8.45042189,47.5927166],[8.45267313,47.59348201],[8.45492444,47.59424737],[8.45717581,47.5950127],[8.45942725,47.59577797],[8.459822,47.595156],[8.46024851,47.594199],[8.460675,47.593242],[8.461169,47.592697],[8.460742,47.591217],[8.460578,47.589619],[8.460311,47.589603],[8.460489,47.588406],[8.462683,47.588458],[8.462767,47.587889],[8.464828,47.587917],[8.465506,47.586606],[8.466281,47.585342],[8.466817,47.584283],[8.467608,47.583961],[8.468606,47.583969],[8.469044,47.584039],[8.470011,47.584389],[8.470347,47.584583],[8.471181,47.584486],[8.472178,47.584433],[8.473572,47.584422],[8.474439,47.584458],[8.475331,47.584586],[8.477372,47.584953],[8.478103,47.584964],[8.479506,47.585267],[8.479928,47.585111],[8.481033,47.585192],[8.4814,47.585547],[8.481942,47.586172],[8.483219,47.586897],[8.484258,47.587006],[8.486153,47.587258],[8.487219,47.587492],[8.487861,47.587647],[8.488664,47.587928],[8.489278,47.587292],[8.489972,47.586792],[8.491042,47.585747],[8.491925,47.584706],[8.492864,47.583753],[8.493772,47.582692],[8.494228,47.582239],[8.494481,47.581472],[8.494739,47.581108],[8.493111,47.580853],[8.492106,47.580458],[8.490628,47.579661],[8.48929848,47.57899851],[8.487969,47.578336],[8.487297,47.577867],[8.487092,47.577625],[8.486289,47.577364],[8.485194,47.577167],[8.484264,47.577131],[8.482964,47.577303],[8.481547,47.577586],[8.480253,47.577931],[8.478367,47.578064],[8.476903,47.577897],[8.474825,47.577017],[8.472744,47.575956],[8.471022,47.574892],[8.469853,47.574244],[8.46872649,47.57370651],[8.4676,47.573169],[8.466167,47.572686],[8.464192,47.572228],[8.463325,47.572081],[8.462633,47.572017],[8.461272,47.57209601],[8.459911,47.572175],[8.458544,47.572367],[8.457258,47.572467],[8.456194,47.572414],[8.453922,47.571822],[8.45198598,47.57136652],[8.45005,47.570911],[8.44824448,47.57029701],[8.446439,47.569683],[8.444261,47.569056],[8.44292349,47.56862651],[8.441586,47.568197],[8.439314,47.567497],[8.438019,47.567194],[8.43661899,47.56697201],[8.435219,47.56675],[8.432653,47.566547],[8.431428,47.566531],[8.430394,47.566656],[8.428183,47.567081],[8.426558,47.567561],[8.425739,47.567867],[8.424219,47.568392],[8.421975,47.569131],[8.419819,47.569669],[8.418139,47.570133],[8.417042,47.570475],[8.416222,47.570617],[8.414769,47.571106],[8.413542,47.571567],[8.412092,47.572228],[8.410683,47.572986],[8.408839,47.5739],[8.40901186,47.57381433],[8.41202656,47.57532215]]],"type":"Polygon"},"properties":{"upper_limit_alt_ref":"MSL","upper_limit_altitude":4500.0,"lower_limit_altitude":0.0,"lower_limit_alt_ref":"AGL","legal_ref":"§ 21h, Abs. 3 (9.) LuftVO","generated_name_EN":"Zurich 2 (CTR)","lower_limit_unit":"m","type_code_detail":"CTR","external_reference":"15049","name":["Zurich 2 (CTR)"],"upper_limit_unit":"ft","generated_name_DE":"Zurich 2 (CTR)","type_code":"KONTROLLZONE"}},{"type":"Feature","geometry":{"coordinates":[[[12.11420624,53.97924135],[12.1589597,53.97513303],[12.20370433,53.97100805],[12.24844011,53.9668664],[12.29316699,53.96270811],[12.33788497,53.95853316],[12.38259398,53.95434157],[12.42729402,53.95013334],[12.47198503,53.94590848],[12.516667,53.941667],[12.51388347,53.93208396],[12.51110122,53.92250084],[12.50832025,53.91291764],[12.50554054,53.90333436],[12.50276211,53.893751],[12.49998495,53.88416756],[12.49720906,53.87458404],[12.49443444,53.86500044],[12.49166109,53.85541676],[12.488889,53.845833],[12.44448047,53.84965704],[12.40006385,53.85346464],[12.35563919,53.85725579],[12.31120652,53.8610305],[12.26676587,53.86478875],[12.22231726,53.86853054],[12.17786074,53.87225587],[12.13339633,53.87596472],[12.08892408,53.8796571],[12.044444,53.883333],[12.04693863,53.89333331],[12.04943444,53.90333355],[12.05193146,53.91333372],[12.05442966,53.92333383],[12.05692906,53.93333386],[12.05942965,53.94333383],[12.06193144,53.95333372],[12.06443443,53.96333355],[12.06693861,53.97333331],[12.069444,53.983333],[12.11420624,53.97924135]]],"type":"Polygon"},"properties":{"upper_limit_alt_ref":"MSL","upper_limit_altitude":2300.0,"lower_limit_altitude":0.0,"lower_limit_alt_ref":"AGL","legal_ref":"§ 21h, Abs. 3 (9.) LuftVO","generated_name_EN":"Laage (CTR)","lower_limit_unit":"m","type_code_detail":"CTR","external_reference":"963","name":["Laage (CTR)"],"upper_limit_unit":"ft","generated_name_DE":"Laage (CTR)","type_code":"KONTROLLZONE"}},{"type":"Feature","geometry":{"coordinates":[[[9.3895534,54.34421365],[9.42494655,54.34813892],[9.46034644,54.35205381],[9.49575306,54.35595831],[9.53116637,54.35985242],[9.56658638,54.36373613],[9.60201306,54.36760945],[9.6374464,54.37147237],[9.67288639,54.37532489],[9.708333,54.379167],[9.70958569,54.36930603],[9.71083779,54.35944503],[9.71208928,54.34958401],[9.71334018,54.33972295],[9.71459048,54.32986186],[9.71584017,54.32000075],[9.71708928,54.31013961],[9.71833778,54.30027843],[9.71958569,54.29041723],[9.720833,54.280556],[9.68719555,54.27698699],[9.65356391,54.27340859],[9.61993811,54.26982082],[9.58631816,54.26622367],[9.55270407,54.26261714],[9.51909585,54.25900125],[9.48549352,54.25537598],[9.4518971,54.25174135],[9.41830658,54.24809735],[9.384722,54.244444],[9.38167288,54.25402782],[9.37862234,54.26361154],[9.37557039,54.27319517],[9.37251702,54.28277871],[9.36946223,54.29236216],[9.36640603,54.30194551],[9.36334841,54.31152877],[9.36028936,54.32111194],[9.35722889,54.33069502],[9.354167,54.340278],[9.3895534,54.34421365]]],"type":"Polygon"},"properties":{"upper_limit_alt_ref":"MSL","upper_limit_altitude":2600.0,"lower_limit_altitude":0.0,"lower_limit_alt_ref":"AGL","legal_ref":"§ 21h, Abs. 3 (9.) LuftVO","generated_name_EN":"Hohn (CTR)","lower_limit_unit":"m","type_code_detail":"CTR","external_reference":"952","name":["Hohn (CTR)"],"upper_limit_unit":"ft","generated_name_DE":"Hohn (CTR)","type_code":"KONTROLLZONE"}},{"type":"Feature","geometry":{"coordinates":[[[9.25979307,51.47800019],[9.29791613,51.47598799],[9.33603582,51.4739634],[9.37415213,51.47192642],[9.41226504,51.46987705],[9.45037452,51.46781529],[9.48848055,51.46574115],[9.52658312,51.46365463],[9.5646822,51.46155573],[9.60277778,51.45944444],[9.60135834,51.44950015],[9.59993952,51.43955583],[9.59852132,51.42961147],[9.59710373,51.41966708],[9.59568676,51.40972265],[9.5942704,51.39977819],[9.59285466,51.38983369],[9.59143953,51.37988916],[9.59002501,51.3699446],[9.58861111,51.36],[9.55059878,51.36211108],[9.51258296,51.36420983],[9.47456367,51.36629624],[9.43654095,51.36837032],[9.39851479,51.37043205],[9.36048523,51.37248145],[9.32245228,51.37451849],[9.28441597,51.3765432],[9.24637632,51.37855555],[9.20833333,51.38055556],[9.20966406,51.39050014],[9.21099537,51.4004447],[9.21232726,51.41038923],[9.21365972,51.42033372],[9.21499276,51.43027818],[9.21632638,51.44022261],[9.21766059,51.450167],[9.21899537,51.46011137],[9.22033073,51.4700557],[9.22166667,51.48],[9.25979307,51.47800019]]],"type":"Polygon"},"properties":{"upper_limit_alt_ref":"MSL","upper_limit_altitude":2700.0,"lower_limit_altitude":0.0,"lower_limit_alt_ref":"AGL","legal_ref":"§ 21h, Abs. 3 (9.) LuftVO","generated_name_EN":"Kassel (CTR)","lower_limit_unit":"m","type_code_detail":"CTR","external_reference":"959","name":["Kassel (CTR)"],"upper_limit_unit":"ft","generated_name_DE":"Kassel (CTR)","type_code":"KONTROLLZONE"}},{"type":"Feature","geometry":{"coordinates":[[[12.84501028,48.02036903],[12.84641659,48.01906061],[12.84782284,48.01775218],[12.84922901,48.01644373],[12.85063512,48.01513526],[12.85204115,48.01382677],[12.85344711,48.01251827],[12.854853,48.01120975],[12.85574666,48.00975968],[12.85664027,48.00830961],[12.85753383,48.00685953],[12.85795599,48.0052017],[12.85837813,48.00354387],[12.85880023,48.00188604],[12.85922231,48.0002282],[12.85964436,47.99857037],[12.86006639,47.99691253],[12.86108946,47.99397137],[12.86211241,47.99103021],[12.86313525,47.98808903],[12.86415797,47.98514784],[12.86518058,47.98220665],[12.86620307,47.97926544],[12.86722544,47.97632422],[12.8682477,47.97338299],[12.86926984,47.97044175],[12.87029186,47.9675005],[12.87170057,47.96626922],[12.87310922,47.96503792],[12.8745178,47.96380661],[12.87592631,47.96257528],[12.87792081,47.96172016],[12.87991524,47.96086502],[12.88190961,47.96000983],[12.8839619,47.95965438],[12.88601417,47.95929889],[12.8880664,47.95894337],[12.89011861,47.95858781],[12.8923397,47.95846686],[12.89456078,47.95834586],[12.89678186,47.95822483],[12.89900292,47.95810375],[12.90121661,47.95795675],[12.9034303,47.9578097],[12.90564397,47.95766261],[12.90785763,47.95751548],[12.91007128,47.95736831],[12.91201938,47.95679999],[12.91396743,47.95623164],[12.91591544,47.95566325],[12.9173678,47.95490112],[12.91882011,47.95413897],[12.9195646,47.95333656],[12.92030906,47.95253414],[12.92067642,47.95137961],[12.92030371,47.94977292],[12.91993102,47.94816623],[12.91955836,47.94655953],[12.91918572,47.94495283],[12.91932791,47.94343508],[12.91947008,47.94191733],[12.92015209,47.94110359],[12.92083408,47.94028983],[12.92287606,47.93928569],[12.92459828,47.93915333],[12.9263205,47.93902094],[12.92806447,47.93922079],[12.92980844,47.93942061],[12.93155735,47.93982399],[12.93330628,47.94022733],[12.93448675,47.94104522],[12.93479409,47.94210646],[12.93510144,47.94316769],[12.93605042,47.94402594],[12.93706756,47.94396194],[12.93832569,47.94314017],[12.93894608,47.94206281],[12.93888308,47.94090167],[12.93881858,47.93973139],[12.93895672,47.93812056],[12.93939412,47.93658772],[12.93983149,47.93505487],[12.94026883,47.93352203],[12.94091685,47.93192914],[12.94156482,47.93033625],[12.94221275,47.92874336],[12.94319579,47.92725393],[12.94417878,47.92576449],[12.94516171,47.92427504],[12.94614459,47.92278558],[12.94712741,47.92129611],[12.94811017,47.91980664],[12.94942522,47.91828336],[12.95074019,47.91676006],[12.95222968,47.91534793],[12.95371908,47.91393578],[12.9552084,47.91252362],[12.95669763,47.91111144],[12.95818679,47.90969923],[12.95967587,47.90828701],[12.96116486,47.90687476],[12.96265378,47.9054625],[12.96356423,47.90435041],[12.96447465,47.90323832],[12.96538503,47.90212622],[12.96700372,47.89959477],[12.96862226,47.8970633],[12.97024063,47.89453181],[12.97185885,47.89200029],[12.97347692,47.88946874],[12.97509482,47.88693718],[12.97671257,47.88440558],[12.97833016,47.88187397],[12.97994759,47.87934233],[12.98156486,47.87681067],[12.98272908,47.87538783],[12.98389323,47.87396499],[12.98505731,47.87254213],[12.98622134,47.87111926],[12.9873853,47.86969638],[12.9885492,47.86827349],[12.98971303,47.86685058],[12.99101077,47.86546662],[12.99230845,47.86408264],[12.99360606,47.86269865],[12.9949036,47.86131465],[12.99620106,47.85993063],[12.99749846,47.85854659],[12.9987958,47.85716254],[13.00009306,47.85577847],[13.00139025,47.85439439],[13.00212964,47.85270424],[13.00286898,47.85101408],[13.00360828,47.84932392],[13.00384978,47.84816335],[13.00409128,47.84700278],[13.00393944,47.84546238],[13.00378761,47.84392197],[13.00337492,47.84301446],[13.00296225,47.84210694],[13.00162762,47.84079842],[13.00029306,47.83948989],[12.99903625,47.83850921],[12.99777949,47.83752851],[12.99652278,47.83654781],[12.9950234,47.83566668],[12.99352408,47.83478553],[12.99202481,47.83390436],[12.99058444,47.83286307],[12.98914413,47.83182176],[12.98770389,47.83078043],[12.98626369,47.82973908],[12.98512383,47.82843078],[12.98398403,47.82712247],[12.98284428,47.82581414],[12.98198357,47.82435175],[12.98112291,47.82288935],[12.9802623,47.82142694],[12.97940173,47.81996453],[12.97854122,47.81850211],[12.97768075,47.81703968],[12.97682033,47.81557725],[12.97568163,47.81409581],[12.974543,47.81261436],[12.97340443,47.8111329],[12.97226593,47.80965143],[12.97112749,47.80816994],[12.96998911,47.80668844],[12.9686272,47.80520689],[12.96726537,47.80372533],[12.96590361,47.80224374],[12.96454193,47.80076214],[12.96318033,47.79928052],[12.96181881,47.79779889],[12.96006397,47.79669335],[12.95830922,47.79558778],[12.95655453,47.79448219],[12.95479992,47.79337657],[12.95304539,47.79227092],[12.95196473,47.79141724],[12.95088411,47.79056356],[12.94972259,47.78912998],[12.94856114,47.78769639],[12.94705517,47.78640042],[12.94633697,47.78612661],[12.94499481,47.78618429],[12.94365264,47.78624194],[12.94176844,47.78572086],[12.93988428,47.78519975],[12.93915318,47.78428686],[12.93842211,47.78337397],[12.93888227,47.78209015],[12.93934241,47.78080633],[12.93980253,47.7795225],[12.93939039,47.77812992],[12.93738556,47.77742423],[12.93538078,47.77671851],[12.93337606,47.77601275],[12.93333333,47.77611111],[12.91975528,47.79017407],[12.90616989,47.80423539],[12.89257718,47.81829507],[12.87897712,47.83235311],[12.86536971,47.84640949],[12.85175495,47.86046423],[12.83813283,47.87451732],[12.82450333,47.88856875],[12.81086647,47.90261854],[12.79722222,47.91666667],[12.79461578,47.92697257],[12.7920083,47.9372784],[12.78939979,47.94758415],[12.78679024,47.95788982],[12.78417965,47.96819542],[12.78156803,47.97850094],[12.77895536,47.98880637],[12.77634165,47.99911173],[12.7737269,48.00941702],[12.77111111,48.01972222],[12.77849993,48.01977992],[12.78588876,48.01983713],[12.79327761,48.01989388],[12.80066648,48.01995015],[12.80805536,48.02000594],[12.81544425,48.02006126],[12.82283317,48.0201161],[12.8302221,48.02017047],[12.83761104,48.02022436],[12.845,48.02027778],[12.84501028,48.02036903]]],"type":"Polygon"},"properties":{"upper_limit_alt_ref":"MSL","upper_limit_altitude":7000.0,"lower_limit_altitude":0.0,"lower_limit_alt_ref":"AGL","legal_ref":"§ 21h, Abs. 3 (9.) LuftVO","generated_name_EN":"Salzburg (CTR)","lower_limit_unit":"m","type_code_detail":"CTR","external_reference":"10793","name":["Salzburg (CTR)"],"upper_limit_unit":"ft","generated_name_DE":"Salzburg (CTR)","type_code":"KONTROLLZONE"}},{"type":"Feature","geometry":{"coordinates":[[[5.88227979,51.03155654],[5.88733691,51.02950176],[5.89239358,51.02744675],[5.89744981,51.02539152],[5.90250559,51.02333608],[5.90756092,51.02128041],[5.91261581,51.01922453],[5.91767024,51.01716842],[5.92272423,51.0151121],[5.92777778,51.01305556],[5.93105557,51.01302819],[5.93433336,51.01300074],[5.93761115,51.01297319],[5.94088894,51.01294555],[5.94416672,51.01291782],[5.94744449,51.01288999],[5.95072226,51.01286208],[5.95400003,51.01283407],[5.9572778,51.01280597],[5.96055556,51.01277778],[5.96055556,51.00983334],[5.96055556,51.0068889],[5.96055556,51.00394446],[5.96055556,51.00100002],[5.96055556,50.99805557],[5.96055556,50.99511113],[5.96055556,50.99216668],[5.96055556,50.98922223],[5.96055556,50.98627778],[5.96055556,50.98333333],[5.96088056,50.98315833],[5.95739167,50.98500556],[5.95518333,50.98841944],[5.95013333,50.98720833],[5.93388611,50.98535556],[5.92765,50.98228611],[5.92299167,50.97954722],[5.91855278,50.97774722],[5.91717222,50.97808611],[5.91558889,50.977825],[5.91172778,50.97641111],[5.9056,50.97472222],[5.90469444,50.97455278],[5.90242778,50.97458333],[5.89708611,50.97486667],[5.89680556,50.97648611],[5.89618333,50.97710278],[5.89566667,50.97730833],[5.89378333,50.97955556],[5.89259444,50.98030833],[5.89380278,50.98109722],[5.89566944,50.98135278],[5.89949722,50.98434722],[5.90373611,50.98720556],[5.90435278,50.99613889],[5.90551667,51.00217222],[5.895475,51.00453333],[5.89563889,51.01101944],[5.89271389,51.0123],[5.88834722,51.013475],[5.88544722,51.01381667],[5.88426111,51.01338611],[5.87887222,51.01783889],[5.87853333,51.01866111],[5.87898056,51.019875],[5.87891389,51.02061944],[5.87665278,51.02388056],[5.87665556,51.02461667],[5.87538333,51.02676944],[5.87459167,51.02921667],[5.876875,51.03156944],[5.87722222,51.03361111],[5.88227979,51.03155654]]],"type":"Polygon"},"properties":{"upper_limit_alt_ref":"MSL","upper_limit_altitude":3000.0,"lower_limit_altitude":0.0,"lower_limit_alt_ref":"AGL","legal_ref":"§ 21h, Abs. 3 (9.) LuftVO","generated_name_EN":"Maastricht (CTR)","lower_limit_unit":"m","type_code_detail":"CTR","external_reference":"4098","name":["Maastricht (CTR)"],"upper_limit_unit":"ft","generated_name_DE":"Maastricht (CTR)","type_code":"KONTROLLZONE"}},{"type":"Feature","geometry":{"coordinates":[[[9.35240917,54.44628076],[9.38122747,54.46061062],[9.4100659,54.47493357],[9.43892449,54.48924959],[9.46780323,54.5035587],[9.49670217,54.51786086],[9.52562129,54.53215608],[9.55456063,54.54644435],[9.58352019,54.56072566],[9.6125,54.575],[9.62085266,54.56444707],[9.62920102,54.55389355],[9.63754506,54.54333943],[9.6458848,54.53278471],[9.65422023,54.52222941],[9.66255137,54.51167351],[9.67087821,54.50111702],[9.67920076,54.49055994],[9.68751902,54.48000226],[9.695833,54.469444],[9.69708548,54.46041642],[9.6983374,54.45138881],[9.69958877,54.44236118],[9.7008396,54.43333352],[9.70208987,54.42430583],[9.70333959,54.41527812],[9.70458877,54.40625038],[9.70583739,54.39722261],[9.70708547,54.38819482],[9.708333,54.379167],[9.67288639,54.37532489],[9.6374464,54.37147237],[9.60201306,54.36760945],[9.56658638,54.36373613],[9.53116637,54.35985242],[9.49575306,54.35595831],[9.46034644,54.35205381],[9.42494655,54.34813892],[9.3895534,54.34421365],[9.354167,54.340278],[9.35111752,54.34944501],[9.34806669,54.35861193],[9.34501449,54.36777876],[9.34196094,54.3769455],[9.33890602,54.38611214],[9.33584975,54.3952787],[9.33279211,54.40444516],[9.3297331,54.41361153],[9.32667273,54.42277781],[9.323611,54.431944],[9.35240917,54.44628076]]],"type":"Polygon"},"properties":{"upper_limit_alt_ref":"MSL","upper_limit_altitude":2600.0,"lower_limit_altitude":0.0,"lower_limit_alt_ref":"AGL","legal_ref":"§ 21h, Abs. 3 (9.) LuftVO","generated_name_EN":"Schleswig (CTR)","lower_limit_unit":"m","type_code_detail":"CTR","external_reference":"995","name":["Schleswig (CTR)"],"upper_limit_unit":"ft","generated_name_DE":"Schleswig (CTR)","type_code":"KONTROLLZONE"}},{"type":"Feature","geometry":{"coordinates":[[[8.16233759,50.06932129],[8.19579771,50.07752181],[8.22926924,50.08571268],[8.26275217,50.09389388],[8.2962465,50.10206541],[8.32975223,50.11022726],[8.36326933,50.11837943],[8.39679781,50.12652191],[8.43033767,50.13465469],[8.46388889,50.14277778],[8.46697529,50.13747261],[8.47006101,50.13216736],[8.47314605,50.12686202],[8.4762304,50.1215566],[8.47931407,50.11625108],[8.48239707,50.11094549],[8.48547938,50.1056398],[8.488561,50.10033403],[8.49164195,50.09502817],[8.49472222,50.08972222],[8.47765346,50.08559463],[8.46058763,50.08146452],[8.44352474,50.0773319],[8.42646478,50.07319677],[8.40940775,50.06905914],[8.39235366,50.06491899],[8.3753025,50.06077634],[8.35825429,50.05663117],[8.34120901,50.05248351],[8.32416667,50.04833333],[8.32655745,50.04408357],[8.32894782,50.03983375],[8.33133776,50.03558388],[8.33372728,50.03133396],[8.33611638,50.02708399],[8.33850506,50.02283396],[8.34089332,50.01858388],[8.34328115,50.01433375],[8.34566856,50.01008357],[8.34805556,50.00583333],[8.33148808,50.00198287],[8.31492325,49.99813004],[8.29836106,49.99427484],[8.28180153,49.99041727],[8.26524465,49.98655734],[8.24869041,49.98269504],[8.23213883,49.97883038],[8.2155899,49.97496336],[8.19904362,49.97109397],[8.1825,49.96722222],[8.17714828,49.97661229],[8.17179448,49.9860021],[8.16643859,49.99539165],[8.16108062,50.00478093],[8.15572056,50.01416995],[8.15035841,50.02355871],[8.14499417,50.03294721],[8.13962784,50.04233544],[8.13425941,50.05172341],[8.12888889,50.06111111],[8.16233759,50.06932129]]],"type":"Polygon"},"properties":{"upper_limit_alt_ref":"MSL","upper_limit_altitude":1500.0,"lower_limit_altitude":0.0,"lower_limit_alt_ref":"AGL","legal_ref":"§ 21h, Abs. 3 (9.) LuftVO","generated_name_EN":"Wiesbaden (CTR)","lower_limit_unit":"m","type_code_detail":"CTR","external_reference":"1003","name":["Wiesbaden (CTR)"],"upper_limit_unit":"ft","generated_name_DE":"Wiesbaden (CTR)","type_code":"KONTROLLZONE"}},{"type":"Feature","geometry":{"coordinates":[[[9.99302891,52.87474989],[9.99244655,52.88477776],[9.99186393,52.89480561],[9.99128103,52.90483344],[9.99069787,52.91486125],[9.99011443,52.92488904],[9.98953073,52.93491681],[9.98894676,52.94494456],[9.98836251,52.95497229],[9.987778,52.965],[10.02382777,52.9657992],[10.05987887,52.96658748],[10.09593127,52.96736482],[10.13198495,52.96813122],[10.1680399,52.96888669],[10.20409609,52.96963123],[10.24015352,52.97036483],[10.27621216,52.97108749],[10.31227199,52.97179921],[10.348333,52.9725],[10.34894537,52.96252789],[10.34955745,52.95255576],[10.35016925,52.94258361],[10.35078077,52.93261144],[10.35139201,52.92263925],[10.35200297,52.91266704],[10.35261365,52.90269481],[10.35322404,52.89272256],[10.35383416,52.88275029],[10.354444,52.872778],[10.34870065,52.87266882],[10.34295733,52.87255936],[10.33721404,52.87244963],[10.33147078,52.87233962],[10.32572755,52.87222933],[10.31998435,52.87211876],[10.31424117,52.87200791],[10.30849803,52.87189679],[10.30275491,52.87178539],[10.29701183,52.87167371],[10.29625367,52.87103808],[10.29453296,52.86964059],[10.29276437,52.86826518],[10.29094869,52.86691246],[10.2890867,52.86558302],[10.28717922,52.86427743],[10.2852271,52.86299628],[10.28323119,52.86174011],[10.28119237,52.86050948],[10.27911152,52.85930493],[10.27698957,52.85812698],[10.27482744,52.85697615],[10.27262608,52.85585293],[10.27038645,52.85475783],[10.26810954,52.85369131],[10.26579634,52.85265385],[10.26344787,52.85164589],[10.26106515,52.85066788],[10.25864922,52.84972024],[10.25620114,52.84880339],[10.25372199,52.84791773],[10.25121284,52.84706364],[10.2486748,52.8462415],[10.24610896,52.84545166],[10.24351646,52.84469447],[10.24089843,52.84397027],[10.238256,52.84327936],[10.23559034,52.84262205],[10.23290261,52.84199862],[10.23019398,52.84140936],[10.22746563,52.8408545],[10.22471875,52.8403343],[10.22195455,52.83984899],[10.21917423,52.83939877],[10.216379,52.83898384],[10.21357009,52.83860438],[10.21074871,52.83826056],[10.20791611,52.83795253],[10.20507351,52.83768042],[10.20222215,52.83744435],[10.19936328,52.83724443],[10.19649815,52.83708074],[10.193628,52.83695334],[10.19075409,52.83686231],[10.18787767,52.83680767],[10.185,52.83678946],[10.18212233,52.83680767],[10.17924591,52.83686231],[10.176372,52.83695334],[10.17350185,52.83708074],[10.17063672,52.83724443],[10.16777785,52.83744435],[10.16492649,52.83768042],[10.16208389,52.83795253],[10.15925129,52.83826056],[10.15642991,52.83860438],[10.153621,52.83898384],[10.15082577,52.83939877],[10.14804545,52.83984899],[10.14528125,52.8403343],[10.14253437,52.8408545],[10.13980602,52.84140936],[10.13709739,52.84199862],[10.13440966,52.84262205],[10.131744,52.84327936],[10.12910157,52.84397027],[10.12648354,52.84469447],[10.12389104,52.84545166],[10.1213252,52.8462415],[10.11878716,52.84706364],[10.11627801,52.84791773],[10.11379886,52.84880339],[10.11135078,52.84972024],[10.10893485,52.85066788],[10.10655213,52.85164589],[10.10420366,52.85265385],[10.10189046,52.85369131],[10.09961355,52.85475783],[10.09737392,52.85585293],[10.09517256,52.85697615],[10.09301043,52.85812698],[10.09088848,52.85930493],[10.08880763,52.86050948],[10.08676881,52.86174011],[10.0847729,52.86299628],[10.08282078,52.86427743],[10.0809133,52.86558302],[10.07863881,52.86721475],[10.07013559,52.86696821],[10.06163247,52.86672107],[10.05312944,52.86647332],[10.04462652,52.86622495],[10.03612368,52.86597598],[10.02762095,52.8657264],[10.01911832,52.86547622],[10.01061578,52.86522542],[10.00211334,52.86497401],[9.993611,52.864722],[9.99302891,52.87474989]]],"type":"Polygon"},"properties":{"upper_limit_alt_ref":"MSL","upper_limit_altitude":2500.0,"lower_limit_altitude":0.0,"lower_limit_alt_ref":"AGL","legal_ref":"§ 21h, Abs. 3 (9.) LuftVO","generated_name_EN":"Fassberg (CTR)","lower_limit_unit":"m","type_code_detail":"CTR","external_reference":"933","name":["Fassberg (CTR)"],"upper_limit_unit":"ft","generated_name_DE":"Fassberg (CTR)","type_code":"KONTROLLZONE"}},{"type":"Feature","geometry":{"coordinates":[[[11.33331832,48.17769905],[11.34413379,48.17095264],[11.35494643,48.1642052],[11.36575624,48.15745673],[11.3765632,48.15070724],[11.38736734,48.14395673],[11.39816864,48.13720519],[11.40896711,48.13045263],[11.41976275,48.12369905],[11.43055556,48.11694444],[11.41187179,48.10315266],[11.39319801,48.08935781],[11.37453423,48.0755599],[11.35588042,48.06175892],[11.33723658,48.04795488],[11.3186027,48.03414778],[11.29997878,48.02033763],[11.28136481,48.00652443],[11.26276077,47.99270818],[11.24416667,47.97888889],[11.23326271,47.98558803],[11.22235593,47.99228614],[11.21144633,47.99898319],[11.20053391,48.00567921],[11.18961866,48.01237418],[11.17870058,48.0190681],[11.16777968,48.02576098],[11.15685595,48.03245281],[11.14592939,48.0391436],[11.135,48.04583333],[11.15370466,48.05970834],[11.17241938,48.07358027],[11.19114415,48.08744912],[11.209879,48.10131488],[11.22862392,48.11517755],[11.24737893,48.12903712],[11.26614404,48.1428936],[11.28491925,48.15674699],[11.30370456,48.17059727],[11.3225,48.18444444],[11.33331832,48.17769905]]],"type":"Polygon"},"properties":{"upper_limit_alt_ref":"MSL","upper_limit_altitude":3500.0,"lower_limit_altitude":0.0,"lower_limit_alt_ref":"AGL","legal_ref":"§ 21h, Abs. 3 (9.) LuftVO","generated_name_EN":"Oberpfaffenhofen (CTR)","lower_limit_unit":"m","type_code_detail":"CTR","external_reference":"985","name":["Oberpfaffenhofen (CTR)"],"upper_limit_unit":"ft","generated_name_DE":"Oberpfaffenhofen (CTR)","type_code":"KONTROLLZONE"}},{"type":"Feature","geometry":{"coordinates":[[[7.13662024,49.91239857],[7.15213976,49.92840602],[7.16766956,49.94441135],[7.18320965,49.96041455],[7.19876004,49.97641563],[7.21432076,49.99241457],[7.2298918,50.00841138],[7.24547318,50.02440606],[7.26106491,50.0403986],[7.276667,50.056389],[7.28987448,50.05109018],[7.30307906,50.04578984],[7.31628073,50.04048801],[7.32947949,50.03518466],[7.34267534,50.02987981],[7.35586828,50.02457346],[7.36905832,50.0192656],[7.38224545,50.01395623],[7.39542968,50.00864537],[7.408611,50.003333],[7.39295333,49.98734267],[7.37730604,49.97135019],[7.36166912,49.95535555],[7.34604255,49.93935876],[7.33042633,49.92335982],[7.31482044,49.90735874],[7.29922488,49.89135551],[7.28363962,49.87535014],[7.26806467,49.85934264],[7.2525,49.843333],[7.23937405,49.84864532],[7.22624523,49.85395615],[7.21311352,49.85926548],[7.19997894,49.86457332],[7.18684148,49.86987967],[7.17370114,49.87518453],[7.16055793,49.88048789],[7.14741183,49.88578976],[7.13426286,49.89109013],[7.121111,49.896389],[7.13662024,49.91239857]]],"type":"Polygon"},"properties":{"upper_limit_alt_ref":"MSL","upper_limit_altitude":3500.0,"lower_limit_altitude":0.0,"lower_limit_alt_ref":"AGL","legal_ref":"§ 21h, Abs. 3 (9.) LuftVO","generated_name_EN":"Hahn (CTR)","lower_limit_unit":"m","type_code_detail":"CTR","external_reference":"946","name":["Hahn (CTR)"],"upper_limit_unit":"ft","generated_name_DE":"Hahn (CTR)","type_code":"KONTROLLZONE"}},{"type":"Feature","geometry":{"coordinates":[[[7.5190964,47.69805747],[7.52245069,47.69817639],[7.52580794,47.69824777],[7.52916667,47.69827156],[7.5325254,47.69824777],[7.53588265,47.69817639],[7.53923693,47.69805747],[7.54258677,47.69789106],[7.54593069,47.69767722],[7.54926721,47.69741606],[7.55259486,47.69710768],[7.55591217,47.69675223],[7.55921767,47.69634986],[7.56250992,47.69590075],[7.56578745,47.6954051],[7.56904881,47.69486312],[7.57229258,47.69427506],[7.57551733,47.69364117],[7.57872161,47.69296173],[7.58190404,47.69223705],[7.58506319,47.69146745],[7.58819769,47.69065325],[7.59130614,47.68979483],[7.59342118,47.68918103],[7.5948489,47.68733258],[7.59627651,47.68548411],[7.59770403,47.68363563],[7.59913144,47.68178713],[7.60055875,47.6799386],[7.60198597,47.67809006],[7.60341308,47.67624151],[7.60484009,47.67439293],[7.606267,47.67254434],[7.60769381,47.67069572],[7.61377065,47.66282046],[7.61984566,47.65494487],[7.62591885,47.64706894],[7.63199021,47.63919268],[7.63805974,47.63131609],[7.64412745,47.62343917],[7.65019334,47.61556192],[7.65625741,47.60768433],[7.66231966,47.59980641],[7.66838008,47.59192817],[7.6674,47.591939],[7.66600401,47.59229301],[7.664608,47.592647],[7.66318201,47.59316651],[7.661756,47.593686],[7.660161,47.594111],[7.658594,47.594458],[7.65685402,47.59491101],[7.655114,47.595364],[7.653586,47.595475],[7.652417,47.595611],[7.651194,47.595686],[7.649028,47.596203],[7.648469,47.596292],[7.64705551,47.59660001],[7.645642,47.596908],[7.644372,47.595717],[7.643014,47.594997],[7.641747,47.594128],[7.641878,47.592978],[7.64255151,47.5921445],[7.643225,47.591311],[7.641164,47.590711],[7.639567,47.590308],[7.63800147,47.58932201],[7.636436,47.588336],[7.635567,47.587547],[7.63483349,47.5866845],[7.6341,47.585822],[7.633567,47.585372],[7.632033,47.584297],[7.631139,47.583553],[7.629633,47.582475],[7.627969,47.581336],[7.626211,47.580303],[7.625544,47.579828],[7.624744,47.579469],[7.62359299,47.57890951],[7.622442,47.57835],[7.62079748,47.57762351],[7.619153,47.576897],[7.616792,47.577711],[7.615036,47.578028],[7.613269,47.578183],[7.6113625,47.57820002],[7.609456,47.578217],[7.60719599,47.57807102],[7.604936,47.577925],[7.605171,47.578914],[7.605406,47.579903],[7.604836,47.580444],[7.604747,47.581208],[7.604547,47.581344],[7.60415,47.581372],[7.604553,47.582856],[7.6046695,47.583935],[7.604786,47.585014],[7.602633,47.585889],[7.60055553,47.58676002],[7.598478,47.587631],[7.596486,47.588192],[7.59402539,47.58878439],[7.59156472,47.58937672],[7.589104,47.589969],[7.589103,47.589969],[7.58985852,47.59142041],[7.59061307,47.59287182],[7.59136767,47.59432322],[7.59212232,47.59577461],[7.592877,47.597226],[7.59268127,47.598785],[7.59248552,47.600344],[7.59228977,47.601903],[7.592094,47.603462],[7.59095183,47.60465652],[7.5898096,47.60585102],[7.58866733,47.60704552],[7.587525,47.60824],[7.58561368,47.6094041],[7.58370228,47.61056816],[7.58179079,47.61173219],[7.57987922,47.61289619],[7.57796757,47.61406016],[7.57605583,47.6152241],[7.574144,47.616388],[7.57352069,47.61798501],[7.57289733,47.61958202],[7.57227394,47.62117902],[7.57165051,47.62277602],[7.57102705,47.62437302],[7.57040354,47.62597001],[7.56978,47.627567],[7.56882806,47.62908401],[7.56787606,47.63060101],[7.566924,47.632118],[7.56537194,47.63333624],[7.56381982,47.63455446],[7.56226762,47.63577266],[7.56071534,47.63699084],[7.559163,47.638209],[7.55696124,47.63936269],[7.55475938,47.64051634],[7.55255742,47.64166995],[7.55035536,47.64282351],[7.54815321,47.64397703],[7.54595096,47.64513051],[7.54374862,47.64628395],[7.54154618,47.64743734],[7.53934364,47.64859069],[7.537141,47.649744],[7.53553478,47.65110754],[7.53392847,47.65247105],[7.53232209,47.65383454],[7.53071561,47.65519801],[7.52910906,47.65656145],[7.52750242,47.65792487],[7.5258957,47.65928827],[7.52428889,47.66065165],[7.522682,47.662015],[7.52199528,47.66348081],[7.52130852,47.66494661],[7.52062172,47.66641241],[7.51993488,47.66787821],[7.519248,47.669344],[7.51933498,47.67089114],[7.51942197,47.67243829],[7.51950897,47.67398543],[7.51959597,47.67553257],[7.51968297,47.67707972],[7.51976998,47.67862686],[7.519857,47.680174],[7.51958368,47.681726],[7.51931035,47.683278],[7.519037,47.68483],[7.51811856,47.68632578],[7.51720007,47.68782155],[7.51628152,47.68931731],[7.51536292,47.69081306],[7.51444427,47.69230881],[7.51352557,47.69380455],[7.51260681,47.69530028],[7.511688,47.696796],[7.51189031,47.69764023],[7.51240264,47.69767722],[7.51574656,47.69789106],[7.5190964,47.69805747]]],"type":"Polygon"},"properties":{"upper_limit_alt_ref":"MSL","upper_limit_altitude":1000.0,"lower_limit_altitude":0.0,"lower_limit_alt_ref":"AGL","legal_ref":"§ 21h, Abs. 3 (9.) LuftVO","generated_name_EN":"Basel Northern Part (CTR)","lower_limit_unit":"m","type_code_detail":"CTR","external_reference":"10796","name":["Basel Northern Part (CTR)"],"upper_limit_unit":"ft","generated_name_DE":"Basel Northern Part (CTR)","type_code":"KONTROLLZONE"}},{"type":"Feature","geometry":{"coordinates":[[[7.45263177,49.49977243],[7.48859824,49.50092267],[7.52456638,49.50206174],[7.56053619,49.50318962],[7.59650764,49.50430631],[7.63248072,49.50541182],[7.66845541,49.50650615],[7.7044317,49.50758929],[7.74040957,49.50866124],[7.776389,49.509722],[7.77722408,49.49805553],[7.77805877,49.48638904],[7.77889306,49.47472251],[7.77972695,49.46305596],[7.78056044,49.45138937],[7.78139354,49.43972276],[7.78222625,49.42805611],[7.78305856,49.41638944],[7.78389048,49.40472273],[7.784722,49.393056],[7.74888152,49.39199478],[7.7130426,49.39092245],[7.67720524,49.38983902],[7.64136947,49.38874447],[7.6055353,49.38763882],[7.56970274,49.38652207],[7.53387182,49.38539421],[7.49804254,49.38425524],[7.46221493,49.38310517],[7.426389,49.381944],[7.42541887,49.39361084],[7.42444829,49.40527765],[7.42347724,49.41694443],[7.42250573,49.42861118],[7.42153377,49.4402779],[7.42056134,49.45194458],[7.41958845,49.46361123],[7.41861509,49.47527785],[7.41764128,49.48694444],[7.416667,49.498611],[7.45263177,49.49977243]]],"type":"Polygon"},"properties":{"upper_limit_alt_ref":"MSL","upper_limit_altitude":3600.0,"lower_limit_altitude":0.0,"lower_limit_alt_ref":"AGL","legal_ref":"§ 21h, Abs. 3 (9.) LuftVO","generated_name_EN":"Ramstein (CTR)","lower_limit_unit":"m","type_code_detail":"CTR","external_reference":"991","name":["Ramstein (CTR)"],"upper_limit_unit":"ft","generated_name_DE":"Ramstein (CTR)","type_code":"KONTROLLZONE"}},{"type":"Feature","geometry":{"coordinates":[[[8.20329372,52.62873517],[8.23603454,52.63051685],[8.26877802,52.63228948],[8.30152414,52.63405307],[8.33427289,52.6358076],[8.36702425,52.63755308],[8.39977821,52.6392895],[8.43253475,52.64101687],[8.46529387,52.64273519],[8.49805556,52.64444444],[8.49950295,52.63450015],[8.50094968,52.62455583],[8.50239576,52.61461147],[8.50384118,52.60466708],[8.50528595,52.59472265],[8.50673007,52.58477819],[8.50817353,52.57483369],[8.50961634,52.56488916],[8.5110585,52.5549446],[8.5125,52.545],[8.47973836,52.54329078],[8.44697927,52.5415725],[8.41422275,52.53984515],[8.3814688,52.53810874],[8.34871745,52.53636326],[8.3159687,52.53460873],[8.28322256,52.53284513],[8.25047906,52.53107248],[8.2177382,52.52929077],[8.185,52.5275],[8.18355849,52.5374446],[8.18211634,52.54738916],[8.18067353,52.55733369],[8.17923006,52.56727819],[8.17778595,52.57722265],[8.17634118,52.58716708],[8.17489576,52.59711147],[8.17344968,52.60705583],[8.17200294,52.61700015],[8.17055556,52.62694444],[8.20329372,52.62873517]]],"type":"Polygon"},"properties":{"upper_limit_alt_ref":"MSL","upper_limit_altitude":2500.0,"lower_limit_altitude":0.0,"lower_limit_alt_ref":"AGL","legal_ref":"§ 21h, Abs. 3 (9.) LuftVO","generated_name_EN":"Diepholz (CTR)","lower_limit_unit":"m","type_code_detail":"CTR","external_reference":"911","name":["Diepholz (CTR)"],"upper_limit_unit":"ft","generated_name_DE":"Diepholz (CTR)","type_code":"KONTROLLZONE"}},{"type":"Feature","geometry":{"coordinates":[[[10.51922738,49.25375053],[10.51623157,49.26361196],[10.51323456,49.27347329],[10.51023636,49.28333454],[10.50723696,49.29319568],[10.50423637,49.30305674],[10.50123457,49.3129177],[10.49823158,49.32277856],[10.49522739,49.33263933],[10.492222,49.3425],[10.51737413,49.34569136],[10.54252951,49.34887723],[10.56768813,49.35205764],[10.59285,49.35523256],[10.6180151,49.35840201],[10.64318344,49.36156597],[10.668355,49.36472446],[10.69352979,49.36787746],[10.71870779,49.37102497],[10.743889,49.374167],[10.74686653,49.36433402],[10.74984288,49.35450095],[10.75281804,49.34466778],[10.75579201,49.33483452],[10.7587648,49.32500117],[10.7617364,49.31516772],[10.76470682,49.30533418],[10.76767606,49.29550055],[10.77064412,49.28566682],[10.773611,49.275833],[10.74845753,49.27266323],[10.72330728,49.26948798],[10.69816026,49.26630726],[10.67301648,49.26312106],[10.64787594,49.25992939],[10.62273864,49.25673225],[10.59760459,49.25352964],[10.5724738,49.25032156],[10.54734627,49.24710801],[10.522222,49.243889],[10.51922738,49.25375053]]],"type":"Polygon"},"properties":{"upper_limit_alt_ref":"MSL","upper_limit_altitude":3000.0,"lower_limit_altitude":0.0,"lower_limit_alt_ref":"AGL","legal_ref":"§ 21h, Abs. 3 (9.) LuftVO","generated_name_EN":"Ansbach (CTR)","lower_limit_unit":"m","type_code_detail":"CTR","external_reference":"912","name":["Ansbach (CTR)"],"upper_limit_unit":"ft","generated_name_DE":"Ansbach (CTR)","type_code":"KONTROLLZONE"}},{"type":"Feature","geometry":{"coordinates":[[[9.82908691,49.42072317],[9.85623477,49.42560662],[9.88338802,49.4304837],[9.91054664,49.43535439],[9.93771064,49.44021871],[9.96488002,49.44507664],[9.99205475,49.44992818],[10.01923485,49.45477332],[10.04642031,49.45961208],[10.07361111,49.46444444],[10.07770165,49.45480628],[10.08179058,49.44516795],[10.08587791,49.43552946],[10.08996364,49.42589081],[10.09404777,49.416252],[10.0981303,49.40661303],[10.10221123,49.39697391],[10.10629056,49.38733462],[10.1103683,49.37769517],[10.11444444,49.36805556],[10.08722592,49.36322327],[10.06001273,49.35838457],[10.03280489,49.35353946],[10.00560239,49.34868794],[9.97840525,49.34383003],[9.95121346,49.3389657],[9.92402704,49.33409498],[9.89684599,49.32921786],[9.8696703,49.32433435],[9.8425,49.31944444],[9.83845157,49.32908405],[9.83440157,49.33872349],[9.83034997,49.34836277],[9.8262968,49.3580019],[9.82224204,49.36764087],[9.8181857,49.37727968],[9.81412777,49.38691833],[9.81006825,49.39655682],[9.80600714,49.40619516],[9.80194444,49.41583333],[9.82908691,49.42072317]]],"type":"Polygon"},"properties":{"upper_limit_alt_ref":"MSL","upper_limit_altitude":3500.0,"lower_limit_altitude":0.0,"lower_limit_alt_ref":"AGL","legal_ref":"§ 21h, Abs. 3 (9.) LuftVO","generated_name_EN":"Niederstetten (CTR)","lower_limit_unit":"m","type_code_detail":"CTR","external_reference":"981","name":["Niederstetten (CTR)"],"upper_limit_unit":"ft","generated_name_DE":"Niederstetten (CTR)","type_code":"KONTROLLZONE"}},{"type":"Feature","geometry":{"coordinates":[[[11.38705722,48.78978412],[11.42689825,48.79344346],[11.46674506,48.79708903],[11.50659764,48.80072082],[11.54645595,48.80433883],[11.58632,48.80794305],[11.62618974,48.81153348],[11.66606517,48.81511012],[11.70594627,48.81867296],[11.745833,48.822222],[11.75125899,48.81263992],[11.75668291,48.80305757],[11.76210476,48.79347494],[11.76752455,48.78389205],[11.77294227,48.77430888],[11.77835794,48.76472545],[11.78377154,48.75514174],[11.78918308,48.74555776],[11.79459257,48.73597352],[11.8,48.726389],[11.75993079,48.71672943],[11.71987693,48.70705592],[11.67983843,48.69736847],[11.63981531,48.6876671],[11.59980757,48.67795181],[11.55981522,48.66822262],[11.51983828,48.65847953],[11.47987676,48.64872256],[11.43993066,48.63895171],[11.4,48.629167],[11.39473695,48.64486268],[11.38947063,48.66055808],[11.38420104,48.67625319],[11.37892817,48.69194802],[11.37365203,48.70764256],[11.3683726,48.72333682],[11.36308989,48.73903079],[11.35780389,48.75472448],[11.35251459,48.77041788],[11.347222,48.786111],[11.38705722,48.78978412]]],"type":"Polygon"},"properties":{"upper_limit_alt_ref":"MSL","upper_limit_altitude":3700.0,"lower_limit_altitude":0.0,"lower_limit_alt_ref":"AGL","legal_ref":"§ 21h, Abs. 3 (9.) LuftVO","generated_name_EN":"Ingolstadt (CTR)","lower_limit_unit":"m","type_code_detail":"CTR","external_reference":"956","name":["Ingolstadt (CTR)"],"upper_limit_unit":"ft","generated_name_DE":"Ingolstadt (CTR)","type_code":"KONTROLLZONE"}},{"type":"Feature","geometry":{"coordinates":[[[9.41144759,51.01836867],[9.38121546,51.02839616],[9.3509703,51.03841582],[9.32071208,51.04842763],[9.29044083,51.05843158],[9.26015653,51.06842768],[9.22985919,51.0784159],[9.1995488,51.08839626],[9.16922537,51.09836874],[9.13888889,51.10833333],[9.14637593,51.11722444],[9.15386585,51.12611506],[9.16135864,51.13500519],[9.16885431,51.14389482],[9.17635287,51.15278396],[9.1838543,51.1616726],[9.19135862,51.17056075],[9.19886582,51.1794484],[9.20637591,51.18833556],[9.21388889,51.19722222],[9.24422719,51.18697983],[9.27455204,51.17672956],[9.30486344,51.16647142],[9.33516138,51.1562054],[9.36544588,51.14593153],[9.39571694,51.1356498],[9.42597454,51.12536022],[9.45621869,51.11506279],[9.4864494,51.10475753],[9.51666667,51.09444444],[9.50915414,51.08583556],[9.5016444,51.07722618],[9.49413745,51.0686163],[9.48663328,51.06000593],[9.4791319,51.05139506],[9.47163329,51.0427837],[9.46413747,51.03417185],[9.45664443,51.0255595],[9.44915416,51.01694667],[9.44166667,51.00833333],[9.41144759,51.01836867]]],"type":"Polygon"},"properties":{"upper_limit_alt_ref":"MSL","upper_limit_altitude":2700.0,"lower_limit_altitude":0.0,"lower_limit_alt_ref":"AGL","legal_ref":"§ 21h, Abs. 3 (9.) LuftVO","generated_name_EN":"Fritzlar (CTR)","lower_limit_unit":"m","type_code_detail":"CTR","external_reference":"938","name":["Fritzlar (CTR)"],"upper_limit_unit":"ft","generated_name_DE":"Fritzlar (CTR)","type_code":"KONTROLLZONE"}},{"type":"Feature","geometry":{"coordinates":[[[13.04350875,51.82327609],[13.08118255,51.82209612],[13.11885436,51.82090407],[13.15652418,51.81969997],[13.19419198,51.81848379],[13.23185774,51.81725556],[13.26952144,51.81601526],[13.30718306,51.8147629],[13.34484259,51.81349848],[13.3825,51.812222],[13.38163719,51.80222211],[13.38077475,51.79222219],[13.3799127,51.78222225],[13.37905103,51.77222228],[13.37818974,51.76222229],[13.37732884,51.75222228],[13.37646831,51.74222225],[13.37560816,51.73222219],[13.37474839,51.72222211],[13.373889,51.712222],[13.33628714,51.71349836],[13.29868318,51.7147627],[13.26107713,51.71601499],[13.22346901,51.71725525],[13.18585885,51.71848348],[13.14824666,51.71969966],[13.11063245,51.72090381],[13.07301626,51.72209591],[13.03539811,51.72327598],[12.997778,51.724444],[12.9985819,51.7344441],[12.99938615,51.74444418],[13.00019076,51.75444424],[13.00099573,51.76444427],[13.00180105,51.77444428],[13.00260673,51.78444427],[13.00341276,51.79444424],[13.00421915,51.80444418],[13.0050259,51.8144441],[13.005833,51.824444],[13.04350875,51.82327609]]],"type":"Polygon"},"properties":{"upper_limit_alt_ref":"MSL","upper_limit_altitude":2800.0,"lower_limit_altitude":0.0,"lower_limit_alt_ref":"AGL","legal_ref":"§ 21h, Abs. 3 (9.) LuftVO","generated_name_EN":"Holzdorf (CTR)","lower_limit_unit":"m","type_code_detail":"CTR","external_reference":"953","name":["Holzdorf (CTR)"],"upper_limit_unit":"ft","generated_name_DE":"Holzdorf (CTR)","type_code":"KONTROLLZONE"}},{"type":"Feature","geometry":{"coordinates":[[[7.03078998,50.05270186],[7.01713316,50.0576241],[7.00347354,50.06254473],[6.98981114,50.06746375],[6.97614593,50.07238116],[6.96247794,50.07729696],[6.94880714,50.08221114],[6.93513356,50.08712371],[6.92145718,50.09203466],[6.907778,50.096944],[6.92526606,50.11742854],[6.94276905,50.13791037],[6.96028699,50.15838949],[6.9778199,50.17886589],[6.9953678,50.19933956],[7.01293072,50.21981052],[7.03050868,50.24027874],[7.0481017,50.26074423],[7.0657098,50.28120699],[7.083333,50.301667],[7.09706795,50.29678541],[7.11080009,50.2919022],[7.12452941,50.28701736],[7.13825593,50.28213089],[7.15197963,50.2772428],[7.16570053,50.27235309],[7.17941861,50.26746175],[7.19313388,50.26256879],[7.20684635,50.2576742],[7.220556,50.252778],[7.20287691,50.23229037],[7.18521297,50.21179998],[7.16756414,50.19130683],[7.14993042,50.17081093],[7.13231178,50.15031229],[7.1147082,50.1298109],[7.09711965,50.10930677],[7.07954611,50.08879991],[7.06198757,50.06829032],[7.044444,50.047778],[7.03078998,50.05270186]]],"type":"Polygon"},"properties":{"upper_limit_alt_ref":"MSL","upper_limit_altitude":4100.0,"lower_limit_altitude":0.0,"lower_limit_alt_ref":"AGL","legal_ref":"§ 21h, Abs. 3 (9.) LuftVO","generated_name_EN":"Buechel (CTR)","lower_limit_unit":"m","type_code_detail":"CTR","external_reference":"921","name":["Buechel (CTR)"],"upper_limit_unit":"ft","generated_name_DE":"Buechel (CTR)","type_code":"KONTROLLZONE"}},{"type":"Feature","geometry":{"coordinates":[[[11.94481632,49.615065],[11.92906819,49.62818382],[11.9133116,49.64130047],[11.89754654,49.65441495],[11.88177301,49.66752724],[11.865991,49.68063736],[11.8502005,49.6937453],[11.8344015,49.70685105],[11.81859401,49.71995462],[11.802778,49.733056],[11.81493059,49.73928398],[11.82708629,49.74551067],[11.83924511,49.75173608],[11.85140703,49.75796021],[11.86357207,49.76418305],[11.87574023,49.77040461],[11.88791149,49.77662489],[11.90008588,49.78284388],[11.91226338,49.78906158],[11.924444,49.795278],[11.94031607,49.78209339],[11.95617953,49.76890657],[11.97203438,49.75571756],[11.98788063,49.74252634],[12.0037183,49.72933293],[12.01954738,49.71613732],[12.03536788,49.70293952],[12.05117981,49.68973954],[12.06698318,49.67653736],[12.082778,49.663333],[12.07054197,49.65719994],[12.05830902,49.65106558],[12.04607914,49.64492992],[12.03385233,49.63879296],[12.0216286,49.63265471],[12.00940794,49.62651516],[11.99719035,49.62037431],[11.98497583,49.61423217],[11.97276438,49.60808873],[11.960556,49.601944],[11.94481632,49.615065]]],"type":"Polygon"},"properties":{"upper_limit_alt_ref":"MSL","upper_limit_altitude":2900.0,"lower_limit_altitude":0.0,"lower_limit_alt_ref":"AGL","legal_ref":"§ 21h, Abs. 3 (9.) LuftVO","generated_name_EN":"Grafenwoehr (CTR)","lower_limit_unit":"m","type_code_detail":"CTR","external_reference":"943","name":["Grafenwoehr (CTR)"],"upper_limit_unit":"ft","generated_name_DE":"Grafenwoehr (CTR)","type_code":"KONTROLLZONE"}},{"type":"Feature","geometry":{"coordinates":[[[6.74666463,50.08370289],[6.76137908,50.07434835],[6.77608781,50.06499192],[6.79079082,50.05563362],[6.80548811,50.04627344],[6.82017969,50.03691139],[6.83486555,50.02754746],[6.8495457,50.01818166],[6.86422015,50.00881399],[6.87888889,49.99944444],[6.85588041,49.98449285],[6.8328862,49.96953666],[6.80990623,49.95457588],[6.78694051,49.93961051],[6.763989,49.92464056],[6.74105171,49.90966602],[6.71812862,49.89468692],[6.69521973,49.87970325],[6.672325,49.86471501],[6.64944444,49.84972222],[6.63815412,49.85697722],[6.62686041,49.86423111],[6.61556333,49.87148389],[6.60426285,49.87873556],[6.592959,49.88598611],[6.58165175,49.89323556],[6.57034112,49.9004839],[6.5590271,49.90773112],[6.54770969,49.91497723],[6.53638889,49.92222222],[6.54346797,49.9254464],[6.550548,49.92867014],[6.55762897,49.93189345],[6.56471089,49.93511632],[6.57179375,49.93833876],[6.57887755,49.94156077],[6.5859623,49.94478234],[6.593048,49.94800348],[6.60013464,49.95122418],[6.60722222,49.95444444],[6.60341897,49.95769501],[6.59961521,49.96094546],[6.59581094,49.96419577],[6.59200615,49.96744596],[6.58820085,49.97069603],[6.58439504,49.97394596],[6.58058872,49.97719577],[6.57678188,49.98044546],[6.57297453,49.98369501],[6.56916667,49.98694444],[6.58541218,49.9975659],[6.60166485,50.00818507],[6.61792469,50.01880194],[6.63419169,50.02941651],[6.65046586,50.04002878],[6.66674721,50.05063875],[6.68303574,50.06124641],[6.69933145,50.07185177],[6.71563435,50.08245482],[6.73194444,50.09305556],[6.74666463,50.08370289]]],"type":"Polygon"},"properties":{"upper_limit_alt_ref":"MSL","upper_limit_altitude":3700.0,"lower_limit_altitude":0.0,"lower_limit_alt_ref":"AGL","legal_ref":"§ 21h, Abs. 3 (9.) LuftVO","generated_name_EN":"Spangdahlem (CTR)","lower_limit_unit":"m","type_code_detail":"CTR","external_reference":"997","name":["Spangdahlem (CTR)"],"upper_limit_unit":"ft","generated_name_DE":"Spangdahlem (CTR)","type_code":"KONTROLLZONE"}},{"type":"Feature","geometry":{"coordinates":[[[10.0068098,48.16674609],[9.98195172,48.16765381],[9.95709276,48.16855616],[9.93223293,48.16945312],[9.90737224,48.17034471],[9.88251069,48.17123092],[9.85764829,48.17211176],[9.83278503,48.17298722],[9.80792094,48.1738573],[9.783056,48.174722],[9.78377694,48.1847221],[9.78449815,48.19472218],[9.78521965,48.20472223],[9.78594142,48.21472226],[9.78666348,48.22472228],[9.78738582,48.23472226],[9.78810844,48.24472223],[9.78883135,48.25472218],[9.78955453,48.2647221],[9.790278,48.274722],[9.81530955,48.27388541],[9.84034029,48.27304338],[9.86537019,48.2721959],[9.89039927,48.27134297],[9.91542751,48.27048459],[9.94045491,48.26962076],[9.96548147,48.26875149],[9.99050717,48.26787677],[10.01553202,48.26699661],[10.040556,48.266111],[10.03966554,48.25608331],[10.03877542,48.2460556],[10.03788565,48.23602786],[10.03699623,48.22600009],[10.03610716,48.21597231],[10.03521844,48.20594449],[10.03433006,48.19591666],[10.03344202,48.1858888],[10.03255434,48.17586091],[10.031667,48.165833],[10.0068098,48.16674609]]],"type":"Polygon"},"properties":{"upper_limit_alt_ref":"MSL","upper_limit_altitude":3500.0,"lower_limit_altitude":0.0,"lower_limit_alt_ref":"AGL","legal_ref":"§ 21h, Abs. 3 (9.) LuftVO","generated_name_EN":"Laupheim (CTR)","lower_limit_unit":"m","type_code_detail":"CTR","external_reference":"967","name":["Laupheim (CTR)"],"upper_limit_unit":"ft","generated_name_DE":"Laupheim (CTR)","type_code":"KONTROLLZONE"}},{"type":"Feature","geometry":{"coordinates":[[[5.96055556,50.98627528],[5.96055556,50.98922001],[5.96055556,50.99216474],[5.96055556,50.99510946],[5.96055556,50.99805419],[5.96055556,51.00099891],[5.96055556,51.00394363],[5.96055556,51.00688835],[5.96055556,51.00983306],[5.96055556,51.01277778],[5.98739726,51.01252774],[6.01423867,51.01227155],[6.04107978,51.01200918],[6.06792059,51.01174065],[6.09476108,51.01146595],[6.12160125,51.01118509],[6.14844109,51.01089807],[6.1752806,51.01060488],[6.20211977,51.01030552],[6.22895858,51.01],[6.22864542,51.00000008],[6.22833239,50.99000014],[6.2280195,50.98000019],[6.22770674,50.97000022],[6.22739411,50.96000023],[6.22708162,50.95000022],[6.22676927,50.94000019],[6.22645704,50.93000014],[6.22614496,50.92000008],[6.225833,50.91],[6.21177821,50.91017345],[6.19772332,50.9103452],[6.18366832,50.91051526],[6.16961323,50.91068364],[6.15555803,50.91085032],[6.14150273,50.9110153],[6.12744733,50.9111786],[6.11339184,50.9113402],[6.09933624,50.91150011],[6.08528056,50.91165833],[6.08643611,50.91227778],[6.08677222,50.91300278],[6.08683611,50.9141],[6.08933056,50.91623056],[6.09209167,50.91743611],[6.09347222,50.919075],[6.09417222,50.92031389],[6.09416389,50.92071389],[6.09372778,50.92123056],[6.09016667,50.91957222],[6.08943889,50.918525],[6.08683056,50.91937222],[6.08383889,50.92093333],[6.08213333,50.92153889],[6.07746389,50.92258611],[6.071775,50.92313333],[6.06818333,50.92065556],[6.06576667,50.92101389],[6.06296667,50.92203611],[6.06180833,50.92123889],[6.05402222,50.92225],[6.05616111,50.92715556],[6.05087222,50.92990556],[6.04914722,50.92938611],[6.04719444,50.92843056],[6.04558333,50.92808056],[6.045,50.92895833],[6.04441389,50.92934167],[6.03979167,50.93085278],[6.03858889,50.93086389],[6.01820278,50.93470278],[6.01507778,50.94788333],[6.01685278,50.95264444],[6.0118,50.95430278],[6.00519722,50.95677778],[6.00663889,50.95805833],[6.00908056,50.95948611],[6.01068611,50.96003333],[6.013,50.9604],[6.01520833,50.96236667],[6.01730833,50.965275],[6.01945556,50.96895],[6.02116389,50.97100556],[6.02264444,50.97402222],[6.02680278,50.98131111],[6.02689444,50.98164167],[6.02651111,50.98327222],[6.02293056,50.98327222],[6.0187,50.98381944],[6.017225,50.98368056],[6.01736389,50.98340278],[5.98422222,50.98211667],[5.98224167,50.98306944],[5.98135833,50.98321944],[5.979575,50.98291667],[5.97393611,50.98055556],[5.96850833,50.97942778],[5.967575,50.97939722],[5.966325,50.97977222],[5.96501111,50.98094167],[5.96078611,50.98305833],[5.96055556,50.98333056],[5.96055556,50.98627528]]],"type":"Polygon"},"properties":{"upper_limit_alt_ref":"MSL","upper_limit_altitude":3000.0,"lower_limit_altitude":0.0,"lower_limit_alt_ref":"AGL","legal_ref":"§ 21h, Abs. 3 (9.) LuftVO","generated_name_EN":"Geilenkirchen (CTR)","lower_limit_unit":"m","type_code_detail":"CTR","external_reference":"10802","name":["Geilenkirchen (CTR)"],"upper_limit_unit":"ft","generated_name_DE":"Geilenkirchen (CTR)","type_code":"KONTROLLZONE"}},{"type":"Feature","geometry":{"coordinates":[[[6.54009332,50.75541846],[6.53407339,50.7641696],[6.52805122,50.77292041],[6.5220268,50.7816709],[6.51600013,50.79042106],[6.50997121,50.7991709],[6.50394004,50.80792041],[6.49790662,50.8166696],[6.49187094,50.82541846],[6.485833,50.834167],[6.51949302,50.84379416],[6.55316689,50.8534116],[6.58685461,50.8630193],[6.62055616,50.87261726],[6.65427156,50.88220547],[6.68800079,50.89178392],[6.72174386,50.9013526],[6.75550075,50.91091152],[6.78927146,50.92046065],[6.823056,50.93],[6.82926138,50.92080715],[6.83546432,50.91161395],[6.84166481,50.90242041],[6.84786287,50.89322652],[6.85405848,50.88403229],[6.86025165,50.87483772],[6.86644239,50.8656428],[6.87263069,50.85644754],[6.87881656,50.84725194],[6.885,50.838056],[6.85105166,50.82896151],[6.81711651,50.81985713],[6.78319456,50.81074287],[6.74928582,50.80161873],[6.7153903,50.79248474],[6.68150799,50.78334088],[6.6476389,50.77418717],[6.61378303,50.76502361],[6.5799404,50.75585022],[6.546111,50.746667],[6.54009332,50.75541846]]],"type":"Polygon"},"properties":{"upper_limit_alt_ref":"MSL","upper_limit_altitude":2900.0,"lower_limit_altitude":0.0,"lower_limit_alt_ref":"AGL","legal_ref":"§ 21h, Abs. 3 (9.) LuftVO","generated_name_EN":"Noervenich (CTR)","lower_limit_unit":"m","type_code_detail":"CTR","external_reference":"983","name":["Noervenich (CTR)"],"upper_limit_unit":"ft","generated_name_DE":"Noervenich (CTR)","type_code":"KONTROLLZONE"}},{"type":"Feature","geometry":{"coordinates":[[[10.88317746,48.29422903],[10.89635252,48.28956765],[10.90952518,48.28490476],[10.92269544,48.28024036],[10.93586331,48.27557445],[10.94902878,48.27090702],[10.96219185,48.26623809],[10.97535252,48.26156764],[10.98851079,48.25689569],[11.00166667,48.25222222],[10.98678641,48.23417555],[10.97191661,48.2161269],[10.95705726,48.19807627],[10.94220835,48.18002366],[10.92736986,48.16196908],[10.91254179,48.14391253],[10.89772411,48.12585401],[10.88291681,48.10779353],[10.86811989,48.08973108],[10.85333333,48.07166667],[10.84017752,48.07639569],[10.82701929,48.08112321],[10.81385865,48.08584921],[10.8006956,48.0905737],[10.78753014,48.09529668],[10.77436227,48.10001815],[10.76119199,48.10473811],[10.74801929,48.10945655],[10.73484418,48.11417348],[10.72166667,48.11888889],[10.73645329,48.13689774],[10.75125027,48.15490463],[10.7660576,48.17290956],[10.7808753,48.19091252],[10.79570338,48.20891352],[10.81054186,48.22691254],[10.82539075,48.2449096],[10.84025006,48.26290467],[10.85511981,48.28089777],[10.87,48.29888889],[10.88317746,48.29422903]]],"type":"Polygon"},"properties":{"upper_limit_alt_ref":"MSL","upper_limit_altitude":4500.0,"lower_limit_altitude":0.0,"lower_limit_alt_ref":"AGL","legal_ref":"§ 21h, Abs. 3 (9.) LuftVO","generated_name_EN":"Lechfeld (CTR)","lower_limit_unit":"m","type_code_detail":"CTR","external_reference":"968","name":["Lechfeld (CTR)"],"upper_limit_unit":"ft","generated_name_DE":"Lechfeld (CTR)","type_code":"KONTROLLZONE"}},{"type":"Feature","geometry":{"coordinates":[[[7.68410726,47.56296896],[7.68323372,47.56077977],[7.68229272,47.55860344],[7.68128468,47.55644092],[7.68021004,47.55429315],[7.67906928,47.55216108],[7.67786292,47.55004563],[7.67659148,47.54794774],[7.67525553,47.54586832],[7.67385566,47.54380828],[7.67239249,47.54176852],[7.67086668,47.53974994],[7.66927888,47.53775341],[7.66781978,47.53594528],[7.667478,47.536178],[7.66658501,47.5368765],[7.665692,47.537575],[7.665069,47.538225],[7.664436,47.539017],[7.66390851,47.540017],[7.663381,47.541017],[7.66301951,47.541885],[7.662658,47.542753],[7.662039,47.544058],[7.661669,47.544508],[7.661419,47.544825],[7.660717,47.545231],[7.660253,47.545439],[7.659364,47.545664],[7.657931,47.545911],[7.656708,47.546075],[7.65528051,47.54628901],[7.653853,47.546503],[7.651931,47.547],[7.650736,47.547389],[7.650139,47.54775],[7.649278,47.548444],[7.64835,47.549075],[7.64765,47.549661],[7.647119,47.550275],[7.64637901,47.551197],[7.645639,47.552119],[7.64441654,47.55365951],[7.643194,47.5552],[7.642664,47.555653],[7.641697,47.556642],[7.640042,47.558022],[7.639581,47.558517],[7.638692,47.559167],[7.637631,47.559842],[7.63580702,47.56055551],[7.633983,47.561269],[7.634717,47.562033],[7.63544999,47.562918],[7.636183,47.563803],[7.638242,47.563197],[7.63918201,47.562543],[7.640122,47.561889],[7.641225,47.561211],[7.642653,47.56126251],[7.644081,47.561314],[7.645075,47.560981],[7.646072,47.560708],[7.647333,47.560231],[7.648261,47.559942],[7.648928,47.560228],[7.65035,47.560881],[7.651789,47.561481],[7.652653,47.561775],[7.654542,47.562358],[7.655578,47.562283],[7.656111,47.562308],[7.656311,47.562444],[7.656736,47.563028],[7.657911,47.563925],[7.658775,47.564436],[7.66083748,47.56482752],[7.6629,47.565219],[7.664161,47.565397],[7.665689,47.565081],[7.667483,47.565272],[7.669478,47.565631],[7.670275,47.565808],[7.670742,47.565806],[7.6724,47.565425],[7.672333,47.565022],[7.672397,47.564392],[7.672553,47.563689],[7.674453,47.563442],[7.675675,47.563442],[7.677375,47.563725],[7.677342,47.564894],[7.676253,47.565192],[7.675192,47.565375],[7.67610549,47.566236],[7.677019,47.567097],[7.677994,47.568131],[7.678194,47.568581],[7.678489,47.569028],[7.678931,47.569342],[7.679728,47.569744],[7.68092649,47.57025951],[7.682125,47.570775],[7.683589,47.571247],[7.683811,47.570547],[7.683647,47.569603],[7.683511,47.568389],[7.683803,47.568297],[7.684239,47.567892],[7.684794,47.567108],[7.68537864,47.56641005],[7.68491293,47.56517004],[7.68410726,47.56296896]]],"type":"Polygon"},"properties":{"upper_limit_alt_ref":"MSL","upper_limit_altitude":1000.0,"lower_limit_altitude":0.0,"lower_limit_alt_ref":"AGL","legal_ref":"§ 21h, Abs. 3 (9.) LuftVO","generated_name_EN":"Basel Southern Part (CTR)","lower_limit_unit":"m","type_code_detail":"CTR","external_reference":"13815","name":["Basel Southern Part (CTR)"],"upper_limit_unit":"ft","generated_name_DE":"Basel Southern Part (CTR)","type_code":"KONTROLLZONE"}},{"type":"Feature","geometry":{"coordinates":[[[9.51188248,52.43548718],[9.5032764,52.42580962],[9.49175122,52.41734328],[9.47775031,52.41041272],[9.46181117,52.40528353],[9.44454486,52.40215218],[9.42661273,52.40113857],[9.40870136,52.40228152],[9.39149654,52.40553728],[9.37565731,52.41078117],[9.36179096,52.41781233],[9.35042988,52.42636134],[9.34201122,52.43610043],[9.33685995,52.44665598],[9.33517623,52.45762278],[9.3370273,52.46857951],[9.34234458,52.47910495],[9.35092587,52.48879416],[9.36244283,52.49727414],[9.37645333,52.50421823],[9.39241843,52.50935878],[9.40972311,52.51249761],[9.42770018,52.51351367],[9.44565621,52.51236776],[9.46289862,52.50910409],[9.47876264,52.50384854],[9.49263722,52.49680375],[9.5039887,52.48824121],[9.51238141,52.47849075],[9.5174943,52.46792772],[9.51913309,52.45695848],[9.51723735,52.44600471],[9.51188248,52.43548718]]],"type":"Polygon"},"properties":{"upper_limit_alt_ref":"MSL","upper_limit_altitude":2500.0,"lower_limit_altitude":0.0,"lower_limit_alt_ref":"AGL","legal_ref":"NfL 2026-1-3960","generated_name_EN":"Wunstorf (ETNW) zone 1","lower_limit_unit":"m","type_code_detail":"U_CONTROL_ZONE_1","external_reference":"168","name":["Wunstorf (ETNW) Zone 1"],"upper_limit_unit":"ft","generated_name_DE":"Wunstorf (ETNW) Zone 1","type_code":"KONTROLLZONE"}},{"type":"Feature","geometry":{"coordinates":[[[9.38333333,52.575],[9.52193353,52.55758589],[9.53333333,52.46472222],[9.53583333,52.44277778],[9.46361111,52.40027778],[9.41805556,52.3925],[9.36888889,52.39],[9.33669518,52.3752908],[9.25,52.40138889],[9.22777778,52.47777778],[9.38333333,52.575]],[[9.5039887,52.48824121],[9.49263722,52.49680375],[9.47876264,52.50384854],[9.46289862,52.50910409],[9.44565621,52.51236776],[9.42770018,52.51351367],[9.40972311,52.51249761],[9.39241843,52.50935878],[9.37645333,52.50421823],[9.36244283,52.49727414],[9.35092587,52.48879416],[9.34234458,52.47910495],[9.3370273,52.46857951],[9.33517623,52.45762278],[9.33685995,52.44665598],[9.34201122,52.43610043],[9.35042988,52.42636134],[9.36179096,52.41781233],[9.37565731,52.41078117],[9.39149654,52.40553728],[9.40870136,52.40228152],[9.42661273,52.40113857],[9.44454486,52.40215218],[9.46181117,52.40528353],[9.47775031,52.41041272],[9.49175122,52.41734328],[9.5032764,52.42580962],[9.51188248,52.43548718],[9.51723735,52.44600471],[9.51913309,52.45695848],[9.5174943,52.46792772],[9.51238141,52.47849075],[9.5039887,52.48824121]]],"type":"Polygon"},"properties":{"upper_limit_alt_ref":"MSL","upper_limit_altitude":2500.0,"lower_limit_altitude":334.64567999999997,"lower_limit_alt_ref":"MSL","legal_ref":"NfL 2026-1-3960","generated_name_EN":"Wunstorf (ETNW) zone 3","lower_limit_unit":"ft","type_code_detail":"U_CONTROL_ZONE_3","external_reference":"37b1bc28-25f8-4d99-b05d-e52aab7f0013_6000","name":["Wunstorf (ETNW) Zone 3"],"upper_limit_unit":"ft","generated_name_DE":"Wunstorf (ETNW) Zone 3","type_code":"KONTROLLZONE"}},{"type":"Feature","geometry":{"coordinates":[[[[9.71650609,52.41018236],[9.69991161,52.40721209],[9.68268954,52.40627629],[9.66549938,52.4074108],[9.64899939,52.41057218],[9.63382171,52.41563937],[9.62054834,52.42241824],[9.60968894,52.43064901],[9.60166135,52.44001607],[9.59677543,52.45016005],[9.59522098,52.46069151],[9.59524042,52.46080267],[9.60352092,52.46057915],[9.60261103,52.44801382],[9.62867706,52.44730272],[9.62894047,52.44675512],[9.63428951,52.44050925],[9.6415281,52.43502069],[9.65037782,52.43050005],[9.66049877,52.42712072],[9.67150258,52.42501231],[9.68296725,52.42425565],[9.69445322,52.42487976],[9.70552016,52.42686068],[9.71574365,52.43012248],[9.72473144,52.43454007],[9.73213835,52.43994399],[9.73606903,52.44432985],[9.76700228,52.44345399],[9.76474454,52.43907396],[9.75642898,52.42980142],[9.74531742,52.42169764],[9.73183729,52.41507333],[9.71650609,52.41018236]]],[[[9.65046657,52.5102367],[9.66709663,52.51321373],[9.68436019,52.51415165],[9.70159144,52.51301427],[9.71812586,52.50984547],[9.73332606,52.50476746],[9.74660664,52.497976],[9.75745681,52.48973279],[9.76546015,52.48035533],[9.76849015,52.47401418],[9.73707066,52.47489968],[9.73280142,52.47989846],[9.72556694,52.48539255],[9.71671401,52.48991879],[9.70658305,52.49330292],[9.69556394,52.49541463],[9.68408101,52.49617256],[9.6725766,52.49554752],[9.66149385,52.49356358],[9.65125958,52.49029716],[9.6422677,52.48587405],[9.63486398,52.48046454],[9.6324776,52.47779491],[9.60086819,52.47864833],[9.60222438,52.48129884],[9.61051742,52.49058221],[9.62162177,52.49869858],[9.63511112,52.50533533],[9.65046657,52.5102367]]]],"type":"MultiPolygon"},"properties":{"upper_limit_alt_ref":"MSL","upper_limit_altitude":2500.0,"lower_limit_altitude":330.380588,"lower_limit_alt_ref":"MSL","legal_ref":"NfL 2026-1-3960","generated_name_EN":"Hannover (EDDV) zone 3","lower_limit_unit":"ft","type_code_detail":"U_CONTROL_ZONE_3","external_reference":"242_6000","name":["Hannover (EDDV) Zone 3"],"upper_limit_unit":"ft","generated_name_DE":"Hannover (EDDV) Zone 3","type_code":"KONTROLLZONE"}},{"type":"Feature","geometry":{"coordinates":[[[[10.15858062,47.89858839],[10.12972222,47.88694444],[10.1220947,47.89553012],[10.11446466,47.90411528],[10.10683209,47.91269991],[10.099197,47.92128403],[10.09155938,47.92986762],[10.08391923,47.9384507],[10.07627655,47.94703325],[10.06863135,47.95561528],[10.06098361,47.96419679],[10.05333333,47.97277778],[10.08216397,47.98439387],[10.11100755,47.9960027],[10.13986407,48.00760425],[10.16873353,48.01919854],[10.17721636,48.02260167],[10.17331381,48.01950929],[10.16566931,48.01025398],[10.16086496,48.00017556],[10.15908389,47.98966173],[10.16039272,47.97911668],[10.16452168,47.96945487],[10.1611706,47.96812182],[10.17482989,47.95264378],[10.1784263,47.95407428],[10.18176159,47.95125778],[10.19378155,47.94441975],[10.20755333,47.93928702],[10.22254865,47.9360563],[10.23819274,47.93485137],[10.25032381,47.93552158],[10.24523347,47.93347651],[10.21633624,47.92185443],[10.18745196,47.91022505],[10.15858062,47.89858839]]],[[[10.31327505,48.07706061],[10.34222222,48.08861111],[10.34990032,48.08005792],[10.35757588,48.0715042],[10.3652489,48.06294995],[10.37291937,48.05439518],[10.3805873,48.04583989],[10.38825269,48.03728407],[10.39591554,48.02872773],[10.40357586,48.02017086],[10.41123364,48.01161347],[10.41888889,48.00305556],[10.38991392,47.99147735],[10.36095191,47.97989182],[10.33200287,47.96829896],[10.30456469,47.95729928],[10.305574,47.9580976],[10.31323543,47.96734352],[10.31806614,47.97741537],[10.31987899,47.98792645],[10.3186025,47.998473],[10.31451432,48.00810666],[10.31784376,48.00942616],[10.30421296,48.0249208],[10.30065309,48.02350981],[10.29728886,48.02635664],[10.28526397,48.03320545],[10.27147526,48.03834757],[10.25645358,48.04158486],[10.24077772,48.04279254],[10.22546755,48.04194698],[10.22651128,48.04236525],[10.25541958,48.05393767],[10.28434084,48.06550279],[10.31327505,48.07706061]]]],"type":"MultiPolygon"},"properties":{"upper_limit_alt_ref":"MSL","upper_limit_altitude":4500.0,"lower_limit_altitude":2407.152308,"lower_limit_alt_ref":"MSL","legal_ref":"NfL 2026-1-3981","generated_name_EN":"Memmingen (EDJA) zone 4","lower_limit_unit":"ft","type_code_detail":"U_CONTROL_ZONE_4","external_reference":"5532_ctr","name":["Memmingen (EDJA) Zone 4"],"upper_limit_unit":"ft","generated_name_DE":"Memmingen (EDJA) Zone 4","type_code":"KONTROLLZONE"}},{"type":"Feature","geometry":{"coordinates":[[[13.51338308,52.34357804],[13.50359409,52.34122872],[13.50335086,52.34117186],[13.50158914,52.34077089],[13.49939619,52.34027172],[13.49922092,52.34023182],[13.49699138,52.33968694],[13.496477,52.33956122],[13.49636513,52.3395342],[13.49285719,52.33869708],[13.4889853,52.33777295],[13.48528618,52.33688991],[13.4838321,52.33654275],[13.48379669,52.33653433],[13.48108927,52.33589282],[13.47739422,52.33501717],[13.4734158,52.33407419],[13.46995978,52.33325489],[13.46972583,52.33319868],[13.46683951,52.33252325],[13.46364278,52.33201884],[13.46278095,52.33194483],[13.46232092,52.33190985],[13.46222252,52.33190334],[13.45954164,52.33187689],[13.45689772,52.33214997],[13.45600652,52.33229438],[13.45485608,52.33257349],[13.40541632,52.32079942],[13.39478407,52.33753766],[13.4214506,52.34388886],[13.4113425,52.35980498],[13.45632613,52.37050621],[13.45705783,52.37142755],[13.45876447,52.37281308],[13.4588169,52.37284803],[13.46135974,52.37419436],[13.46433671,52.37515097],[13.46970348,52.37641958],[13.47014701,52.37652598],[13.47018864,52.37653592],[13.47420192,52.37748991],[13.47571345,52.37831297],[13.47809003,52.37918124],[13.48069084,52.37976089],[13.48211771,52.3799021],[13.48586129,52.38137986],[13.48596122,52.38141895],[13.48810761,52.38225117],[13.48811644,52.38234783],[13.48884478,52.3840658],[13.49011116,52.38566255],[13.49186614,52.38707568],[13.49262031,52.38748287],[13.49281889,52.38767724],[13.49360289,52.38818159],[13.4939464,52.38897561],[13.49515071,52.39050743],[13.49680535,52.39187294],[13.4974875,52.39225651],[13.49780717,52.39255064],[13.49841764,52.39293087],[13.49878825,52.39322739],[13.49905185,52.3933659],[13.49940765,52.39392539],[13.5009126,52.39538306],[13.50284528,52.39663788],[13.50513445,52.39764361],[13.50518683,52.39766224],[13.50534493,52.39773296],[13.50539429,52.39775495],[13.50570981,52.39789487],[13.50813363,52.39876628],[13.51078465,52.39933901],[13.51356558,52.39959205],[13.51396452,52.39958126],[13.51552552,52.40009551],[13.51566479,52.4001346],[13.51693357,52.40055962],[13.51702839,52.40058508],[13.52061222,52.40122976],[13.52069595,52.40123795],[13.52433455,52.40131386],[13.52441871,52.40130921],[13.52675466,52.40106236],[13.52899516,52.40058873],[13.5290905,52.40056313],[13.53148033,52.39975151],[13.53358265,52.39868293],[13.53532457,52.39739445],[13.53542679,52.39730261],[13.53560123,52.39714219],[13.53664254,52.39616196],[13.53721449,52.39566361],[13.53742632,52.39548178],[13.53896585,52.39380561],[13.53988674,52.39196735],[13.53992307,52.39185185],[13.53998604,52.39138764],[13.54130055,52.39104497],[13.54162028,52.39094714],[13.54199945,52.39082462],[13.5892532,52.40199632],[13.59982504,52.38524211],[13.58681088,52.38216529],[13.59685725,52.36623909],[13.54977434,52.35510165],[13.54888116,52.35407803],[13.5487561,52.35395754],[13.54718048,52.3527002],[13.54694583,52.35254374],[13.54436309,52.35118038],[13.54133611,52.35021906],[13.54119879,52.35018722],[13.54009485,52.34991532],[13.539929,52.34987518],[13.52948877,52.34739289],[13.52946842,52.34738806],[13.51338308,52.34357804]]],"type":"Polygon"},"properties":{"upper_limit_alt_ref":"MSL","upper_limit_altitude":2500.0,"lower_limit_altitude":0.0,"lower_limit_alt_ref":"AGL","legal_ref":"NfL 2026-1-3960","generated_name_EN":"Berlin Brandenburg (EDDB) zone 1","lower_limit_unit":"m","type_code_detail":"U_CONTROL_ZONE_1","external_reference":"DFSDEFPFHXX52365301135044640000220","name":["Berlin Brandenburg (EDDB) Zone 1"],"upper_limit_unit":"ft","generated_name_DE":"Berlin Brandenburg (EDDB) Zone 1","type_code":"KONTROLLZONE"}},{"type":"Feature","geometry":{"coordinates":[[[[13.55015161,52.34288358],[13.54303101,52.33734601],[13.53428527,52.33276515],[13.52425035,52.3293167],[13.51331135,52.32713292],[13.50188778,52.32629753],[13.49041764,52.32684256],[13.47934066,52.32874709],[13.46908163,52.3319381],[13.46753022,52.33268489],[13.46972583,52.33319868],[13.46995978,52.33325489],[13.4734158,52.33407419],[13.47739422,52.33501717],[13.48108927,52.33589282],[13.48379669,52.33653433],[13.4838321,52.33654275],[13.48528618,52.33688991],[13.4889853,52.33777295],[13.49285719,52.33869708],[13.49636513,52.3395342],[13.496477,52.33956122],[13.49699138,52.33968694],[13.49922092,52.34023182],[13.49939619,52.34027172],[13.50158914,52.34077089],[13.50335086,52.34117186],[13.50359409,52.34122872],[13.51338308,52.34357804],[13.52946842,52.34738806],[13.52948877,52.34739289],[13.539929,52.34987518],[13.54009485,52.34991532],[13.54119879,52.35018722],[13.54133611,52.35021906],[13.54436309,52.35118038],[13.54694583,52.35254374],[13.54718048,52.3527002],[13.5487561,52.35395754],[13.54888116,52.35407803],[13.54977434,52.35510165],[13.55865482,52.35720232],[13.55849444,52.35595018],[13.55537319,52.34916535],[13.55015161,52.34288358]]],[[[13.45114926,52.38158918],[13.45826526,52.38713221],[13.46701363,52.39171868],[13.47705804,52.39517203],[13.48801195,52.39735926],[13.49945354,52.39819611],[13.50571974,52.39789844],[13.50570981,52.39789487],[13.50539429,52.39775495],[13.50534493,52.39773296],[13.50518683,52.39766224],[13.50513445,52.39764361],[13.50284528,52.39663788],[13.5009126,52.39538306],[13.49940765,52.39392539],[13.49905185,52.3933659],[13.49878825,52.39322739],[13.49841764,52.39293087],[13.49780717,52.39255064],[13.4974875,52.39225651],[13.49680535,52.39187294],[13.49515071,52.39050743],[13.4939464,52.38897561],[13.49360289,52.38818159],[13.49281889,52.38767724],[13.49262031,52.38748287],[13.49186614,52.38707568],[13.49011116,52.38566255],[13.48884478,52.3840658],[13.48811644,52.38234783],[13.48810761,52.38225117],[13.48596122,52.38141895],[13.48586129,52.38137986],[13.48211771,52.3799021],[13.48069084,52.37976089],[13.47809003,52.37918124],[13.47571345,52.37831297],[13.47420192,52.37748991],[13.47018864,52.37653592],[13.47014701,52.37652598],[13.46970348,52.37641958],[13.46433671,52.37515097],[13.46135974,52.37419436],[13.4588169,52.37284803],[13.45876447,52.37281308],[13.45705783,52.37142755],[13.45632613,52.37050621],[13.44267599,52.36725896],[13.44283359,52.36851528],[13.44593884,52.37530293],[13.45114926,52.38158918]]]],"type":"MultiPolygon"},"properties":{"upper_limit_alt_ref":"MSL","upper_limit_altitude":2500.0,"lower_limit_altitude":237.8609,"lower_limit_alt_ref":"MSL","legal_ref":"NfL 2026-1-3960","generated_name_EN":"Berlin Brandenburg (EDDB) zone 2","lower_limit_unit":"ft","type_code_detail":"U_CONTROL_ZONE_2","external_reference":"387_4000","name":["Berlin Brandenburg (EDDB) Zone 2"],"upper_limit_unit":"ft","generated_name_DE":"Berlin Brandenburg (EDDB) Zone 2","type_code":"KONTROLLZONE"}},{"type":"Feature","geometry":{"coordinates":[[[[13.5510751,52.31802049],[13.53602628,52.31284965],[13.51962334,52.30957527],[13.50249474,52.30832274],[13.48529641,52.30914],[13.46868694,52.31199574],[13.45330257,52.31678058],[13.43973308,52.3233112],[13.43379077,52.3275568],[13.45485608,52.33257349],[13.45600652,52.33229438],[13.45689772,52.33214997],[13.45954164,52.33187689],[13.46222252,52.33190334],[13.46232092,52.33190985],[13.46278095,52.33194483],[13.46364278,52.33201884],[13.46683951,52.33252325],[13.46753022,52.33268489],[13.46908163,52.3319381],[13.47934066,52.32874709],[13.49041764,52.32684256],[13.50188778,52.32629753],[13.51331135,52.32713292],[13.52425035,52.3293167],[13.53428527,52.33276515],[13.54303101,52.33734601],[13.55015161,52.34288358],[13.55537319,52.34916535],[13.55849444,52.35595018],[13.55865482,52.35720232],[13.58857364,52.3642796],[13.58875673,52.36333181],[13.58739971,52.35279113],[13.58271184,52.34261496],[13.57487531,52.33319399],[13.5641927,52.32488969],[13.5510751,52.31802049]]],[[[13.41352473,52.35636887],[13.4214506,52.34388886],[13.4186108,52.3432125],[13.41466185,52.35059955],[13.41352473,52.35636887]]],[[[13.45016758,52.40645077],[13.46523776,52.41163263],[13.48167421,52.41491477],[13.49884338,52.41617061],[13.51608315,52.4153517],[13.53272864,52.4124896],[13.54813811,52.40769468],[13.56171796,52.40115176],[13.56766648,52.3968928],[13.54199945,52.39082462],[13.54162028,52.39094714],[13.54130055,52.39104497],[13.53998604,52.39138764],[13.53992307,52.39185185],[13.53988674,52.39196735],[13.53896585,52.39380561],[13.53742632,52.39548178],[13.53721449,52.39566361],[13.53664254,52.39616196],[13.53560123,52.39714219],[13.53542679,52.39730261],[13.53532457,52.39739445],[13.53358265,52.39868293],[13.53148033,52.39975151],[13.5290905,52.40056313],[13.52899516,52.40058873],[13.52675466,52.40106236],[13.52441871,52.40130921],[13.52433455,52.40131386],[13.52069595,52.40123795],[13.52061222,52.40122976],[13.51702839,52.40058508],[13.51693357,52.40055962],[13.51566479,52.4001346],[13.51552552,52.40009551],[13.51396452,52.39958126],[13.51356558,52.39959205],[13.51078465,52.39933901],[13.50813363,52.39876628],[13.50571974,52.39789844],[13.49945354,52.39819611],[13.48801195,52.39735926],[13.47705804,52.39517203],[13.46701363,52.39171868],[13.45826526,52.38713221],[13.45114926,52.38158918],[13.44593884,52.37530293],[13.44283359,52.36851528],[13.44267599,52.36725896],[13.41278007,52.36014696],[13.41259293,52.36109645],[13.4139085,52.37163877],[13.41856035,52.3818213],[13.42637178,52.39125237],[13.43704403,52.39956896],[13.45016758,52.40645077]]]],"type":"MultiPolygon"},"properties":{"upper_limit_alt_ref":"MSL","upper_limit_altitude":2500.0,"lower_limit_altitude":303.47769999999997,"lower_limit_alt_ref":"MSL","legal_ref":"NfL 2026-1-3960","generated_name_EN":"Berlin Brandenburg (EDDB) zone 3","lower_limit_unit":"ft","type_code_detail":"U_CONTROL_ZONE_3","external_reference":"387_6000","name":["Berlin Brandenburg (EDDB) Zone 3"],"upper_limit_unit":"ft","generated_name_DE":"Berlin Brandenburg (EDDB) Zone 3","type_code":"KONTROLLZONE"}},{"type":"Feature","geometry":{"coordinates":[[[13.33893576,52.40457003],[13.39624417,52.41816745],[13.45358782,52.43173706],[13.51096666,52.44527881],[13.56838067,52.45879267],[13.62582981,52.47227863],[13.68331404,52.48573663],[13.74083333,52.49916667],[13.75067022,52.48350385],[13.76050012,52.46784018],[13.77032304,52.45217565],[13.780139,52.43651026],[13.789948,52.42084402],[13.79975004,52.40517692],[13.80954515,52.38950897],[13.81933332,52.37384016],[13.82911456,52.35817051],[13.83888889,52.3425],[13.7813164,52.32920928],[13.72377844,52.31589048],[13.66627506,52.30254366],[13.60880628,52.28916882],[13.55137214,52.275766],[13.49397267,52.26233524],[13.43660791,52.24887657],[13.37927789,52.23539],[13.32198265,52.22187558],[13.26472222,52.20833333],[13.25500285,52.22386491],[13.24527669,52.23939565],[13.23554374,52.25492554],[13.22580399,52.27045459],[13.21605743,52.2859828],[13.20630406,52.30151016],[13.19654386,52.31703667],[13.18677682,52.33256233],[13.17700295,52.34808715],[13.16722222,52.36361111],[13.22442475,52.37729182],[13.2816626,52.39094481],[13.33893576,52.40457003]],[[13.4186108,52.3432125],[13.39478407,52.33753766],[13.40541632,52.32079942],[13.43379077,52.3275568],[13.43973308,52.3233112],[13.45330257,52.31678058],[13.46868694,52.31199574],[13.48529641,52.30914],[13.50249474,52.30832274],[13.51962334,52.30957527],[13.53602628,52.31284965],[13.5510751,52.31802049],[13.5641927,52.32488969],[13.57487531,52.33319399],[13.58271184,52.34261496],[13.58739971,52.35279113],[13.58875673,52.36333181],[13.58857364,52.3642796],[13.59685725,52.36623909],[13.58681088,52.38216529],[13.59982504,52.38524211],[13.5892532,52.40199632],[13.56766648,52.3968928],[13.56171796,52.40115176],[13.54813811,52.40769468],[13.53272864,52.4124896],[13.51608315,52.4153517],[13.49884338,52.41617061],[13.48167421,52.41491477],[13.46523776,52.41163263],[13.45016758,52.40645077],[13.43704403,52.39956896],[13.42637178,52.39125237],[13.41856035,52.3818213],[13.4139085,52.37163877],[13.41259293,52.36109645],[13.41278007,52.36014696],[13.4113425,52.35980498],[13.41352473,52.35636887],[13.41466185,52.35059955],[13.4186108,52.3432125]]],"type":"Polygon"},"properties":{"upper_limit_alt_ref":"MSL","upper_limit_altitude":2500.0,"lower_limit_altitude":483.9239,"lower_limit_alt_ref":"MSL","legal_ref":"NfL 2026-1-3960","generated_name_EN":"Berlin Brandenburg (EDDB) zone 4","lower_limit_unit":"ft","type_code_detail":"U_CONTROL_ZONE_4","external_reference":"14264_ctr","name":["Berlin Brandenburg (EDDB) Zone 4"],"upper_limit_unit":"ft","generated_name_DE":"Berlin Brandenburg (EDDB) Zone 4","type_code":"KONTROLLZONE"}},{"type":"Feature","geometry":{"coordinates":[[[13.7992422,51.13835383],[13.79866637,51.13779496],[13.79771282,51.13697512],[13.79716384,51.13655518],[13.79683875,51.13631521],[13.79568521,51.13549337],[13.7956287,51.13545335],[13.79499282,51.1350057],[13.79492999,51.13495777],[13.79491171,51.13496725],[13.79426552,51.13452654],[13.79423652,51.13450493],[13.79420956,51.13448837],[13.79397849,51.13433077],[13.79278599,51.13325048],[13.79262261,51.13313044],[13.79090292,51.13186688],[13.79047048,51.13154913],[13.79042899,51.13146061],[13.78939983,51.13012721],[13.78803615,51.12891849],[13.78742599,51.12846262],[13.78545207,51.12724853],[13.78517443,51.12713399],[13.78519893,51.12695291],[13.78515453,51.126716],[13.78513285,51.12562457],[13.78479252,51.12457703],[13.78478352,51.1245118],[13.78473498,51.1243999],[13.78459297,51.12396276],[13.78445188,51.12374728],[13.78410854,51.12295573],[13.78300216,51.12150074],[13.78150011,51.12019376],[13.7810442,51.11986404],[13.78065583,51.11957983],[13.77997495,51.11891451],[13.77954515,51.1185897],[13.77743467,51.11729423],[13.77494634,51.11629935],[13.77407426,51.11609339],[13.77340172,51.11532392],[13.77161223,51.1139821],[13.76944299,51.11288446],[13.76697654,51.11207277],[13.76430671,51.1115779],[13.76153508,51.11141869],[13.75886003,51.11159505],[13.75856383,51.11159571],[13.75600695,51.11191211],[13.71879289,51.08483271],[13.69721852,51.09657967],[13.73570618,51.1245939],[13.73573879,51.12533791],[13.73574904,51.12539225],[13.73637886,51.12716804],[13.73756465,51.12882747],[13.73762322,51.12889124],[13.73803252,51.12930997],[13.73812764,51.12940156],[13.73912998,51.13025252],[13.73934427,51.13041363],[13.73964975,51.13063101],[13.74019497,51.13106542],[13.74030663,51.13115325],[13.74045379,51.13126753],[13.74139567,51.13250741],[13.74298203,51.13386537],[13.74384188,51.13447253],[13.74578596,51.13561144],[13.74720496,51.13617534],[13.74779012,51.1365313],[13.74785332,51.13657582],[13.74806442,51.13671885],[13.74841362,51.13696415],[13.74857317,51.13709027],[13.74910751,51.13748837],[13.74949822,51.1377629],[13.75180497,51.13948374],[13.75196922,51.13960409],[13.75381146,51.14093002],[13.75614591,51.14227465],[13.7567609,51.14249573],[13.75687876,51.14258263],[13.7568846,51.14257949],[13.75728602,51.14288322],[13.75752818,51.14304996],[13.75849174,51.14376551],[13.75882049,51.14398687],[13.75943753,51.14444512],[13.75963063,51.14458554],[13.76037524,51.14511587],[13.76060284,51.14528654],[13.76075219,51.14539671],[13.7609536,51.1455429],[13.76112558,51.14584297],[13.76122401,51.14596919],[13.76300231,51.14770881],[13.76351031,51.14809844],[13.76565157,51.14942653],[13.76581045,51.14950618],[13.76585728,51.14952964],[13.76595059,51.14958431],[13.76637875,51.14984951],[13.76645699,51.1498976],[13.76827434,51.15100608],[13.76857878,51.15119888],[13.76863802,51.15124416],[13.76883735,51.15140272],[13.76937337,51.15176678],[13.76949651,51.15188582],[13.76965066,51.1520038],[13.77138907,51.1531202],[13.77154878,51.15320632],[13.77325303,51.15399526],[13.77512401,51.15461709],[13.77528969,51.15466263],[13.77737166,51.15508645],[13.7778504,51.15521443],[13.81450159,51.18179705],[13.83608301,51.17002824],[13.80272688,51.14584491],[13.80288933,51.14499234],[13.80275648,51.14344187],[13.80220105,51.14192897],[13.80213502,51.14180087],[13.80086044,51.14001781],[13.80009481,51.13919886],[13.79970078,51.13880147],[13.79947828,51.13858958],[13.79938299,51.13849327],[13.7992422,51.13835383]]],"type":"Polygon"},"properties":{"upper_limit_alt_ref":"MSL","upper_limit_altitude":2500.0,"lower_limit_altitude":0.0,"lower_limit_alt_ref":"AGL","legal_ref":"NfL 2026-1-3960","generated_name_EN":"Dresden (EDDC) zone 1","lower_limit_unit":"m","type_code_detail":"U_CONTROL_ZONE_1","external_reference":"DFSDEFPFHXX51133191137687580000220","name":["Dresden (EDDC) Zone 1"],"upper_limit_unit":"ft","generated_name_DE":"Dresden (EDDC) Zone 1","type_code":"KONTROLLZONE"}},{"type":"Feature","geometry":{"coordinates":[[[[13.81603453,51.11485706],[13.80906933,51.10933541],[13.80052833,51.10477464],[13.79073961,51.10134973],[13.78007884,51.09919201],[13.7689549,51.09838423],[13.75779434,51.09895735],[13.74702506,51.1008894],[13.74275379,51.10226824],[13.75600695,51.11191211],[13.75856383,51.11159571],[13.75886003,51.11159505],[13.76153508,51.11141869],[13.76430671,51.1115779],[13.76697654,51.11207277],[13.76944299,51.11288446],[13.77161223,51.1139821],[13.77340172,51.11532392],[13.77407426,51.11609339],[13.77494634,51.11629935],[13.77743467,51.11729423],[13.77954515,51.1185897],[13.77997495,51.11891451],[13.78065583,51.11957983],[13.7810442,51.11986404],[13.78150011,51.12019376],[13.78300216,51.12150074],[13.78410854,51.12295573],[13.78445188,51.12374728],[13.78459297,51.12396276],[13.78473498,51.1243999],[13.78478352,51.1245118],[13.78479252,51.12457703],[13.78513285,51.12562457],[13.78515453,51.126716],[13.78519893,51.12695291],[13.78517443,51.12713399],[13.78545207,51.12724853],[13.78742599,51.12846262],[13.78803615,51.12891849],[13.78939983,51.13012721],[13.79042899,51.13146061],[13.79047048,51.13154913],[13.79090292,51.13186688],[13.79262261,51.13313044],[13.79278599,51.13325048],[13.79397849,51.13433077],[13.79420956,51.13448837],[13.79423652,51.13450493],[13.79426552,51.13452654],[13.79491171,51.13496725],[13.79492999,51.13495777],[13.79499282,51.1350057],[13.7956287,51.13545335],[13.79568521,51.13549337],[13.79683875,51.13631521],[13.79716384,51.13655518],[13.79771282,51.13697512],[13.79866637,51.13779496],[13.7992422,51.13835383],[13.79938299,51.13849327],[13.79947828,51.13858958],[13.79970078,51.13880147],[13.80009481,51.13919886],[13.80086044,51.14001781],[13.80213502,51.14180087],[13.80220105,51.14192897],[13.80275648,51.14344187],[13.80288933,51.14499234],[13.80272688,51.14584491],[13.8150463,51.15477654],[13.8204549,51.14865147],[13.82388,51.1419381],[13.82515655,51.13493339],[13.82423645,51.12790659],[13.82115604,51.12112769],[13.81603453,51.11485706]]],[[[13.71084304,51.13372907],[13.711746,51.14075663],[13.71481159,51.14753828],[13.71992284,51.15381324],[13.72688391,51.15934013],[13.73542753,51.16390625],[13.74522523,51.16733583],[13.75589997,51.16949679],[13.76704074,51.17030592],[13.77821844,51.16973204],[13.78900253,51.16779724],[13.79329016,51.16641268],[13.7778504,51.15521443],[13.77737166,51.15508645],[13.77528969,51.15466263],[13.77512401,51.15461709],[13.77325303,51.15399526],[13.77154878,51.15320632],[13.77138907,51.1531202],[13.76965066,51.1520038],[13.76949651,51.15188582],[13.76937337,51.15176678],[13.76883735,51.15140272],[13.76863802,51.15124416],[13.76857878,51.15119888],[13.76827434,51.15100608],[13.76645699,51.1498976],[13.76637875,51.14984951],[13.76595059,51.14958431],[13.76585728,51.14952964],[13.76581045,51.14950618],[13.76565157,51.14942653],[13.76351031,51.14809844],[13.76300231,51.14770881],[13.76122401,51.14596919],[13.76112558,51.14584297],[13.7609536,51.1455429],[13.76075219,51.14539671],[13.76060284,51.14528654],[13.76037524,51.14511587],[13.75963063,51.14458554],[13.75943753,51.14444512],[13.75882049,51.14398687],[13.75849174,51.14376551],[13.75752818,51.14304996],[13.75728602,51.14288322],[13.7568846,51.14257949],[13.75687876,51.14258263],[13.7567609,51.14249573],[13.75614591,51.14227465],[13.75381146,51.14093002],[13.75196922,51.13960409],[13.75180497,51.13948374],[13.74949822,51.1377629],[13.74910751,51.13748837],[13.74857317,51.13709027],[13.74841362,51.13696415],[13.74806442,51.13671885],[13.74785332,51.13657582],[13.74779012,51.1365313],[13.74720496,51.13617534],[13.74578596,51.13561144],[13.74384188,51.13447253],[13.74298203,51.13386537],[13.74139567,51.13250741],[13.74045379,51.13126753],[13.74030663,51.13115325],[13.74019497,51.13106542],[13.73964975,51.13063101],[13.73934427,51.13041363],[13.73912998,51.13025252],[13.73812764,51.12940156],[13.73803252,51.12930997],[13.73762322,51.12889124],[13.73756465,51.12882747],[13.73637886,51.12716804],[13.73574904,51.12539225],[13.73573879,51.12533791],[13.73570618,51.1245939],[13.72099871,51.11388869],[13.71557549,51.12001559],[13.71213642,51.12672571],[13.71084304,51.13372907]]]],"type":"MultiPolygon"},"properties":{"upper_limit_alt_ref":"MSL","upper_limit_altitude":2500.0,"lower_limit_altitude":835.958032,"lower_limit_alt_ref":"MSL","legal_ref":"NfL 2026-1-3960","generated_name_EN":"Dresden (EDDC) zone 2","lower_limit_unit":"ft","type_code_detail":"U_CONTROL_ZONE_2","external_reference":"388_4000","name":["Dresden (EDDC) Zone 2"],"upper_limit_unit":"ft","generated_name_DE":"Dresden (EDDC) Zone 2","type_code":"KONTROLLZONE"}},{"type":"Feature","geometry":{"coordinates":[[[[13.80209775,51.08485018],[13.78611182,51.08161483],[13.76943221,51.08040366],[13.75269777,51.08126306],[13.73654941,51.0841601],[13.72360894,51.08833719],[13.74275379,51.10226824],[13.74702506,51.1008894],[13.75779434,51.09895735],[13.7689549,51.09838423],[13.78007884,51.09919201],[13.79073961,51.10134973],[13.80052833,51.10477464],[13.80906933,51.10933541],[13.81603453,51.11485706],[13.82115604,51.12112769],[13.82423645,51.12790659],[13.82515655,51.13493339],[13.82388,51.1419381],[13.8204549,51.14865147],[13.8150463,51.15477654],[13.83392406,51.168463],[13.83853438,51.16504335],[13.84669522,51.15579584],[13.85182762,51.14572458],[13.85373613,51.13521701],[13.85234956,51.1246771],[13.84776013,51.11459054],[13.82912128,51.10106135],[13.81119396,51.08803245],[13.80209775,51.08485018]]],[[[13.68361394,51.14395216],[13.68649416,51.15033211],[13.70884188,51.16661686],[13.73125577,51.1829295],[13.73382613,51.18382933],[13.74984349,51.187072],[13.76656096,51.1882862],[13.78333395,51.18742509],[13.79951567,51.18452186],[13.81248407,51.18033377],[13.79329016,51.16641268],[13.78900253,51.16779724],[13.77821844,51.16973204],[13.76704074,51.17030592],[13.75589997,51.16949679],[13.74522523,51.16733583],[13.73542753,51.16390625],[13.72688391,51.15934013],[13.71992284,51.15381324],[13.71481159,51.14753828],[13.711746,51.14075663],[13.71084304,51.13372907],[13.71213642,51.12672571],[13.71557549,51.12001559],[13.72099871,51.11388869],[13.7021746,51.10018708],[13.69755718,51.10360504],[13.68937612,51.11284206],[13.6842123,51.122906],[13.68226592,51.13341054],[13.68361394,51.14395216]]]],"type":"MultiPolygon"},"properties":{"upper_limit_alt_ref":"MSL","upper_limit_altitude":2500.0,"lower_limit_altitude":901.574832,"lower_limit_alt_ref":"MSL","legal_ref":"NfL 2026-1-3960","generated_name_EN":"Dresden (EDDC) zone 3","lower_limit_unit":"ft","type_code_detail":"U_CONTROL_ZONE_3","external_reference":"388_6000","name":["Dresden (EDDC) Zone 3"],"upper_limit_unit":"ft","generated_name_DE":"Dresden (EDDC) Zone 3","type_code":"KONTROLLZONE"}},{"type":"Feature","geometry":{"coordinates":[[[[13.71443942,51.01755979],[13.68583333,50.99666667],[13.67382075,51.00320004],[13.6618048,51.00973218],[13.64978547,51.01626307],[13.63776277,51.02279272],[13.62573668,51.02932112],[13.61370722,51.03584828],[13.60167438,51.04237419],[13.58963815,51.04889886],[13.57759855,51.05542227],[13.56555556,51.06194444],[13.59416106,51.08289311],[13.62279241,51.1038347],[13.65144964,51.1247692],[13.68013279,51.14569659],[13.68649416,51.15033211],[13.68361394,51.14395216],[13.68226592,51.13341054],[13.6842123,51.122906],[13.68937612,51.11284206],[13.69755718,51.10360504],[13.7021746,51.10018708],[13.69721852,51.09657967],[13.71879289,51.08483271],[13.72360894,51.08833719],[13.73654941,51.0841601],[13.75269777,51.08126306],[13.76943221,51.08040366],[13.78611182,51.08161483],[13.80209775,51.08485018],[13.81119396,51.08803245],[13.80041212,51.08019663],[13.77172878,51.05932479],[13.74307122,51.03844584],[13.71443942,51.01755979]]],[[[13.82393843,51.25022658],[13.85277778,51.27111111],[13.86482101,51.26453338],[13.87686081,51.2579544],[13.88889717,51.25137417],[13.90093009,51.2447927],[13.91295958,51.23820999],[13.92498564,51.23162603],[13.93700826,51.22504083],[13.94902746,51.21845439],[13.96104322,51.2118667],[13.97305556,51.20527778],[13.94421679,51.18444882],[13.91540402,51.16361269],[13.8866172,51.14276939],[13.8578563,51.12191894],[13.84776013,51.11459054],[13.85234956,51.1246771],[13.85373613,51.13521701],[13.85182762,51.14572458],[13.84669522,51.15579584],[13.83853438,51.16504335],[13.83392406,51.168463],[13.83608301,51.17002824],[13.81450159,51.18179705],[13.81248407,51.18033377],[13.79951567,51.18452186],[13.78333395,51.18742509],[13.76656096,51.1882862],[13.74984349,51.187072],[13.73382613,51.18382933],[13.73125577,51.1829295],[13.73757696,51.18753001],[13.76633805,51.20843602],[13.7951252,51.22933489],[13.82393843,51.25022658]]]],"type":"MultiPolygon"},"properties":{"upper_limit_alt_ref":"MSL","upper_limit_altitude":2500.0,"lower_limit_altitude":1082.021032,"lower_limit_alt_ref":"MSL","legal_ref":"NfL 2026-1-3960","generated_name_EN":"Dresden (EDDC) zone 4","lower_limit_unit":"ft","type_code_detail":"U_CONTROL_ZONE_4","external_reference":"927_ctr","name":["Dresden (EDDC) Zone 4"],"upper_limit_unit":"ft","generated_name_DE":"Dresden (EDDC) Zone 4","type_code":"KONTROLLZONE"}},{"type":"Feature","geometry":{"coordinates":[[[10.97054746,50.96420864],[10.96779494,50.96401074],[10.96503383,50.96415316],[10.96236862,50.96463049],[10.95990017,50.96542467],[10.95985074,50.9654492],[10.95848431,50.96537944],[10.95656602,50.9652581],[10.95372525,50.96543994],[10.95099903,50.96597601],[10.94967672,50.96643514],[10.9488552,50.96656862],[10.94659337,50.96721766],[10.94652847,50.96724079],[10.94586688,50.96753203],[10.94425214,50.96778223],[10.94127106,50.96875459],[10.94120862,50.96878127],[10.94079587,50.96899328],[10.94007229,50.96909198],[10.93803439,50.96967823],[10.9378661,50.96969174],[10.9378193,50.96969555],[10.93721136,50.96974566],[10.93562251,50.96987659],[10.93513011,50.96991715],[10.93248879,50.97029888],[10.93000975,50.97098958],[10.92778274,50.97196424],[10.92737521,50.97218158],[10.9261166,50.97285025],[10.92580131,50.97301774],[10.92575655,50.97304162],[10.92552116,50.97316771],[10.92521174,50.97337437],[10.86730277,50.97797285],[10.8708477,50.99581434],[10.92823323,50.99125731],[10.9283321,50.9913187],[10.93070967,50.99229691],[10.9333474,50.99295818],[10.93614055,50.99327625],[10.93897817,50.99323849],[10.94061054,50.99311333],[10.94147946,50.99304851],[10.94158435,50.99304044],[10.94662989,50.99263994],[10.94692613,50.99262049],[10.94979662,50.99224042],[10.95150515,50.9917678],[10.95176122,50.99174802],[10.95186283,50.99173994],[10.9538349,50.99157847],[10.95435187,50.99175338],[10.95537925,50.99206768],[10.95591718,50.99223224],[10.95612919,50.99229574],[10.95795623,50.99283136],[10.95798386,50.99279382],[10.960132,50.99335329],[10.96329758,50.99368714],[10.96371633,50.99370107],[10.9663763,50.99363234],[10.96896951,50.99325242],[10.97140538,50.99257459],[10.97359879,50.99162254],[10.97547314,50.99042953],[10.97611607,50.9898287],[10.97672484,50.98978252],[10.97742216,50.98973102],[10.97877632,50.989631],[10.98146086,50.98944548],[10.98414837,50.98909173],[10.98667838,50.9884191],[10.98895688,50.98745259],[10.98921639,50.98728899],[10.99034041,50.98681288],[10.99127019,50.98621802],[11.04592961,50.98182007],[11.04231895,50.96398464],[10.98759094,50.96838782],[10.98665303,50.96802792],[10.9840659,50.96742751],[10.98134408,50.96715306],[10.98124819,50.96714934],[10.98122707,50.9671438],[10.98017183,50.96693992],[10.9781721,50.96668893],[10.97561435,50.96558279],[10.97318723,50.96473935],[10.97054746,50.96420864]]],"type":"Polygon"},"properties":{"upper_limit_alt_ref":"MSL","upper_limit_altitude":3500.0,"lower_limit_altitude":0.0,"lower_limit_alt_ref":"AGL","legal_ref":"NfL 2026-1-3960","generated_name_EN":"Erfurt-Weimar (EDDE) zone 1","lower_limit_unit":"m","type_code_detail":"U_CONTROL_ZONE_1","external_reference":"DFSDEFPFHXX50979342109581850000220","name":["Erfurt-Weimar (EDDE) Zone 1"],"upper_limit_unit":"ft","generated_name_DE":"Erfurt-Weimar (EDDE) Zone 1","type_code":"KONTROLLZONE"}},{"type":"Feature","geometry":{"coordinates":[[[[10.99728021,50.95371017],[10.98846485,50.94938672],[10.978485,50.94623185],[10.96772357,50.94436656],[10.95659326,50.94386238],[10.94552085,50.94473867],[10.9349309,50.94696182],[10.9252296,50.9504466],[10.91678929,50.95505936],[10.9099342,50.96062313],[10.90492801,50.9669244],[10.90196372,50.97372124],[10.90178993,50.97523427],[10.92521174,50.97337437],[10.92552116,50.97316771],[10.92575655,50.97304162],[10.92580131,50.97301774],[10.9261166,50.97285025],[10.92737521,50.97218158],[10.92778274,50.97196424],[10.93000975,50.97098958],[10.93248879,50.97029888],[10.93513011,50.96991715],[10.93562251,50.96987659],[10.93721136,50.96974566],[10.9378193,50.96969555],[10.9378661,50.96969174],[10.93803439,50.96967823],[10.94007229,50.96909198],[10.94079587,50.96899328],[10.94120862,50.96878127],[10.94127106,50.96875459],[10.94425214,50.96778223],[10.94586688,50.96753203],[10.94652847,50.96724079],[10.94659337,50.96721766],[10.9488552,50.96656862],[10.94967672,50.96643514],[10.95099903,50.96597601],[10.95372525,50.96543994],[10.95656602,50.9652581],[10.95848431,50.96537944],[10.95985074,50.9654492],[10.95990017,50.96542467],[10.96236862,50.96463049],[10.96503383,50.96415316],[10.96779494,50.96401074],[10.97054746,50.96420864],[10.97318723,50.96473935],[10.97561435,50.96558279],[10.9781721,50.96668893],[10.98017183,50.96693992],[10.98122707,50.9671438],[10.98124819,50.96714934],[10.98134408,50.96715306],[10.9840659,50.96742751],[10.98665303,50.96802792],[10.98759094,50.96838782],[11.01083707,50.96651754],[11.01012075,50.96516087],[11.00459255,50.95903634],[10.99728021,50.95371017]]],[[[10.91888454,51.00590027],[10.92770442,51.01022889],[10.9376948,51.01338795],[10.94847116,51.01525583],[10.95961851,51.01576058],[10.97070749,51.01488279],[10.98131102,51.01265626],[10.99102083,51.00916675],[10.9994633,51.00454864],[11.00631386,50.99897971],[11.01130951,50.99267424],[11.01425889,50.98587481],[11.0144298,50.98435458],[10.99127019,50.98621802],[10.99034041,50.98681288],[10.98921639,50.98728899],[10.98895688,50.98745259],[10.98667838,50.9884191],[10.98414837,50.98909173],[10.98146086,50.98944548],[10.97877632,50.989631],[10.97742216,50.98973102],[10.97672484,50.98978252],[10.97611607,50.9898287],[10.97547314,50.99042953],[10.97359879,50.99162254],[10.97140538,50.99257459],[10.96896951,50.99325242],[10.9663763,50.99363234],[10.96371633,50.99370107],[10.96329758,50.99368714],[10.960132,50.99335329],[10.95798386,50.99279382],[10.95795623,50.99283136],[10.95612919,50.99229574],[10.95591718,50.99223224],[10.95537925,50.99206768],[10.95435187,50.99175338],[10.9538349,50.99157847],[10.95186283,50.99173994],[10.95176122,50.99174802],[10.95150515,50.9917678],[10.94979662,50.99224042],[10.94692613,50.99262049],[10.94662989,50.99263994],[10.94158435,50.99304044],[10.94147946,50.99304851],[10.94061054,50.99311333],[10.93897817,50.99323849],[10.93614055,50.99327625],[10.9333474,50.99295818],[10.93070967,50.99229691],[10.9283321,50.9913187],[10.92823323,50.99125731],[10.90533759,50.99307547],[10.90605466,50.9944395],[10.91157435,51.00056874],[10.91888454,51.00590027]]]],"type":"MultiPolygon"},"properties":{"upper_limit_alt_ref":"MSL","upper_limit_altitude":3500.0,"lower_limit_altitude":1116.141768,"lower_limit_alt_ref":"MSL","legal_ref":"NfL 2026-1-3960","generated_name_EN":"Erfurt-Weimar (EDDE) zone 2","lower_limit_unit":"ft","type_code_detail":"U_CONTROL_ZONE_2","external_reference":"389_4000","name":["Erfurt-Weimar (EDDE) Zone 2"],"upper_limit_unit":"ft","generated_name_DE":"Erfurt-Weimar (EDDE) Zone 2","type_code":"KONTROLLZONE"}},{"type":"Feature","geometry":{"coordinates":[[[[10.98866453,50.92944069],[10.97628924,50.92729566],[10.94891633,50.92938055],[10.92058915,50.93152899],[10.90880788,50.93576041],[10.89614823,50.94267754],[10.8858639,50.95102126],[10.87835069,50.96047158],[10.87389867,50.97066588],[10.87310816,50.97751185],[10.90178993,50.97523427],[10.90196372,50.97372124],[10.90492801,50.9669244],[10.9099342,50.96062313],[10.91678929,50.95505936],[10.9252296,50.9504466],[10.9349309,50.94696182],[10.94552085,50.94473867],[10.95659326,50.94386238],[10.96772357,50.94436656],[10.978485,50.94623185],[10.98846485,50.94938672],[10.99728021,50.95371017],[11.00459255,50.95903634],[11.01012075,50.96516087],[11.01083707,50.96651754],[11.03949151,50.96421212],[11.03611648,50.95782693],[11.027821,50.94864192],[11.01685169,50.94065467],[11.00363037,50.93417142],[10.98866453,50.92944069]]],[[[10.92747919,51.03017484],[10.94364933,51.03297762],[10.96037676,51.03373497],[10.97701647,51.03241771],[10.99292686,51.02907665],[11.00749477,51.02384062],[11.02015927,51.01691144],[11.0304334,51.0085561],[11.03792292,50.99909633],[11.04234136,50.98889622],[11.04310723,50.98204716],[11.0144298,50.98435458],[11.01425889,50.98587481],[11.01130951,50.99267424],[11.00631386,50.99897971],[10.9994633,51.00454864],[10.99102083,51.00916675],[10.98131102,51.01265626],[10.97070749,51.01488279],[10.95961851,51.01576058],[10.94847116,51.01525583],[10.9376948,51.01338795],[10.92770442,51.01022889],[10.91888454,51.00590027],[10.91157435,51.00056874],[10.90605466,50.9944395],[10.90533759,50.99307547],[10.87666068,50.99535272],[10.88001737,51.00174485],[10.88829369,51.01094049],[10.89925815,51.01893979],[10.91248967,51.02543466],[10.92747919,51.03017484]]]],"type":"MultiPolygon"},"properties":{"upper_limit_alt_ref":"MSL","upper_limit_altitude":3500.0,"lower_limit_altitude":1181.758568,"lower_limit_alt_ref":"MSL","legal_ref":"NfL 2026-1-3960","generated_name_EN":"Erfurt-Weimar (EDDE) zone 3","lower_limit_unit":"ft","type_code_detail":"U_CONTROL_ZONE_3","external_reference":"389_6000","name":["Erfurt-Weimar (EDDE) Zone 3"],"upper_limit_unit":"ft","generated_name_DE":"Erfurt-Weimar (EDDE) Zone 3","type_code":"KONTROLLZONE"}},{"type":"Feature","geometry":{"coordinates":[[[8.44352474,50.0773319],[8.46058763,50.08146452],[8.47765346,50.08559463],[8.49472222,50.08972222],[8.51043323,50.09353736],[8.52614673,50.09735038],[8.54186272,50.10116126],[8.55758121,50.10497002],[8.57330219,50.10877664],[8.58902566,50.11258113],[8.60475162,50.11638349],[8.62048007,50.12018372],[8.63621101,50.12398182],[8.65194444,50.12777778],[8.65811105,50.12783481],[8.66427766,50.12789151],[8.67044429,50.12794788],[8.67661094,50.12800393],[8.6827776,50.12805965],[8.68894427,50.12811504],[8.69511096,50.1281701],[8.70127766,50.12822484],[8.70744438,50.12827925],[8.71361111,50.12833333],[8.71892666,50.11827895],[8.72423999,50.1082243],[8.72955109,50.0981694],[8.73485997,50.08811423],[8.74016663,50.07805881],[8.74547107,50.06800312],[8.75077329,50.05794717],[8.7560733,50.04789097],[8.76137109,50.0378345],[8.76666667,50.02777778],[8.74970948,50.02376115],[8.73275513,50.01974204],[8.7158036,50.01572046],[8.69885491,50.01169639],[8.68190904,50.00766985],[8.66496601,50.00364083],[8.64802581,49.99960934],[8.63108845,49.99557537],[8.62985977,49.9952825],[8.62998994,49.99535208],[8.64033944,50.00356222],[8.64800834,50.01291547],[8.65270074,50.02305295],[8.65423457,50.03358543],[8.65254884,50.04410827],[8.65165177,50.04598089],[8.65686576,50.04722281],[8.65435705,50.05159326],[8.65732423,50.05230002],[8.64763672,50.06917211],[8.63614175,50.0664343],[8.62940306,50.07166712],[8.61664424,50.07833678],[8.60210558,50.08327465],[8.58634698,50.08629042],[8.5699758,50.08726784],[8.55362323,50.08616922],[8.55362155,50.08616888],[8.55362133,50.08616887],[8.55290701,50.08602639],[8.55270923,50.08609345],[8.53694666,50.0891025],[8.52057357,50.09007294],[8.50422122,50.08896736],[8.48852009,50.0858284],[8.47407527,50.08077706],[8.46144299,50.07400803],[8.45110908,50.06578209],[8.44347021,50.05641602],[8.43881874,50.0462703],[8.43733167,50.03573517],[8.43787328,50.03244638],[8.42678184,50.02978407],[8.43653862,50.01293058],[8.44347489,50.01459542],[8.44320497,50.01268402],[8.44493524,50.00216432],[8.44981494,49.99206414],[8.45765483,49.98277124],[8.46815252,49.97464218],[8.48090423,49.9679887],[8.49542035,49.96306584],[8.51114423,49.96006225],[8.51272295,49.95996854],[8.51278923,49.95345213],[8.54066821,49.95356672],[8.54060668,49.95998058],[8.54378223,49.9601952],[8.55944617,49.96332666],[8.5738649,49.96836741],[8.58648546,49.9751243],[8.59515756,49.98201485],[8.59732144,49.98244637],[8.59736129,49.98041671],[8.59750033,49.9733334],[8.59763932,49.96625009],[8.59777827,49.95916677],[8.59791718,49.95208344],[8.59805604,49.94500011],[8.59819487,49.93791676],[8.59833366,49.9308334],[8.59847241,49.92375004],[8.59861111,49.91666667],[8.58380518,49.91653628],[8.56899933,49.91640401],[8.55419356,49.91626985],[8.53938787,49.91613379],[8.52458227,49.91599585],[8.50977675,49.91585601],[8.49497132,49.91571429],[8.48016598,49.91557068],[8.46536072,49.91542517],[8.45055556,49.91527778],[8.45050004,49.91897223],[8.45044451,49.92266669],[8.45038898,49.92636114],[8.45033344,49.93005558],[8.45027788,49.93375003],[8.45022232,49.93744447],[8.45016676,49.94113891],[8.45011118,49.94483335],[8.45005559,49.94852779],[8.45,49.95222222],[8.44399832,49.95072362],[8.43799702,49.94922471],[8.43199609,49.94772549],[8.42599553,49.94622595],[8.41999534,49.94472611],[8.41399553,49.94322595],[8.40799609,49.94172548],[8.40199702,49.94022471],[8.39599832,49.93872362],[8.39,49.93722222],[8.38581092,49.94408405],[8.38162065,49.95094572],[8.37742919,49.95780723],[8.37323653,49.96466858],[8.36904269,49.97152978],[8.36484765,49.97839081],[8.36065142,49.98525168],[8.35645399,49.99211239],[8.35225537,49.99897294],[8.34805556,50.00583333],[8.34566856,50.01008357],[8.34328115,50.01433375],[8.34205004,50.01652501],[8.37361111,50.02083333],[8.40889245,50.06893404],[8.40940775,50.06905914],[8.42646478,50.07319677],[8.44352474,50.0773319]]],"type":"Polygon"},"properties":{"upper_limit_alt_ref":"MSL","upper_limit_altitude":2500.0,"lower_limit_altitude":690.944904,"lower_limit_alt_ref":"MSL","legal_ref":"NfL 2026-1-3960","generated_name_EN":"Frankfurt Main (EDDF) zone 4","lower_limit_unit":"ft","type_code_detail":"U_CONTROL_ZONE_4","external_reference":"936_ctr","name":["Frankfurt Main (EDDF) Zone 4"],"upper_limit_unit":"ft","generated_name_DE":"Frankfurt Main (EDDF) Zone 4","type_code":"KONTROLLZONE"}},{"type":"Feature","geometry":{"coordinates":[[[10.83904964,50.93767779],[10.80241875,50.94042056],[10.76578356,50.94315183],[10.76764949,50.95318113],[10.76951624,50.96321038],[10.77138378,50.97323958],[10.77325213,50.98326873],[10.77512129,50.99329784],[10.77699125,51.0033269],[10.77886202,51.01335591],[10.78073359,51.02338488],[10.78260598,51.0334138],[10.78447917,51.04344267],[10.79231681,51.04283537],[10.80015425,51.04222755],[10.80799148,51.0416192],[10.8158285,51.04101033],[10.82366532,51.04040093],[10.83150194,51.03979101],[10.83933835,51.03918056],[10.84717455,51.03856958],[10.85501055,51.03795808],[10.86284634,51.03734605],[10.86373026,51.03792214],[10.86568295,51.03915638],[10.86767631,51.04036453],[10.86970947,51.04154607],[10.87178154,51.04270046],[10.8738916,51.04382721],[10.87603874,51.04492581],[10.878222,51.04599578],[10.88044043,51.04703666],[10.88269305,51.04804798],[10.88497887,51.04902929],[10.88729689,51.04998017],[10.88964609,51.05090019],[10.89202543,51.05178896],[10.89443387,51.05264607],[10.89687035,51.05347115],[10.8993338,51.05426384],[10.90182312,51.05502379],[10.90433723,51.05575066],[10.90687503,51.05644413],[10.90943538,51.0571039],[10.91201716,51.05772968],[10.91461924,51.05832119],[10.91724047,51.05887816],[10.91987969,51.05940036],[10.92253575,51.05988755],[10.92520746,51.06033953],[10.92789366,51.06075608],[10.93059316,51.06113702],[10.93330477,51.0614822],[10.93602729,51.06179145],[10.93875953,51.06206464],[10.94150027,51.06230165],[10.94424832,51.06250237],[10.94700245,51.06266672],[10.94976146,51.06279462],[10.95252413,51.06288602],[10.95528923,51.06294087],[10.95805556,51.06295916],[10.96082188,51.06294087],[10.96358699,51.06288602],[10.96634965,51.06279462],[10.96910866,51.06266672],[10.97186279,51.06250237],[10.97461084,51.06230165],[10.97735158,51.06206464],[10.98008382,51.06179145],[10.98280634,51.0614822],[10.98551795,51.06113702],[10.98821745,51.06075608],[10.99090365,51.06033953],[10.99357536,51.05988755],[10.99623142,51.05940036],[10.99887064,51.05887816],[11.00149187,51.05832119],[11.00409395,51.05772968],[11.00667574,51.0571039],[11.00923609,51.05644413],[11.01177388,51.05575066],[11.01428799,51.05502379],[11.01677731,51.05426384],[11.01924076,51.05347115],[11.02167724,51.05264607],[11.02408568,51.05178896],[11.02646502,51.05090019],[11.02881422,51.04998017],[11.03113224,51.04902929],[11.03341806,51.04804798],[11.03567069,51.04703666],[11.03788911,51.04599578],[11.04007237,51.04492581],[11.04221951,51.04382721],[11.04432957,51.04270046],[11.04640164,51.04154607],[11.0484348,51.04036453],[11.05042816,51.03915638],[11.05238085,51.03792214],[11.05429201,51.03666236],[11.0561608,51.03537758],[11.05798641,51.03406839],[11.05976803,51.03273534],[11.06150488,51.03137904],[11.0631962,51.03000007],[11.06484126,51.02859905],[11.06643933,51.02717658],[11.06798971,51.0257333],[11.06949173,51.02426984],[11.07094473,51.02278685],[11.07282362,51.02075918],[11.080662,51.02013222],[11.08850016,51.01950472],[11.09633811,51.01887671],[11.10417585,51.01824816],[11.11201338,51.01761909],[11.1198507,51.0169895],[11.1276878,51.01635938],[11.13552469,51.01572873],[11.14336137,51.01509756],[11.15119783,51.01446586],[11.14926834,51.00455172],[11.14733968,50.99463752],[11.14541183,50.98472328],[11.1434848,50.97480899],[11.1415586,50.96489465],[11.13963321,50.95498026],[11.13770865,50.94506582],[11.1357849,50.93515134],[11.13386197,50.9252368],[11.13193986,50.91532222],[11.095344,50.91815684],[11.05874369,50.92097998],[11.02213897,50.92379165],[10.98552984,50.92659184],[10.97628924,50.92729566],[10.98866453,50.92944069],[11.00363037,50.93417142],[11.01685169,50.94065467],[11.027821,50.94864192],[11.03611648,50.95782693],[11.03949151,50.96421212],[11.04231895,50.96398464],[11.04592961,50.98182007],[11.04310723,50.98204716],[11.04234136,50.98889622],[11.03792292,50.99909633],[11.0304334,51.0085561],[11.02015927,51.01691144],[11.00749477,51.02384062],[10.99292686,51.02907665],[10.97701647,51.03241771],[10.96037676,51.03373497],[10.94364933,51.03297762],[10.92747919,51.03017484],[10.91248967,51.02543466],[10.89925815,51.01893979],[10.88829369,51.01094049],[10.88001737,51.00174485],[10.87666068,50.99535272],[10.8708477,50.99581434],[10.86730277,50.97797285],[10.87310816,50.97751185],[10.87389867,50.97066588],[10.87835069,50.96047158],[10.8858639,50.95102126],[10.89614823,50.94267754],[10.90880788,50.93576041],[10.92058915,50.93152899],[10.91229845,50.93215778],[10.87567621,50.93492353],[10.83904964,50.93767779]]],"type":"Polygon"},"properties":{"upper_limit_alt_ref":"MSL","upper_limit_altitude":3500.0,"lower_limit_altitude":1362.204768,"lower_limit_alt_ref":"MSL","legal_ref":"NfL 2026-1-3960","generated_name_EN":"Erfurt-Weimar (EDDE) zone 4","lower_limit_unit":"ft","type_code_detail":"U_CONTROL_ZONE_4","external_reference":"931_ctr","name":["Erfurt-Weimar (EDDE) Zone 4"],"upper_limit_unit":"ft","generated_name_DE":"Erfurt-Weimar (EDDE) Zone 4","type_code":"KONTROLLZONE"}},{"type":"Feature","geometry":{"coordinates":[[[8.37361111,50.02083333],[8.34205004,50.01652501],[8.32416667,50.04833333],[8.40889245,50.06893404],[8.37361111,50.02083333]]],"type":"Polygon"},"properties":{"upper_limit_alt_ref":"MSL","upper_limit_altitude":2500.0,"lower_limit_altitude":0.0,"lower_limit_alt_ref":"AGL","legal_ref":"NfL 2026-1-3960","generated_name_EN":"Frankfurt Main (EDDF) zone 1","lower_limit_unit":"m","type_code_detail":"U_CONTROL_ZONE_1","external_reference":"f7646ca0-3af4-40e6-94b2-7f6e86e253c5","name":["Frankfurt Main (EDDF) Zone 1"],"upper_limit_unit":"ft","generated_name_DE":"Frankfurt Main (EDDF) Zone 1","type_code":"KONTROLLZONE"}},{"type":"Feature","geometry":{"coordinates":[[[8.49904496,50.04952167],[8.49958224,50.04969046],[8.5009768,50.05001931],[8.50181284,50.050221],[8.50316331,50.05054721],[8.50324669,50.05056715],[8.50563267,50.05113231],[8.50747217,50.05157513],[8.50754522,50.05159256],[8.5086913,50.05186376],[8.50899319,50.05193734],[8.50942518,50.05203743],[8.50946778,50.0520468],[8.51012989,50.05220226],[8.51140166,50.05252401],[8.51163311,50.05258104],[8.5137619,50.05309167],[8.51662209,50.05377767],[8.51743474,50.05397968],[8.51756987,50.05401276],[8.52063833,50.05475206],[8.52218163,50.05513288],[8.52269848,50.05526447],[8.52280053,50.05529015],[8.52316881,50.05538176],[8.52430358,50.0556286],[8.52510513,50.05577863],[8.52533176,50.05582105],[8.52536301,50.0558269],[8.52576316,50.0559257],[8.52609919,50.05600549],[8.52684796,50.05617631],[8.52746516,50.05632789],[8.52898417,50.05685298],[8.53161471,50.05736864],[8.53435121,50.05754251],[8.53585964,50.05754229],[8.53710668,50.05750618],[8.53758242,50.05747865],[8.5389542,50.05735486],[8.53919688,50.05732499],[8.53968369,50.05727707],[8.54043315,50.05723226],[8.54100577,50.05716261],[8.59434574,50.06989866],[8.59900997,50.06179487],[8.5992286,50.06178545],[8.59997165,50.06174056],[8.60024308,50.06171945],[8.60271419,50.06137895],[8.60315087,50.06129155],[8.60324281,50.06127293],[8.6036385,50.06119179],[8.60449584,50.06099599],[8.60492935,50.06088663],[8.60677871,50.06031597],[8.60721862,50.06015366],[8.60810453,50.05975654],[8.64763672,50.06917211],[8.65732423,50.05230002],[8.65435705,50.05159326],[8.65686576,50.04722281],[8.6098338,50.0360203],[8.60911076,50.03465915],[8.60910429,50.03463846],[8.60896701,50.0344121],[8.60878473,50.03410154],[8.60868119,50.03394078],[8.60822309,50.03318536],[8.60725888,50.03216329],[8.60726013,50.03096149],[8.60667947,50.02915787],[8.60665355,50.02910522],[8.60657118,50.02894323],[8.60624134,50.02831473],[8.60584212,50.02727266],[8.60567403,50.02683388],[8.60555188,50.0262905],[8.60545215,50.02566423],[8.6053661,50.02487627],[8.6053666,50.02476321],[8.60509204,50.02296255],[8.60426367,50.02123371],[8.60291506,50.01964668],[8.60187016,50.0186661],[8.60128939,50.01800243],[8.60085413,50.01760061],[8.60084312,50.01759045],[8.59937628,50.01624019],[8.59770472,50.0149702],[8.59569855,50.01392051],[8.5941176,50.01336844],[8.59397378,50.01330612],[8.59383124,50.01326843],[8.59342653,50.0131271],[8.59282529,50.01300247],[8.59136175,50.01261551],[8.59054649,50.01245984],[8.58807531,50.0121409],[8.58555542,50.01211348],[8.58306895,50.01237849],[8.58278393,50.01242623],[8.58034912,50.01299394],[8.57849906,50.01369716],[8.57728783,50.01339889],[8.57466248,50.01293544],[8.57194749,50.01280913],[8.56924607,50.01302475],[8.56721855,50.01345562],[8.5666179,50.01330851],[8.56408436,50.01285854],[8.56146487,50.01272254],[8.55885224,50.01290531],[8.55633904,50.01340039],[8.55364028,50.01411712],[8.55363856,50.01411757],[8.55254917,50.01391692],[8.54963473,50.0137876],[8.5488029,50.01380695],[8.54875921,50.01380801],[8.54492745,50.01390478],[8.54418817,50.01392316],[8.54419973,50.01355289],[8.54420247,50.01340461],[8.54421175,50.01176172],[8.54422362,50.01021523],[8.54426715,50.00649417],[8.54426732,50.00647787],[8.54428039,50.00500729],[8.54428052,50.00498848],[8.5442867,50.00389406],[8.54430312,50.00143539],[8.54431742,49.99963059],[8.54432558,49.99907039],[8.54436662,49.99720861],[8.54401679,49.99507542],[8.54395115,49.99489042],[8.54317051,49.99334715],[8.54197234,49.99191945],[8.5403957,49.99065383],[8.54031292,49.99059846],[8.54066821,49.95356672],[8.51278923,49.95345213],[8.51241046,49.99068856],[8.51181655,49.99115994],[8.51170834,49.99126554],[8.51127639,49.99178649],[8.51030333,49.99257524],[8.51019539,49.99269459],[8.50887947,49.99465163],[8.50831538,49.99675339],[8.50830469,49.99688457],[8.50828607,49.99727428],[8.50825164,49.99971033],[8.50823038,50.00090013],[8.50822987,50.00093406],[8.50821512,50.00216123],[8.50818409,50.00460374],[8.50816797,50.0056676],[8.50815619,50.00641315],[8.50815585,50.00643807],[8.50814536,50.00735007],[8.50813493,50.008255],[8.50813472,50.00827736],[8.50812536,50.00949947],[8.50812299,50.00980922],[8.50811867,50.01039405],[8.50810413,50.01160408],[8.5081025,50.01170594],[8.47362484,50.00343978],[8.46429195,50.01959193],[8.43653862,50.01293058],[8.42678184,50.02978407],[8.47893664,50.04230295],[8.47918748,50.04256786],[8.4804479,50.04363632],[8.48220742,50.04486994],[8.48429172,50.04587201],[8.4866285,50.04660777],[8.4874609,50.04681044],[8.48767553,50.04686141],[8.48893665,50.04715334],[8.49084364,50.04761664],[8.4909273,50.04763677],[8.49361549,50.04827717],[8.49364716,50.04828469],[8.49756411,50.04921076],[8.49841362,50.04941113],[8.49904496,50.04952167]]],"type":"Polygon"},"properties":{"upper_limit_alt_ref":"MSL","upper_limit_altitude":2500.0,"lower_limit_altitude":0.0,"lower_limit_alt_ref":"AGL","legal_ref":"NfL 2026-1-3960","generated_name_EN":"Frankfurt Main (EDDF) zone 1","lower_limit_unit":"m","type_code_detail":"U_CONTROL_ZONE_1","external_reference":"DFSDEFPFHXX50033305085704560000220","name":["Frankfurt Main (EDDF) Zone 1"],"upper_limit_unit":"ft","generated_name_DE":"Frankfurt Main (EDDF) Zone 1","type_code":"KONTROLLZONE"}},{"type":"Feature","geometry":{"coordinates":[[[6.24048947,51.64958669],[6.26114971,51.64927221],[6.28180965,51.6489541],[6.30246931,51.64863235],[6.32312867,51.64830697],[6.32251908,51.63831816],[6.32190977,51.62832932],[6.32130072,51.61834047],[6.32069194,51.60835159],[6.32008343,51.5983627],[6.31947518,51.58837378],[6.3188672,51.57838485],[6.31825949,51.56839589],[6.31765204,51.55840691],[6.31704486,51.54841792],[6.30191824,51.54901073],[6.28679122,51.5496016],[6.27166381,51.55019052],[6.25653602,51.55077749],[6.24140783,51.5513625],[6.22627926,51.55194557],[6.2111503,51.55252669],[6.19602095,51.55310585],[6.18089122,51.55368307],[6.17922839,51.55374629],[6.19301008,51.55877252],[6.20569904,51.56578674],[6.21595254,51.57420815],[6.2233759,51.58371381],[6.22668197,51.59156363],[6.23130969,51.59145889],[6.23236841,51.60942183],[6.22759606,51.60952981],[6.22640064,51.61496428],[6.22085724,51.62495633],[6.21228553,51.6340826],[6.20101384,51.64199176],[6.18747511,51.64837915],[6.18052848,51.65047861],[6.19916816,51.65020474],[6.21982896,51.64989753],[6.24048947,51.64958669]]],"type":"Polygon"},"properties":{"upper_limit_alt_ref":"MSL","upper_limit_altitude":3000.0,"lower_limit_altitude":433.72704799999997,"lower_limit_alt_ref":"MSL","legal_ref":"NfL 2026-1-3981","generated_name_EN":"Niederrhein (EDLV) zone 4","lower_limit_unit":"ft","type_code_detail":"U_CONTROL_ZONE_4","external_reference":"10803_ctr","name":["Niederrhein (EDLV) Zone 4"],"upper_limit_unit":"ft","generated_name_DE":"Niederrhein (EDLV) Zone 4","type_code":"KONTROLLZONE"}},{"type":"Feature","geometry":{"coordinates":[[[[8.54043123,49.97826699],[8.54031292,49.99059846],[8.5403957,49.99065383],[8.54197234,49.99191945],[8.54317051,49.99334715],[8.54395115,49.99489042],[8.54401679,49.99507542],[8.54436662,49.99720861],[8.54432558,49.99907039],[8.54431742,49.99963059],[8.54430312,50.00143539],[8.5442867,50.00389406],[8.54428052,50.00498848],[8.54428039,50.00500729],[8.54426732,50.00647787],[8.54426715,50.00649417],[8.54422362,50.01021523],[8.54421175,50.01176172],[8.54420247,50.01340461],[8.54419973,50.01355289],[8.54418817,50.01392316],[8.54492745,50.01390478],[8.54875921,50.01380801],[8.5488029,50.01380695],[8.54963473,50.0137876],[8.55254917,50.01391692],[8.55363856,50.01411757],[8.55364028,50.01411712],[8.55633904,50.01340039],[8.55885224,50.01290531],[8.56146487,50.01272254],[8.56408436,50.01285854],[8.5666179,50.01330851],[8.56721855,50.01345562],[8.56924607,50.01302475],[8.57194749,50.01280913],[8.57466248,50.01293544],[8.57728783,50.01339889],[8.57849906,50.01369716],[8.58034912,50.01299394],[8.58278393,50.01242623],[8.58306895,50.01237849],[8.58555542,50.01211348],[8.58807531,50.0121409],[8.59054649,50.01245984],[8.59136175,50.01261551],[8.59282529,50.01300247],[8.59342653,50.0131271],[8.59383124,50.01326843],[8.59397378,50.01330612],[8.5941176,50.01336844],[8.59569855,50.01392051],[8.59770472,50.0149702],[8.59937628,50.01624019],[8.60084312,50.01759045],[8.60085413,50.01760061],[8.60128939,50.01800243],[8.60187016,50.0186661],[8.60291506,50.01964668],[8.60426367,50.02123371],[8.60509204,50.02296255],[8.6053666,50.02476321],[8.6053661,50.02487627],[8.60545215,50.02566423],[8.60555188,50.0262905],[8.60567403,50.02683388],[8.60584212,50.02727266],[8.60624134,50.02831473],[8.60657118,50.02894323],[8.60665355,50.02910522],[8.60667947,50.02915787],[8.60726013,50.03096149],[8.60725888,50.03216329],[8.60822309,50.03318536],[8.60868119,50.03394078],[8.60878473,50.03410154],[8.60896701,50.0344121],[8.60910429,50.03463846],[8.60911076,50.03465915],[8.6098338,50.0360203],[8.62531082,50.03970676],[8.62630887,50.03349887],[8.62529031,50.02647699],[8.62216546,50.01971797],[8.61705517,50.0134814],[8.61015635,50.0080067],[8.60173431,50.00350398],[8.59211254,50.00014599],[8.58166029,49.99806151],[8.58166008,49.9980615],[8.58165839,49.99806116],[8.57723274,49.99776385],[8.57353983,49.9932488],[8.56664884,49.98777152],[8.55823441,49.98326565],[8.54861972,49.97990405],[8.54043123,49.97826699]]],[[[8.48773941,49.98744996],[8.48074166,49.99287061],[8.47551726,49.99906697],[8.47230324,50.00572704],[8.47362484,50.00343978],[8.5081025,50.01170594],[8.50810413,50.01160408],[8.50811867,50.01039405],[8.50812299,50.00980922],[8.50812536,50.00949947],[8.50813472,50.00827736],[8.50813493,50.008255],[8.50814536,50.00735007],[8.50815585,50.00643807],[8.50815619,50.00641315],[8.50816797,50.0056676],[8.50818409,50.00460374],[8.50821512,50.00216123],[8.50822987,50.00093406],[8.50823038,50.00090013],[8.50825164,49.99971033],[8.50828607,49.99727428],[8.50830469,49.99688457],[8.50831538,49.99675339],[8.50887947,49.99465163],[8.51019539,49.99269459],[8.51030333,49.99257524],[8.51127639,49.99178649],[8.51170834,49.99126554],[8.51181655,49.99115994],[8.51241046,49.99068856],[8.51253478,49.9784667],[8.50592114,49.97973007],[8.49624141,49.98301304],[8.48773941,49.98744996]]],[[[8.47445266,50.0558965],[8.4813428,50.06137919],[8.4897636,50.06589059],[8.49939128,50.06925705],[8.50985535,50.07134895],[8.52075292,50.07208572],[8.5316643,50.07143898],[8.54216925,50.06943365],[8.55013571,50.06673267],[8.55923704,50.068548],[8.55923726,50.06854801],[8.55923894,50.06854835],[8.57013666,50.06928048],[8.58104677,50.0686291],[8.58547754,50.06778119],[8.54100577,50.05716261],[8.54043315,50.05723226],[8.53968369,50.05727707],[8.53919688,50.05732499],[8.5389542,50.05735486],[8.53758242,50.05747865],[8.53710668,50.05750618],[8.53585964,50.05754229],[8.53435121,50.05754251],[8.53161471,50.05736864],[8.52898417,50.05685298],[8.52746516,50.05632789],[8.52684796,50.05617631],[8.52609919,50.05600549],[8.52576316,50.0559257],[8.52536301,50.0558269],[8.52533176,50.05582105],[8.52510513,50.05577863],[8.52430358,50.0556286],[8.52316881,50.05538176],[8.52280053,50.05529015],[8.52269848,50.05526447],[8.52218163,50.05513288],[8.52063833,50.05475206],[8.51756987,50.05401276],[8.51743474,50.05397968],[8.51662209,50.05377767],[8.5137619,50.05309167],[8.51163311,50.05258104],[8.51140166,50.05252401],[8.51012989,50.05220226],[8.50946778,50.0520468],[8.50942518,50.05203743],[8.50899319,50.05193734],[8.5086913,50.05186376],[8.50754522,50.05159256],[8.50747217,50.05157513],[8.50563267,50.05113231],[8.50324669,50.05056715],[8.50316331,50.05054721],[8.50181284,50.050221],[8.5009768,50.05001931],[8.49958224,50.04969046],[8.49904496,50.04952167],[8.49841362,50.04941113],[8.49756411,50.04921076],[8.49364716,50.04828469],[8.49361549,50.04827717],[8.4909273,50.04763677],[8.49084364,50.04761664],[8.48893665,50.04715334],[8.48767553,50.04686141],[8.4874609,50.04681044],[8.4866285,50.04660777],[8.48429172,50.04587201],[8.48220742,50.04486994],[8.4804479,50.04363632],[8.47918748,50.04256786],[8.47893664,50.04230295],[8.46572047,50.03913063],[8.46625334,50.0428904],[8.46935775,50.04965352],[8.47445266,50.0558965]]],[[[8.60721862,50.06015366],[8.60677871,50.06031597],[8.60492935,50.06088663],[8.60449584,50.06099599],[8.6036385,50.06119179],[8.60324281,50.06127293],[8.60315087,50.06129155],[8.60271419,50.06137895],[8.60024308,50.06171945],[8.59997165,50.06174056],[8.5992286,50.06178545],[8.59900997,50.06179487],[8.59737125,50.06464203],[8.6012392,50.06332845],[8.60788579,50.0598546],[8.60721862,50.06015366]]]],"type":"MultiPolygon"},"properties":{"upper_limit_alt_ref":"MSL","upper_limit_altitude":2500.0,"lower_limit_altitude":444.88190399999996,"lower_limit_alt_ref":"MSL","legal_ref":"NfL 2026-1-3960","generated_name_EN":"Frankfurt Main (EDDF) zone 2","lower_limit_unit":"ft","type_code_detail":"U_CONTROL_ZONE_2","external_reference":"64_4000","name":["Frankfurt Main (EDDF) Zone 2"],"upper_limit_unit":"ft","generated_name_DE":"Frankfurt Main (EDDF) Zone 2","type_code":"KONTROLLZONE"}},{"type":"Feature","geometry":{"coordinates":[[[[8.45765483,49.98277124],[8.44981494,49.99206414],[8.44493524,50.00216432],[8.44320497,50.01268402],[8.44347489,50.01459542],[8.46429195,50.01959193],[8.47230324,50.00572704],[8.47551726,49.99906697],[8.48074166,49.99287061],[8.48773941,49.98744996],[8.49624141,49.98301304],[8.50592114,49.97973007],[8.51253478,49.9784667],[8.51272295,49.95996854],[8.51114423,49.96006225],[8.49542035,49.96306584],[8.48090423,49.9679887],[8.46815252,49.97464218],[8.45765483,49.98277124]]],[[[8.55823441,49.98326565],[8.56664884,49.98777152],[8.57353983,49.9932488],[8.57723274,49.99776385],[8.58165839,49.99806116],[8.58166008,49.9980615],[8.58166029,49.99806151],[8.59211254,50.00014599],[8.60173431,50.00350398],[8.61015635,50.0080067],[8.61705517,50.0134814],[8.62216546,50.01971797],[8.62529031,50.02647699],[8.62630887,50.03349887],[8.62531082,50.03970676],[8.65165177,50.04598089],[8.65254884,50.04410827],[8.65423457,50.03358543],[8.65270074,50.02305295],[8.64800834,50.01291547],[8.64033944,50.00356222],[8.62998994,49.99535208],[8.62985977,49.9952825],[8.61415392,49.99153892],[8.59722222,49.9875],[8.59732144,49.98244637],[8.59515756,49.98201485],[8.58648546,49.9751243],[8.5738649,49.96836741],[8.55944617,49.96332666],[8.54378223,49.9601952],[8.54060668,49.95998058],[8.54043123,49.97826699],[8.54861972,49.97990405],[8.55823441,49.98326565]]],[[[8.47407527,50.08077706],[8.48852009,50.0858284],[8.50422122,50.08896736],[8.52057357,50.09007294],[8.53694666,50.0891025],[8.55270923,50.08609345],[8.55290701,50.08602639],[8.55362133,50.08616887],[8.55362155,50.08616888],[8.55362323,50.08616922],[8.5699758,50.08726784],[8.58634698,50.08629042],[8.60210558,50.08327465],[8.61664424,50.07833678],[8.62940306,50.07166712],[8.63614175,50.0664343],[8.60810453,50.05975654],[8.60788579,50.0598546],[8.6012392,50.06332845],[8.59737125,50.06464203],[8.59434574,50.06989866],[8.58547754,50.06778119],[8.58104677,50.0686291],[8.57013666,50.06928048],[8.55923894,50.06854835],[8.55923726,50.06854801],[8.55923704,50.068548],[8.55013571,50.06673267],[8.54216925,50.06943365],[8.5316643,50.07143898],[8.52075292,50.07208572],[8.50985535,50.07134895],[8.49939128,50.06925705],[8.4897636,50.06589059],[8.4813428,50.06137919],[8.47445266,50.0558965],[8.46935775,50.04965352],[8.46625334,50.0428904],[8.46572047,50.03913063],[8.43787328,50.03244638],[8.43733167,50.03573517],[8.43881874,50.0462703],[8.44347021,50.05641602],[8.45110908,50.06578209],[8.46144299,50.07400803],[8.47407527,50.08077706]]]],"type":"MultiPolygon"},"properties":{"upper_limit_alt_ref":"MSL","upper_limit_altitude":2500.0,"lower_limit_altitude":510.498704,"lower_limit_alt_ref":"MSL","legal_ref":"NfL 2026-1-3960","generated_name_EN":"Frankfurt Main (EDDF) zone 3","lower_limit_unit":"ft","type_code_detail":"U_CONTROL_ZONE_3","external_reference":"64_6000","name":["Frankfurt Main (EDDF) Zone 3"],"upper_limit_unit":"ft","generated_name_DE":"Frankfurt Main (EDDF) Zone 3","type_code":"KONTROLLZONE"}},{"type":"Feature","geometry":{"coordinates":[[[7.70828054,52.12148548],[7.70563675,52.12072017],[7.70335606,52.12037775],[7.70270224,52.12005842],[7.70030967,52.11928178],[7.70018456,52.11924989],[7.69934291,52.11905385],[7.69737138,52.11863687],[7.69461068,52.11823238],[7.69177505,52.11816415],[7.68897149,52.11843474],[7.68630582,52.11903395],[7.6850528,52.11950127],[7.68269887,52.11977257],[7.67990257,52.12048549],[7.67952746,52.12064355],[7.67708686,52.1208252],[7.67593389,52.12105768],[7.67393513,52.12050077],[7.6698804,52.11963832],[7.66968443,52.11959759],[7.66917257,52.11949367],[7.66631634,52.11910372],[7.66339118,52.11907198],[7.6605144,52.11939973],[7.65921979,52.1197214],[7.60575504,52.10839321],[7.59623872,52.12539153],[7.65305859,52.13743031],[7.65354063,52.13793789],[7.65550337,52.13928595],[7.65786528,52.14036474],[7.65870764,52.14060677],[7.65902857,52.14081998],[7.6613657,52.14185967],[7.66398932,52.14259661],[7.66634952,52.14309299],[7.66739932,52.14380073],[7.66975609,52.14486006],[7.67240815,52.14561001],[7.6751492,52.14618907],[7.6766525,52.14645224],[7.67668742,52.14645713],[7.67953048,52.14667777],[7.68238886,52.14655277],[7.68262285,52.14651333],[7.68532198,52.14690408],[7.6857597,52.14691376],[7.68641124,52.14709493],[7.68966359,52.14778341],[7.69004583,52.14789353],[7.69128146,52.1481607],[7.69136109,52.14817776],[7.69419538,52.14877924],[7.69681382,52.14917307],[7.69950533,52.14926428],[7.70217827,52.14904978],[7.70474164,52.14853686],[7.70508103,52.14842301],[7.76164173,52.16034261],[7.77110298,52.1433307],[7.71741032,52.13201694],[7.7173768,52.13183335],[7.71734349,52.13056265],[7.71672167,52.12881456],[7.71660738,52.12859885],[7.71585967,52.12718748],[7.71472721,52.12559303],[7.71311698,52.12416271],[7.71188785,52.12342766],[7.71062408,52.12255935],[7.70828054,52.12148548]]],"type":"Polygon"},"properties":{"upper_limit_alt_ref":"MSL","upper_limit_altitude":2500.0,"lower_limit_altitude":0.0,"lower_limit_alt_ref":"AGL","legal_ref":"NfL 2026-1-3960","generated_name_EN":"Muenster/Osnabrueck (EDDG) zone 1","lower_limit_unit":"m","type_code_detail":"U_CONTROL_ZONE_1","external_reference":"DFSDEFPFHXX52134722076847220000220","name":["Muenster/Osnabrueck (EDDG) Zone 1"],"upper_limit_unit":"ft","generated_name_DE":"Muenster/Osnabrueck (EDDG) Zone 1","type_code":"KONTROLLZONE"}},{"type":"Feature","geometry":{"coordinates":[[[[7.73397702,52.11519897],[7.72686923,52.10967237],[7.71814859,52.10510511],[7.70815007,52.10167241],[7.69725735,52.09950589],[7.68588822,52.09868864],[7.67447856,52.09925196],[7.66346581,52.10117426],[7.65327229,52.10438183],[7.64428911,52.10875165],[7.63686124,52.11411611],[7.63620033,52.114844],[7.65921979,52.1197214],[7.6605144,52.11939973],[7.66339118,52.11907198],[7.66631634,52.11910372],[7.66917257,52.11949367],[7.66968443,52.11959759],[7.6698804,52.11963832],[7.67393513,52.12050077],[7.67593389,52.12105768],[7.67708686,52.1208252],[7.67952746,52.12064355],[7.67990257,52.12048549],[7.68269887,52.11977257],[7.6850528,52.11950127],[7.68630582,52.11903395],[7.68897149,52.11843474],[7.69177505,52.11816415],[7.69461068,52.11823238],[7.69737138,52.11863687],[7.69934291,52.11905385],[7.70018456,52.11924989],[7.70030967,52.11928178],[7.70270224,52.12005842],[7.70335606,52.12037775],[7.70563675,52.12072017],[7.70828054,52.12148548],[7.71062408,52.12255935],[7.71188785,52.12342766],[7.71311698,52.12416271],[7.71472721,52.12559303],[7.71585967,52.12718748],[7.71660738,52.12859885],[7.71672167,52.12881456],[7.71734349,52.13056265],[7.7173768,52.13183335],[7.71741032,52.13201694],[7.74286163,52.13737987],[7.74325768,52.13527944],[7.74233254,52.12825313],[7.73919855,52.12147283],[7.73397702,52.11519897]]],[[[7.63043056,52.14778639],[7.63564118,52.15406474],[7.64274453,52.15959676],[7.6514679,52.16416957],[7.6614759,52.16760711],[7.67238338,52.16977701],[7.68377034,52.17059569],[7.69519816,52.17003159],[7.70622664,52.16810645],[7.71643107,52.16489441],[7.72541868,52.16051915],[7.73284382,52.15514914],[7.73350961,52.15441405],[7.70508103,52.14842301],[7.70474164,52.14853686],[7.70217827,52.14904978],[7.69950533,52.14926428],[7.69681382,52.14917307],[7.69419538,52.14877924],[7.69136109,52.14817776],[7.69128146,52.1481607],[7.69004583,52.14789353],[7.68966359,52.14778341],[7.68641124,52.14709493],[7.6857597,52.14691376],[7.68532198,52.14690408],[7.68262285,52.14651333],[7.68238886,52.14655277],[7.67953048,52.14667777],[7.67668742,52.14645713],[7.6766525,52.14645224],[7.6751492,52.14618907],[7.67240815,52.14561001],[7.66975609,52.14486006],[7.66739932,52.14380073],[7.66634952,52.14309299],[7.66398932,52.14259661],[7.6613657,52.14185967],[7.65902857,52.14081998],[7.65870764,52.14060677],[7.65786528,52.14036474],[7.65550337,52.13928595],[7.65354063,52.13793789],[7.65305859,52.13743031],[7.62680818,52.13186847],[7.62640532,52.13397617],[7.6273123,52.14100326],[7.63043056,52.14778639]]]],"type":"MultiPolygon"},"properties":{"upper_limit_alt_ref":"MSL","upper_limit_altitude":2500.0,"lower_limit_altitude":240.485572,"lower_limit_alt_ref":"MSL","legal_ref":"NfL 2026-1-3960","generated_name_EN":"Muenster/Osnabrueck (EDDG) zone 2","lower_limit_unit":"ft","type_code_detail":"U_CONTROL_ZONE_2","external_reference":"125_4000","name":["Muenster/Osnabrueck (EDDG) Zone 2"],"upper_limit_unit":"ft","generated_name_DE":"Muenster/Osnabrueck (EDDG) Zone 2","type_code":"KONTROLLZONE"}},{"type":"Feature","geometry":{"coordinates":[[[[7.73479112,52.09033284],[7.71979688,52.08518559],[7.70346334,52.08193709],[7.6864163,52.08071173],[7.6693086,52.08155642],[7.65279536,52.08443882],[7.63750917,52.08924849],[7.62403607,52.0958012],[7.61289326,52.1038458],[7.60827643,52.10892744],[7.63620033,52.114844],[7.63686124,52.11411611],[7.64428911,52.10875165],[7.65327229,52.10438183],[7.66346581,52.10117426],[7.67447856,52.09925196],[7.68588822,52.09868864],[7.69725735,52.09950589],[7.70815007,52.10167241],[7.71814859,52.10510511],[7.72686923,52.10967237],[7.73397702,52.11519897],[7.73919855,52.12147283],[7.74233254,52.12825313],[7.74325768,52.13527944],[7.74286163,52.13737987],[7.77102033,52.14331328],[7.77247212,52.13558717],[7.77107762,52.125048],[7.76637074,52.11487863],[7.75853437,52.1054695],[7.74787105,52.09718164],[7.73479112,52.09033284]]],[[[7.77049833,52.14609125],[7.77097322,52.14356401],[7.76196219,52.1597664],[7.76522982,52.15615637],[7.77049833,52.14609125]]],[[[7.63368964,52.17836304],[7.65624486,52.18316809],[7.68087308,52.18840216],[7.68323948,52.1885723],[7.70038804,52.18772587],[7.71693667,52.18483709],[7.73224742,52.18001734],[7.74573048,52.17345242],[7.75686715,52.16539532],[7.76147285,52.16030702],[7.73350961,52.15441405],[7.73284382,52.15514914],[7.72541868,52.16051915],[7.71643107,52.16489441],[7.70622664,52.16810645],[7.69519816,52.17003159],[7.68377034,52.17059569],[7.67238338,52.16977701],[7.6614759,52.16760711],[7.6514679,52.16416957],[7.64274453,52.15959676],[7.63564118,52.15406474],[7.63043056,52.14778639],[7.6273123,52.14100326],[7.62640532,52.13397617],[7.62680818,52.13186847],[7.59867508,52.12590774],[7.59719365,52.13363227],[7.5985473,52.14417319],[7.60321878,52.15434894],[7.6110306,52.16376813],[7.62168396,52.17206821],[7.63368964,52.17836304]]]],"type":"MultiPolygon"},"properties":{"upper_limit_alt_ref":"MSL","upper_limit_altitude":2500.0,"lower_limit_altitude":306.102372,"lower_limit_alt_ref":"MSL","legal_ref":"NfL 2026-1-3960","generated_name_EN":"Muenster/Osnabrueck (EDDG) zone 3","lower_limit_unit":"ft","type_code_detail":"U_CONTROL_ZONE_3","external_reference":"125_6000","name":["Muenster/Osnabrueck (EDDG) Zone 3"],"upper_limit_unit":"ft","generated_name_DE":"Muenster/Osnabrueck (EDDG) Zone 3","type_code":"KONTROLLZONE"}},{"type":"Feature","geometry":{"coordinates":[[[7.80243025,52.21416105],[7.85120386,52.22445173],[7.9,52.23472222],[7.90542701,52.22527897],[7.91085171,52.21583545],[7.91627411,52.20639166],[7.92169422,52.19694761],[7.92711202,52.1875033],[7.93252754,52.17805872],[7.93794076,52.16861388],[7.94335168,52.15916878],[7.94876032,52.14972341],[7.95416667,52.14027778],[7.94016156,52.13730781],[7.92615831,52.13433618],[7.91215692,52.13136288],[7.8981574,52.12838793],[7.88415975,52.1254113],[7.87016396,52.12243302],[7.85617004,52.11945307],[7.84217798,52.11647146],[7.82818779,52.11348819],[7.81419947,52.11050326],[7.8141048,52.11032425],[7.81319716,52.10867332],[7.81223364,52.10703444],[7.81121467,52.10540834],[7.81014069,52.10379573],[7.80901218,52.10219731],[7.80782964,52.10061378],[7.8065936,52.09904584],[7.80530459,52.09749417],[7.8039632,52.09595945],[7.80257001,52.09444235],[7.80112564,52.09294354],[7.79963072,52.09146367],[7.79808591,52.09000338],[7.7964919,52.08856332],[7.79484938,52.08714412],[7.79315908,52.0857464],[7.79142174,52.08437076],[7.78963813,52.08301781],[7.78780902,52.08168815],[7.78593523,52.08038234],[7.78401757,52.07910097],[7.78205688,52.07784459],[7.78005404,52.07661375],[7.77800991,52.07540899],[7.77592539,52.07423084],[7.77380139,52.07307981],[7.77163885,52.07195639],[7.76943872,52.0708611],[7.76720195,52.06979439],[7.76492953,52.06875675],[7.76262245,52.06774861],[7.76028172,52.06677043],[7.75790836,52.06582262],[7.75550342,52.06490561],[7.75306794,52.06401978],[7.75060299,52.06316554],[7.74810965,52.06234325],[7.74558901,52.06155327],[7.74304216,52.06079595],[7.74047023,52.06007161],[7.73787433,52.05938058],[7.7352556,52.05872315],[7.73261519,52.05809961],[7.72995424,52.05751023],[7.72727392,52.05695528],[7.72457539,52.05643498],[7.72185984,52.05594958],[7.71912846,52.05549927],[7.71638242,52.05508427],[7.71362294,52.05470474],[7.71085121,52.05436086],[7.70806845,52.05405277],[7.70527587,52.05378061],[7.70247468,52.0535445],[7.69966612,52.05334453],[7.6968514,52.05318081],[7.69403175,52.05305339],[7.69120841,52.05296234],[7.6883826,52.0529077],[7.68555556,52.05288948],[7.68272851,52.0529077],[7.6799027,52.05296234],[7.67707936,52.05305339],[7.67425971,52.05318081],[7.67144499,52.05334453],[7.66863643,52.0535445],[7.66583524,52.05378061],[7.66304266,52.05405277],[7.6602599,52.05436086],[7.65748817,52.05470474],[7.65472869,52.05508427],[7.65198266,52.05549927],[7.64925127,52.05594958],[7.64653572,52.05643498],[7.6438372,52.05695528],[7.64115687,52.05751023],[7.63849592,52.05809961],[7.63585551,52.05872315],[7.63323678,52.05938058],[7.63064088,52.06007161],[7.62806895,52.06079595],[7.6255221,52.06155327],[7.62300146,52.06234325],[7.62050812,52.06316554],[7.61804317,52.06401978],[7.6156077,52.06490561],[7.61320275,52.06582262],[7.61026654,52.06700164],[7.59578638,52.06389281],[7.58130824,52.06078221],[7.5668321,52.05766983],[7.55235798,52.05455566],[7.53788587,52.05143972],[7.52341578,52.048322],[7.5089477,52.0452025],[7.49448164,52.04208122],[7.48001759,52.03895816],[7.46555556,52.03583333],[7.46031561,52.04536223],[7.45507343,52.05489088],[7.44982902,52.06441928],[7.44458238,52.07394744],[7.4393335,52.08347534],[7.43408239,52.09300299],[7.42882904,52.1025304],[7.42357346,52.11205755],[7.41831563,52.12158446],[7.41305556,52.13111111],[7.461648,52.14156264],[7.51026318,52.15199411],[7.55890107,52.16240553],[7.60756163,52.17279686],[7.63368964,52.17836304],[7.62168396,52.17206821],[7.6110306,52.16376813],[7.60321878,52.15434894],[7.5985473,52.14417319],[7.59719365,52.13363227],[7.59867508,52.12590774],[7.59623872,52.12539153],[7.60575504,52.10839321],[7.60827643,52.10892744],[7.61289326,52.1038458],[7.62403607,52.0958012],[7.63750917,52.08924849],[7.65279536,52.08443882],[7.6693086,52.08155642],[7.6864163,52.08071173],[7.70346334,52.08193709],[7.71979688,52.08518559],[7.73479112,52.09033284],[7.74787105,52.09718164],[7.75853437,52.1054695],[7.76637074,52.11487863],[7.77107762,52.125048],[7.77247212,52.13558717],[7.77102033,52.14331328],[7.77110298,52.1433307],[7.77097322,52.14356401],[7.77049833,52.14609125],[7.76522982,52.15615637],[7.76196219,52.1597664],[7.76164173,52.16034261],[7.76147285,52.16030702],[7.75686715,52.16539532],[7.74573048,52.17345242],[7.73224742,52.18001734],[7.71693667,52.18483709],[7.70038804,52.18772587],[7.68323948,52.1885723],[7.68087308,52.18840216],[7.70495072,52.19351922],[7.75367919,52.20385021],[7.80243025,52.21416105]]],"type":"Polygon"},"properties":{"upper_limit_alt_ref":"MSL","upper_limit_altitude":2500.0,"lower_limit_altitude":486.54857200000004,"lower_limit_alt_ref":"MSL","legal_ref":"NfL 2026-1-3960","generated_name_EN":"Muenster/Osnabrueck (EDDG) zone 4","lower_limit_unit":"ft","type_code_detail":"U_CONTROL_ZONE_4","external_reference":"977_ctr","name":["Muenster/Osnabrueck (EDDG) Zone 4"],"upper_limit_unit":"ft","generated_name_DE":"Muenster/Osnabrueck (EDDG) Zone 4","type_code":"KONTROLLZONE"}},{"type":"Feature","geometry":{"coordinates":[[[[10.02174011,53.58027831],[10.00466941,53.57735374],[9.98696915,53.57646476],[9.96931699,53.57764541],[9.95238882,53.5808505],[9.9368331,53.5859573],[9.9295101,53.58962931],[9.95298895,53.60125325],[9.95395243,53.60077002],[9.96432554,53.59736422],[9.97561505,53.59522662],[9.98738802,53.59443917],[9.99919314,53.59503205],[10.00817064,53.59657012],[10.0185028,53.5845937],[10.04538707,53.5927957],[10.03337986,53.60672379],[10.03802281,53.60999045],[10.04376216,53.6161568],[10.04736948,53.62287034],[10.0487052,53.62987325],[10.0477169,53.63689651],[10.04444142,53.64367016],[10.04276922,53.64559631],[10.06649632,53.65729295],[10.0725617,53.65030134],[10.0774685,53.64013972],[10.07894352,53.62960451],[10.07693262,53.61910067],[10.07151556,53.60903168],[10.06290259,53.59978405],[10.05142606,53.59171249],[10.03752739,53.58512646],[10.02174011,53.58027831]]],[[[9.9134433,53.6609453],[9.9249126,53.66903002],[9.93882163,53.675629],[9.93961258,53.67587202],[9.95358829,53.65973805],[9.94603031,53.65615298],[9.93838329,53.65076463],[9.93265449,53.64459321],[9.92906345,53.63787618],[9.92774725,53.63087186],[9.92875536,53.62384951],[9.93204791,53.61707894],[9.93375362,53.61511992],[9.91008417,53.60339912],[9.90397145,53.61041454],[9.89902625,53.62056924],[9.89750667,53.63110242],[9.89947364,53.64160942],[9.90485407,53.65168627],[9.9134433,53.6609453]]],[[[10.05327146,53.66799556],[10.05332363,53.66796936],[10.05369573,53.66769175],[10.05327146,53.66799556]]],[[[10.04710213,53.6710934],[10.02356371,53.65948657],[10.02255002,53.65999546],[10.01216635,53.66340632],[10.00086057,53.66554741],[9.98906807,53.66633627],[9.98335839,53.66604956],[9.98172431,53.666581],[9.98169221,53.66658714],[9.9677191,53.68272969],[9.97174439,53.68341938],[9.98948922,53.6843104],[10.00718531,53.68312659],[10.0241501,53.67991363],[10.03972956,53.67479544],[10.04710213,53.6710934]]]],"type":"MultiPolygon"},"properties":{"upper_limit_alt_ref":"MSL","upper_limit_altitude":2500.0,"lower_limit_altitude":200.787408,"lower_limit_alt_ref":"MSL","legal_ref":"NfL 2026-1-3960","generated_name_EN":"Hamburg (EDDH) zone 3","lower_limit_unit":"ft","type_code_detail":"U_CONTROL_ZONE_3","external_reference":"65_6000","name":["Hamburg (EDDH) Zone 3"],"upper_limit_unit":"ft","generated_name_DE":"Hamburg (EDDH) Zone 3","type_code":"KONTROLLZONE"}},{"type":"Feature","geometry":{"coordinates":[[[10.02456275,53.62609593],[10.02496397,53.62415531],[10.02496525,53.62409822],[10.02461493,53.62205135],[10.02458925,53.6219818],[10.02302858,53.61953351],[10.02299025,53.61949262],[10.0226296,53.61919385],[10.04538707,53.5927957],[10.0185028,53.5845937],[9.99626571,53.61036959],[9.99489049,53.61018426],[9.9931776,53.61015445],[9.99294435,53.61006091],[9.99290106,53.61004974],[9.99165978,53.6095289],[9.99137128,53.60942904],[9.9885418,53.60866896],[9.98551093,53.6082687],[9.98240649,53.60824512],[9.97935942,53.60859922],[9.9789335,53.60867642],[9.97879913,53.60870989],[9.97863226,53.60873032],[9.97826492,53.60879872],[9.97787899,53.60887399],[9.97608703,53.60923939],[9.97590562,53.60914666],[9.97527776,53.60884272],[9.9751005,53.6087615],[9.97217234,53.60771038],[9.96892186,53.60707765],[9.96852084,53.60702857],[9.96839889,53.60702232],[9.96771113,53.60673607],[9.96523877,53.60606105],[9.96486927,53.60598325],[9.96480807,53.60597036],[9.96451892,53.60590947],[9.96157577,53.60550443],[9.91875336,53.58430386],[9.89941565,53.59811621],[9.94254435,53.61947297],[9.94275374,53.61980956],[9.94326348,53.62030734],[9.94331384,53.62037984],[9.94472665,53.62195107],[9.94663311,53.62332573],[9.94762645,53.62380593],[9.94814549,53.6241271],[9.94884815,53.62456543],[9.94949747,53.62497356],[9.95081062,53.62565958],[9.95079924,53.62566748],[9.95103679,53.62578838],[9.95121745,53.62587888],[9.95144841,53.62599276],[9.95159005,53.62606675],[9.95161982,53.62607727],[9.95177756,53.62615505],[9.9527291,53.62663116],[9.952782,53.62665751],[9.95356741,53.62704685],[9.95364839,53.62708672],[9.95395232,53.62723526],[9.95396993,53.62724387],[9.9539964,53.62725681],[9.95413552,53.62732481],[9.95440549,53.62746005],[9.95450925,53.62751203],[9.95469176,53.62760346],[9.95492932,53.62772002],[9.95513259,53.6278177],[9.95519619,53.62784859],[9.95560292,53.62805104],[9.95596633,53.62822631],[9.9562957,53.6283802],[9.95651564,53.62848905],[9.95671493,53.62858598],[9.95709708,53.62876864],[9.95756147,53.62895288],[9.95799807,53.62919945],[9.95811385,53.62926189],[9.95979573,53.63004739],[9.96011728,53.6301768],[9.9603862,53.63028514],[9.9611786,53.63084857],[9.96199652,53.63135105],[9.96215644,53.6314493],[9.96223926,53.63150424],[9.96410032,53.63254634],[9.96606217,53.63332079],[9.96627224,53.63419141],[9.96631256,53.63434862],[9.96660409,53.63542132],[9.96660722,53.6354328],[9.96700268,53.63687601],[9.96735304,53.63765695],[9.96731387,53.6379966],[9.96730318,53.63820253],[9.96761373,53.63999131],[9.96714625,53.64051503],[9.96695312,53.64073889],[9.96658041,53.64118623],[9.96611774,53.64171177],[9.96560341,53.64229154],[9.96514047,53.64300857],[9.9651247,53.6430208],[9.96511436,53.64302965],[9.96428642,53.64392945],[9.96383868,53.64436172],[9.96380564,53.64440212],[9.96312087,53.64523929],[9.96297798,53.64541399],[9.96266431,53.64579769],[9.96253372,53.64596162],[9.96246684,53.64604781],[9.96192944,53.64670335],[9.96163619,53.64699104],[9.96157793,53.64704868],[9.961331,53.64729507],[9.96084292,53.6478213],[9.95946564,53.64943125],[9.95920304,53.6497231],[9.95887411,53.65026257],[9.95860433,53.65057191],[9.95794985,53.65142957],[9.95783434,53.65160481],[9.95707877,53.65314257],[9.95697824,53.65344528],[9.95684234,53.65392156],[9.95679808,53.65410677],[9.95628957,53.65496699],[9.95607067,53.65536698],[9.95605505,53.65539799],[9.95556205,53.65674419],[9.95555545,53.6567725],[9.95550759,53.65752234],[9.92714285,53.69026746],[9.95407717,53.69848962],[9.98169221,53.66658714],[9.98172431,53.666581],[9.98423424,53.66576471],[9.9848912,53.66544243],[9.98516933,53.66539218],[9.9878931,53.66450663],[9.99025508,53.6633095],[9.9921558,53.66185122],[9.99351528,53.6601932],[9.99364529,53.65988779],[9.99458274,53.65820773],[9.99463825,53.65805991],[9.99485686,53.65670097],[9.99592266,53.6556389],[9.99631758,53.65514633],[9.9973629,53.65396451],[9.99749533,53.65381123],[9.99796852,53.65325038],[9.99821422,53.65287484],[9.99867185,53.65245317],[9.99890356,53.65218492],[9.99924811,53.65178601],[9.99925938,53.65177295],[9.99941827,53.65158824],[10.00052074,53.65031118],[10.00096638,53.64979511],[10.00159457,53.64906729],[10.00158811,53.64906533],[10.00163112,53.64902511],[10.00175627,53.6488782],[10.00176509,53.64886782],[10.00180156,53.64882487],[10.00186793,53.6488306],[10.00196374,53.64883559],[10.04819368,53.67163165],[10.06751576,53.65779551],[10.02414435,53.63641489],[10.0241403,53.6355049],[10.02411392,53.63533828],[10.02352795,53.63356853],[10.02262919,53.63228835],[10.02319264,53.6310856],[10.0234333,53.62942632],[10.02332673,53.62879217],[10.02332442,53.6286184],[10.0232823,53.62811226],[10.02344688,53.62796141],[10.02346501,53.62793905],[10.02456275,53.62609593]]],"type":"Polygon"},"properties":{"upper_limit_alt_ref":"MSL","upper_limit_altitude":2500.0,"lower_limit_altitude":0.0,"lower_limit_alt_ref":"AGL","legal_ref":"NfL 2026-1-3960","generated_name_EN":"Hamburg (EDDH) zone 1","lower_limit_unit":"m","type_code_detail":"U_CONTROL_ZONE_1","external_reference":"DFSDEFPFHXX53631347099875540000220","name":["Hamburg (EDDH) Zone 1"],"upper_limit_unit":"ft","generated_name_DE":"Hamburg (EDDH) Zone 1","type_code":"KONTROLLZONE"}},{"type":"Feature","geometry":{"coordinates":[[[[10.03802281,53.60999045],[10.03337986,53.60672379],[10.0226296,53.61919385],[10.02299025,53.61949262],[10.02302858,53.61953351],[10.02458925,53.6219818],[10.02461493,53.62205135],[10.02496525,53.62409822],[10.02496397,53.62415531],[10.02456275,53.62609593],[10.02346501,53.62793905],[10.02344688,53.62796141],[10.0232823,53.62811226],[10.02332442,53.6286184],[10.02332673,53.62879217],[10.0234333,53.62942632],[10.02319264,53.6310856],[10.02262919,53.63228835],[10.02352795,53.63356853],[10.02411392,53.63533828],[10.0241403,53.6355049],[10.02414435,53.63641489],[10.04276922,53.64559631],[10.04444142,53.64367016],[10.0477169,53.63689651],[10.0487052,53.62987325],[10.04736948,53.62287034],[10.04376216,53.6161568],[10.03802281,53.60999045]]],[[[9.97561505,53.59522662],[9.96432554,53.59736422],[9.95395243,53.60077002],[9.95298895,53.60125325],[9.96157577,53.60550443],[9.96451892,53.60590947],[9.96480807,53.60597036],[9.96486927,53.60598325],[9.96523877,53.60606105],[9.96771113,53.60673607],[9.96839889,53.60702232],[9.96852084,53.60702857],[9.96892186,53.60707765],[9.97217234,53.60771038],[9.9751005,53.6087615],[9.97527776,53.60884272],[9.97590562,53.60914666],[9.97608703,53.60923939],[9.97787899,53.60887399],[9.97826492,53.60879872],[9.97863226,53.60873032],[9.97879913,53.60870989],[9.9789335,53.60867642],[9.97935942,53.60859922],[9.98240649,53.60824512],[9.98551093,53.6082687],[9.9885418,53.60866896],[9.99137128,53.60942904],[9.99165978,53.6095289],[9.99290106,53.61004974],[9.99294435,53.61006091],[9.9931776,53.61015445],[9.99489049,53.61018426],[9.99626571,53.61036959],[10.00817064,53.59657012],[9.99919314,53.59503205],[9.98738802,53.59443917],[9.97561505,53.59522662]]],[[[9.92774725,53.63087186],[9.92906345,53.63787618],[9.93265449,53.64459321],[9.93838329,53.65076463],[9.94603031,53.65615298],[9.95358829,53.65973805],[9.95550759,53.65752234],[9.95555545,53.6567725],[9.95556205,53.65674419],[9.95605505,53.65539799],[9.95607067,53.65536698],[9.95628957,53.65496699],[9.95679808,53.65410677],[9.95684234,53.65392156],[9.95697824,53.65344528],[9.95707877,53.65314257],[9.95783434,53.65160481],[9.95794985,53.65142957],[9.95860433,53.65057191],[9.95887411,53.65026257],[9.95920304,53.6497231],[9.95946564,53.64943125],[9.96084292,53.6478213],[9.961331,53.64729507],[9.96157793,53.64704868],[9.96163619,53.64699104],[9.96192944,53.64670335],[9.96246684,53.64604781],[9.96253372,53.64596162],[9.96266431,53.64579769],[9.96297798,53.64541399],[9.96312087,53.64523929],[9.96380564,53.64440212],[9.96383868,53.64436172],[9.96428642,53.64392945],[9.96511436,53.64302965],[9.9651247,53.6430208],[9.96514047,53.64300857],[9.96560341,53.64229154],[9.96611774,53.64171177],[9.96658041,53.64118623],[9.96695312,53.64073889],[9.96714625,53.64051503],[9.96761373,53.63999131],[9.96730318,53.63820253],[9.96731387,53.6379966],[9.96735304,53.63765695],[9.96700268,53.63687601],[9.96660722,53.6354328],[9.96660409,53.63542132],[9.96631256,53.63434862],[9.96627224,53.63419141],[9.96606217,53.63332079],[9.96410032,53.63254634],[9.96223926,53.63150424],[9.96215644,53.6314493],[9.96199652,53.63135105],[9.9611786,53.63084857],[9.9603862,53.63028514],[9.96011728,53.6301768],[9.95979573,53.63004739],[9.95811385,53.62926189],[9.95799807,53.62919945],[9.95756147,53.62895288],[9.95709708,53.62876864],[9.95671493,53.62858598],[9.95651564,53.62848905],[9.9562957,53.6283802],[9.95596633,53.62822631],[9.95560292,53.62805104],[9.95519619,53.62784859],[9.95513259,53.6278177],[9.95492932,53.62772002],[9.95469176,53.62760346],[9.95450925,53.62751203],[9.95440549,53.62746005],[9.95413552,53.62732481],[9.9539964,53.62725681],[9.95396993,53.62724387],[9.95395232,53.62723526],[9.95364839,53.62708672],[9.95356741,53.62704685],[9.952782,53.62665751],[9.9527291,53.62663116],[9.95177756,53.62615505],[9.95161982,53.62607727],[9.95159005,53.62606675],[9.95144841,53.62599276],[9.95121745,53.62587888],[9.95103679,53.62578838],[9.95079924,53.62566748],[9.95081062,53.62565958],[9.94949747,53.62497356],[9.94884815,53.62456543],[9.94814549,53.6241271],[9.94762645,53.62380593],[9.94663311,53.62332573],[9.94472665,53.62195107],[9.94331384,53.62037984],[9.94326348,53.62030734],[9.94275374,53.61980956],[9.94254435,53.61947297],[9.93375362,53.61511992],[9.93204791,53.61707894],[9.92875536,53.62384951],[9.92774725,53.63087186]]],[[[10.01216635,53.66340632],[10.02255002,53.65999546],[10.02356371,53.65948657],[10.00196374,53.64883559],[10.00186793,53.6488306],[10.00180156,53.64882487],[10.00176509,53.64886782],[10.00175627,53.6488782],[10.00163112,53.64902511],[10.00158811,53.64906533],[10.00159457,53.64906729],[10.00096638,53.64979511],[10.00052074,53.65031118],[9.99941827,53.65158824],[9.99925938,53.65177295],[9.99924811,53.65178601],[9.99890356,53.65218492],[9.99867185,53.65245317],[9.99821422,53.65287484],[9.99796852,53.65325038],[9.99749533,53.65381123],[9.9973629,53.65396451],[9.99631758,53.65514633],[9.99592266,53.6556389],[9.99485686,53.65670097],[9.99463825,53.65805991],[9.99458274,53.65820773],[9.99364529,53.65988779],[9.99351528,53.6601932],[9.9921558,53.66185122],[9.99025508,53.6633095],[9.9878931,53.66450663],[9.98516933,53.66539218],[9.9848912,53.66544243],[9.98423424,53.66576471],[9.98335839,53.66604956],[9.98906807,53.66633627],[10.00086057,53.66554741],[10.01216635,53.66340632]]]],"type":"MultiPolygon"},"properties":{"upper_limit_alt_ref":"MSL","upper_limit_altitude":2500.0,"lower_limit_altitude":135.17060800000002,"lower_limit_alt_ref":"MSL","legal_ref":"NfL 2026-1-3960","generated_name_EN":"Hamburg (EDDH) zone 2","lower_limit_unit":"ft","type_code_detail":"U_CONTROL_ZONE_2","external_reference":"65_4000","name":["Hamburg (EDDH) Zone 2"],"upper_limit_unit":"ft","generated_name_DE":"Hamburg (EDDH) Zone 2","type_code":"KONTROLLZONE"}},{"type":"Feature","geometry":{"coordinates":[[[9.78210048,53.44482004],[9.76928944,53.43873877],[9.75648206,53.43265613],[9.74367834,53.4265721],[9.73087827,53.4204867],[9.71808186,53.41439992],[9.7052891,53.40831176],[9.6925,53.40222222],[9.68154722,53.41061569],[9.67059012,53.41900815],[9.65962871,53.42739959],[9.64866298,53.43579001],[9.63769293,53.44417941],[9.62671855,53.45256779],[9.61573985,53.46095515],[9.60475683,53.4693415],[9.59376947,53.47772681],[9.58277778,53.48611111],[9.59523319,53.4924781],[9.60769234,53.49884379],[9.62015522,53.50520817],[9.63262184,53.51157125],[9.64509219,53.51793301],[9.65756627,53.52429347],[9.6700441,53.53065263],[9.68252566,53.53701047],[9.69501096,53.543367],[9.7075,53.54972222],[9.72200541,53.55698019],[9.73651579,53.5642364],[9.75103114,53.57149083],[9.76555145,53.57874349],[9.78007673,53.58599438],[9.79460699,53.5932435],[9.80914222,53.60049084],[9.82368243,53.60773641],[9.83822761,53.61498021],[9.85277778,53.62222222],[9.85416535,53.62666675],[9.85555322,53.63111127],[9.85694138,53.63555576],[9.85832983,53.64000023],[9.85971857,53.64444469],[9.86110761,53.64888912],[9.86249693,53.65333354],[9.86388655,53.65777793],[9.86527646,53.66222231],[9.86666667,53.66666667],[9.85732851,53.67817005],[9.84798527,53.68967269],[9.83863694,53.70117457],[9.8292835,53.71267571],[9.81992496,53.72417609],[9.81056132,53.73567571],[9.80119256,53.74717458],[9.79181868,53.7586727],[9.78243968,53.77017006],[9.77305556,53.78166667],[9.78740334,53.78600775],[9.80175409,53.79034711],[9.81610779,53.79468475],[9.83046446,53.79902067],[9.84482409,53.80335487],[9.85918669,53.80768734],[9.87355224,53.81201809],[9.88792075,53.81634712],[9.90229223,53.82067442],[9.91666667,53.825],[9.92719277,53.81339313],[9.93771306,53.80178532],[9.94822754,53.79017657],[9.95873622,53.77856687],[9.96923909,53.76695622],[9.97973617,53.75534464],[9.99022747,53.74373211],[10.00071298,53.73211864],[10.01119271,53.72050423],[10.02166667,53.70888889],[10.03647791,53.7158694],[10.05129406,53.72284808],[10.06611511,53.72982491],[10.08094108,53.7367999],[10.09577195,53.74377305],[10.11060773,53.75074435],[10.12544843,53.75771381],[10.14029403,53.76468143],[10.15514456,53.77164719],[10.17,53.77861111],[10.17948634,53.7716423],[10.18896954,53.76467272],[10.1984496,53.75770239],[10.20792653,53.7507313],[10.21740031,53.74375946],[10.22687096,53.73678686],[10.23633847,53.7298135],[10.24580285,53.72283938],[10.2552641,53.71586451],[10.26472222,53.70888889],[10.25170205,53.70161751],[10.23868636,53.6943447],[10.22567516,53.68707047],[10.21266845,53.67979482],[10.19966621,53.67251775],[10.18666846,53.66523926],[10.17367519,53.65795935],[10.16068639,53.65067802],[10.14770207,53.64339527],[10.13472222,53.63611111],[10.13322068,53.63127788],[10.13171948,53.62644463],[10.13021862,53.62161135],[10.12871811,53.61677805],[10.12721794,53.61194473],[10.12571811,53.60711138],[10.12421863,53.60227802],[10.12271948,53.59744463],[10.12122068,53.59261121],[10.11972222,53.58777778],[10.12316982,53.58347268],[10.12489326,53.58132008],[10.12661671,53.57916749],[10.1300629,53.57486219],[10.1335084,53.57055678],[10.13695319,53.56625128],[10.14039728,53.56194567],[10.14384068,53.55763996],[10.14728337,53.55333415],[10.15072537,53.54902824],[10.15416667,53.54472222],[10.15772559,53.54025049],[10.16128377,53.53577865],[10.1648412,53.5313067],[10.16839788,53.52683464],[10.17195381,53.52236247],[10.17550899,53.5178902],[10.17906342,53.51341781],[10.1826171,53.50894532],[10.18617004,53.50447271],[10.18972222,53.5],[10.17434685,53.49562001],[10.15897464,53.49123805],[10.1436056,53.4868541],[10.12823974,53.48246818],[10.11287704,53.47808028],[10.09751751,53.47369039],[10.08216115,53.46929854],[10.06680797,53.4649047],[10.05145795,53.46050889],[10.03611111,53.45611111],[10.03253115,53.46055605],[10.02895043,53.46500089],[10.02536897,53.46944561],[10.02178676,53.47389022],[10.01820381,53.47833472],[10.0146201,53.48277911],[10.01103564,53.48722339],[10.00745044,53.49166755],[10.00386448,53.49611161],[10.00027778,53.50055556],[9.99100071,53.50091991],[9.98172349,53.50128354],[9.9724461,53.50164645],[9.96316856,53.50200864],[9.95389086,53.50237011],[9.944613,53.50273086],[9.93533499,53.50309089],[9.92605681,53.50345021],[9.91677849,53.5038088],[9.90770824,53.50415864],[9.91546527,53.51255003],[9.92083277,53.52262644],[9.92280017,53.53313324],[9.92128938,53.54366683],[9.91635593,53.55382231],[9.91135602,53.55956775],[9.91179013,53.55977209],[9.91001289,53.56111115],[9.90818725,53.56320901],[9.89709575,53.57146558],[9.89463149,53.57270027],[9.89306949,53.57387716],[9.8926638,53.57368616],[9.88350711,53.57827401],[9.86794393,53.58337188],[9.85100565,53.58656266],[9.83334531,53.58772328],[9.81564406,53.58680895],[9.79858469,53.58385494],[9.78282496,53.57897518],[9.76897197,53.57235779],[9.75755867,53.56425782],[9.74902323,53.55498729],[9.74369229,53.54490311],[9.74176863,53.53439326],[9.74332368,53.52386177],[9.74829517,53.51371327],[9.75332529,53.50795809],[9.75277001,53.50769564],[9.75505689,53.50597689],[9.75648989,53.50433733],[9.76759144,53.49609368],[9.76943282,53.49517235],[9.77150851,53.49361232],[9.77204452,53.4938656],[9.78117265,53.48929836],[9.79671202,53.48421178],[9.81361373,53.48102877],[9.83123034,53.47987122],[9.84888732,53.48078343],[9.86327999,53.48327534],[9.85531316,53.47950762],[9.84662124,53.47539556],[9.837931,53.47128286],[9.82924244,53.46716952],[9.82055556,53.46305556],[9.80773354,53.45697843],[9.79491518,53.45089993],[9.78210048,53.44482004]],[[10.06290259,53.59978405],[10.07151556,53.60903168],[10.07693262,53.61910067],[10.07894352,53.62960451],[10.0774685,53.64013972],[10.0725617,53.65030134],[10.06649632,53.65729295],[10.06751576,53.65779551],[10.05369573,53.66769175],[10.05332363,53.66796936],[10.05327146,53.66799556],[10.04819368,53.67163165],[10.04710213,53.6710934],[10.03972956,53.67479544],[10.0241501,53.67991363],[10.00718531,53.68312659],[9.98948922,53.6843104],[9.97174439,53.68341938],[9.9677191,53.68272969],[9.95407717,53.69848962],[9.92714285,53.69026746],[9.93961258,53.67587202],[9.93882163,53.675629],[9.9249126,53.66903002],[9.9134433,53.6609453],[9.90485407,53.65168627],[9.89947364,53.64160942],[9.89750667,53.63110242],[9.89902625,53.62056924],[9.90397145,53.61041454],[9.91008417,53.60339912],[9.89941565,53.59811621],[9.91875336,53.58430386],[9.9295101,53.58962931],[9.9368331,53.5859573],[9.95238882,53.5808505],[9.96931699,53.57764541],[9.98696915,53.57646476],[10.00466941,53.57735374],[10.02174011,53.58027831],[10.03752739,53.58512646],[10.05142606,53.59171249],[10.06290259,53.59978405]]],"type":"Polygon"},"properties":{"upper_limit_alt_ref":"MSL","upper_limit_altitude":2500.0,"lower_limit_altitude":381.233608,"lower_limit_alt_ref":"MSL","legal_ref":"NfL 2026-1-3960","generated_name_EN":"Hamburg (EDDH) zone 4","lower_limit_unit":"ft","type_code_detail":"U_CONTROL_ZONE_4","external_reference":"14769_ctr","name":["Hamburg (EDDH) Zone 4"],"upper_limit_unit":"ft","generated_name_DE":"Hamburg (EDDH) Zone 4","type_code":"KONTROLLZONE"}},{"type":"Feature","geometry":{"coordinates":[[[7.12271245,50.84696479],[7.12245963,50.84702168],[7.11810742,50.84800029],[7.11783289,50.84804249],[7.11724824,50.84816927],[7.0659048,50.83256864],[7.05360734,50.84877669],[7.10343727,50.86391932],[7.10327574,50.86426906],[7.10306558,50.86458385],[7.10181451,50.86499205],[7.09963546,50.8660899],[7.09783665,50.86743566],[7.09648723,50.86897763],[7.09563909,50.87065656],[7.09532489,50.87240794],[7.0952893,50.87392346],[7.09528457,50.87406486],[7.09527548,50.87427819],[7.0952748,50.87429414],[7.09527255,50.8743479],[7.09527183,50.87436559],[7.09526736,50.87448079],[7.09526654,50.8745031],[7.09526574,50.87452599],[7.09525622,50.87463931],[7.09524603,50.87475947],[7.09523724,50.87486425],[7.09521159,50.87516755],[7.09520542,50.87524057],[7.06233785,50.89788422],[7.07436435,50.90486756],[7.07053486,50.90750449],[7.09148292,50.91966792],[7.12689519,50.89527205],[7.12781922,50.89492939],[7.12880477,50.894946],[7.13145892,50.89467019],[7.13398335,50.89408308],[7.13628767,50.89320572],[7.13828936,50.89206951],[7.13832417,50.89204562],[7.13833424,50.89203871],[7.14157311,50.8898111],[7.14657757,50.88636689],[7.14661862,50.88633851],[7.14959119,50.8842747],[7.14963897,50.8842442],[7.14998106,50.88401806],[7.15275957,50.882116],[7.15447016,50.88224964],[7.15624888,50.88253956],[7.15629105,50.88254353],[7.15773093,50.88259231],[7.15772933,50.8826081],[7.15779462,50.88261075],[7.1578467,50.88261286],[7.15819345,50.88260797],[7.15895851,50.88263388],[7.15900879,50.88263259],[7.15988197,50.88259305],[7.16005719,50.88258168],[7.16029415,50.88257834],[7.16033843,50.88257528],[7.16285147,50.88225489],[7.16288123,50.88224929],[7.1634116,50.88210371],[7.21324472,50.89717926],[7.22550039,50.88095409],[7.17610124,50.86601133],[7.17900221,50.86399821],[7.18138436,50.86234481],[7.18298993,50.86123133],[7.18418486,50.86070602],[7.18548539,50.86001867],[7.18558732,50.85996428],[7.18800711,50.85866068],[7.1898719,50.85744661],[7.19134388,50.85603275],[7.19237088,50.85446927],[7.19291651,50.85281163],[7.19296147,50.85111862],[7.19262534,50.84989226],[7.2241114,50.8281094],[7.20316863,50.81596967],[7.18827667,50.8262684],[7.17623061,50.8192839],[7.13902422,50.84500291],[7.1368051,50.84497402],[7.13625471,50.84499757],[7.13451858,50.84507181],[7.13427334,50.84508364],[7.13246891,50.84518068],[7.13225413,50.84519081],[7.12836126,50.84572935],[7.12693101,50.8460659],[7.12528986,50.84657929],[7.12278625,50.84694832],[7.12277607,50.84695058],[7.12271245,50.84696479]]],"type":"Polygon"},"properties":{"upper_limit_alt_ref":"MSL","upper_limit_altitude":2500.0,"lower_limit_altitude":0.0,"lower_limit_alt_ref":"AGL","legal_ref":"NfL 2026-1-3960","generated_name_EN":"Koeln/Bonn (EDDK) zone 1","lower_limit_unit":"m","type_code_detail":"U_CONTROL_ZONE_1","external_reference":"DFSDEFPFHXX50867025071382060000220","name":["Koeln/Bonn (EDDK) Zone 1"],"upper_limit_unit":"ft","generated_name_DE":"Koeln/Bonn (EDDK) Zone 1","type_code":"KONTROLLZONE"}},{"type":"Feature","geometry":{"coordinates":[[[6.81640383,51.24677596],[6.78446989,51.23160484],[6.77848902,51.22875995],[6.77663455,51.22836805],[6.75993361,51.22701259],[6.74313235,51.22772653],[6.72687422,51.23048249],[6.71178206,51.23517489],[6.69843447,51.24162395],[6.68734376,51.24958249],[6.6789364,51.25874536],[6.67353657,51.26876105],[6.67135351,51.27924511],[6.67247328,51.28979486],[6.67685507,51.3000048],[6.68433244,51.30948225],[6.69461944,51.31786246],[6.70732138,51.32482271],[6.72194987,51.33009483],[6.73794166,51.3334756],[6.75468042,51.33483465],[6.77152075,51.33411954],[6.78781324,51.33135783],[6.80292982,51.32665598],[6.80904103,51.32370029],[6.78499131,51.31226052],[6.77763858,51.31454736],[6.76678075,51.31638786],[6.75555821,51.31686447],[6.74440325,51.31595884],[6.73374549,51.31370586],[6.72399529,51.31019232],[6.71552783,51.30555351],[6.70866862,51.299968],[6.70368098,51.29365075],[6.70075597,51.28684476],[6.70000511,51.27981172],[6.70145629,51.27282194],[6.7016236,51.27251128],[6.68641751,51.26525151],[6.69075876,51.26167396],[6.68970752,51.26117202],[6.70706341,51.24686785],[6.72077061,51.25341185],[6.72694845,51.25042645],[6.73701261,51.24729713],[6.74785517,51.24545919],[6.75906034,51.2449831],[6.77019849,51.24588714],[6.78084254,51.24813665],[6.79058423,51.25164539],[6.79904968,51.25627878],[6.80591367,51.26185907],[6.81091216,51.26817213],[6.81385245,51.27497556],[6.81462067,51.28200808],[6.81318631,51.28899945],[6.80960354,51.29568092],[6.80955347,51.29573564],[6.83248163,51.30663894],[6.83576255,51.30305079],[6.84113156,51.2930273],[6.84327678,51.28253965],[6.84211795,51.27199108],[6.83770181,51.26178688],[6.83147382,51.25392655],[6.81640383,51.24677596]]],"type":"Polygon"},"properties":{"upper_limit_alt_ref":"MSL","upper_limit_altitude":2500.0,"lower_limit_altitude":294.61943199999996,"lower_limit_alt_ref":"MSL","legal_ref":"NfL 2026-1-3960","generated_name_EN":"Duesseldorf (EDDL) zone 3","lower_limit_unit":"ft","type_code_detail":"U_CONTROL_ZONE_3","external_reference":"67_6000","name":["Duesseldorf (EDDL) Zone 3"],"upper_limit_unit":"ft","generated_name_DE":"Duesseldorf (EDDL) Zone 3","type_code":"KONTROLLZONE"}},{"type":"Feature","geometry":{"coordinates":[[[[7.19306597,50.84958742],[7.19262534,50.84989226],[7.19296147,50.85111862],[7.19291651,50.85281163],[7.19237088,50.85446927],[7.19134388,50.85603275],[7.1898719,50.85744661],[7.18800711,50.85866068],[7.18558732,50.85996428],[7.18548539,50.86001867],[7.18418486,50.86070602],[7.18298993,50.86123133],[7.18138436,50.86234481],[7.17900221,50.86399821],[7.17610124,50.86601133],[7.19839979,50.87275642],[7.19955813,50.86680609],[7.19873683,50.85977515],[7.19576461,50.85298066],[7.19306597,50.84958742]]],[[[7.13307066,50.83047769],[7.12233935,50.83235263],[7.1123906,50.83551651],[7.10360615,50.83984799],[7.09957553,50.84279944],[7.11724824,50.84816927],[7.11783289,50.84804249],[7.11810742,50.84800029],[7.12245963,50.84702168],[7.12271245,50.84696479],[7.12277607,50.84695058],[7.12278625,50.84694832],[7.12528986,50.84657929],[7.12693101,50.8460659],[7.12836126,50.84572935],[7.13225413,50.84519081],[7.13246891,50.84518068],[7.13427334,50.84508364],[7.13451858,50.84507181],[7.13625471,50.84499757],[7.1368051,50.84497402],[7.13902422,50.84500291],[7.15852581,50.83152239],[7.1552206,50.83083008],[7.14417297,50.8299636],[7.13307066,50.83047769]]],[[[7.08969759,50.87882617],[7.08980475,50.87896129],[7.09520542,50.87524057],[7.09521159,50.87516755],[7.09523724,50.87486425],[7.09524603,50.87475947],[7.09525622,50.87463931],[7.09526574,50.87452599],[7.09526654,50.8745031],[7.09526736,50.87448079],[7.09527183,50.87436559],[7.09527255,50.8743479],[7.0952748,50.87429414],[7.09527548,50.87427819],[7.09528457,50.87406486],[7.0952893,50.87392346],[7.09532489,50.87240794],[7.09563909,50.87065656],[7.09648723,50.86897763],[7.09783665,50.86743566],[7.09963546,50.8660899],[7.10181451,50.86499205],[7.10306558,50.86458385],[7.10327574,50.86426906],[7.10343727,50.86391932],[7.08712514,50.85896229],[7.0859358,50.86499754],[7.08674017,50.87202909],[7.08969759,50.87882617]]],[[[7.15243434,50.90135274],[7.16318044,50.8994752],[7.1731396,50.89630713],[7.1819285,50.8919705],[7.1860464,50.88895121],[7.1634116,50.88210371],[7.16288123,50.88224929],[7.16285147,50.88225489],[7.16033843,50.88257528],[7.16029415,50.88257834],[7.16005719,50.88258168],[7.15988197,50.88259305],[7.15900879,50.88263259],[7.15895851,50.88263388],[7.15819345,50.88260797],[7.1578467,50.88261286],[7.15779462,50.88261075],[7.15772933,50.8826081],[7.15773093,50.88259231],[7.15629105,50.88254353],[7.15624888,50.88253956],[7.15447016,50.88224964],[7.15275957,50.882116],[7.14998106,50.88401806],[7.14963897,50.8842442],[7.14959119,50.8842747],[7.14661862,50.88633851],[7.14657757,50.88636689],[7.14157311,50.8898111],[7.13833424,50.89203871],[7.13832417,50.89204562],[7.13828936,50.89206951],[7.13628767,50.89320572],[7.13398335,50.89408308],[7.13145892,50.89467019],[7.12880477,50.894946],[7.12781922,50.89492939],[7.12689519,50.89527205],[7.12130275,50.89912474],[7.130251,50.90099946],[7.1413151,50.90186743],[7.15243434,50.90135274]]]],"type":"MultiPolygon"},"properties":{"upper_limit_alt_ref":"MSL","upper_limit_altitude":2500.0,"lower_limit_altitude":382.21786,"lower_limit_alt_ref":"MSL","legal_ref":"NfL 2026-1-3960","generated_name_EN":"Koeln/Bonn (EDDK) zone 2","lower_limit_unit":"ft","type_code_detail":"U_CONTROL_ZONE_2","external_reference":"66_4000","name":["Koeln/Bonn (EDDK) Zone 2"],"upper_limit_unit":"ft","generated_name_DE":"Koeln/Bonn (EDDK) Zone 2","type_code":"KONTROLLZONE"}},{"type":"Feature","geometry":{"coordinates":[[[[7.11214705,50.81556983],[7.09722783,50.82031409],[7.08405283,50.82680937],[7.07316967,50.83477606],[7.09957553,50.84279944],[7.10360615,50.83984799],[7.1123906,50.83551651],[7.12233935,50.83235263],[7.13307066,50.83047769],[7.14417297,50.8299636],[7.1552206,50.83083008],[7.15852581,50.83152239],[7.17623061,50.8192839],[7.18827667,50.8262684],[7.19343732,50.82269949],[7.191825,50.82181886],[7.17729979,50.81660616],[7.16145088,50.81328665],[7.14488562,50.81198748],[7.12823848,50.81275839],[7.11214705,50.81556983]]],[[[7.19576461,50.85298066],[7.19873683,50.85977515],[7.19955813,50.86680609],[7.19839979,50.87275642],[7.22442152,50.88062775],[7.22592849,50.87773736],[7.22796551,50.86724096],[7.22672722,50.85669478],[7.22226336,50.84650402],[7.21474737,50.83705998],[7.21310221,50.83572584],[7.19306597,50.84958742],[7.19576461,50.85298066]]],[[[7.08980475,50.87896129],[7.08969759,50.87882617],[7.08674017,50.87202909],[7.0859358,50.86499754],[7.08712514,50.85896229],[7.06116109,50.85107217],[7.05960618,50.85403507],[7.05753207,50.86452813],[7.05873228,50.87507567],[7.06316286,50.88527226],[7.069337,50.89306226],[7.08980475,50.87896129]]],[[[7.22069232,50.88778042],[7.22146819,50.88629229],[7.21845912,50.89027596],[7.22069232,50.88778042]]],[[[7.20153638,50.90499312],[7.21245648,50.89698377],[7.21248674,50.89694995],[7.1860464,50.88895121],[7.1819285,50.8919705],[7.1731396,50.89630713],[7.16318044,50.8994752],[7.15243434,50.90135274],[7.1413151,50.90186743],[7.130251,50.90099946],[7.12130275,50.89912474],[7.10143296,50.91281324],[7.10811711,50.9152137],[7.12399645,50.91854072],[7.1405988,50.91984323],[7.15728402,50.91907096],[7.17340874,50.91625369],[7.18835138,50.9115],[7.20153638,50.90499312]]]],"type":"MultiPolygon"},"properties":{"upper_limit_alt_ref":"MSL","upper_limit_altitude":2500.0,"lower_limit_altitude":447.83466,"lower_limit_alt_ref":"MSL","legal_ref":"NfL 2026-1-3960","generated_name_EN":"Koeln/Bonn (EDDK) zone 3","lower_limit_unit":"ft","type_code_detail":"U_CONTROL_ZONE_3","external_reference":"66_6000","name":["Koeln/Bonn (EDDK) Zone 3"],"upper_limit_unit":"ft","generated_name_DE":"Koeln/Bonn (EDDK) Zone 3","type_code":"KONTROLLZONE"}},{"type":"Feature","geometry":{"coordinates":[[[7.06014124,50.99714777],[7.07008993,50.99045465],[7.08003575,50.98376068],[7.08997872,50.97706585],[7.09991883,50.97037017],[7.10985607,50.96367363],[7.11979046,50.95697624],[7.129722,50.950278],[7.13733449,50.94933573],[7.14494667,50.94839297],[7.15255854,50.94744971],[7.1601701,50.94650595],[7.16778136,50.9455617],[7.1753923,50.94461695],[7.18300294,50.94367171],[7.19061327,50.94272597],[7.19822329,50.94177973],[7.205833,50.940833],[7.21757518,50.94428283],[7.2293191,50.94773147],[7.24106476,50.95117893],[7.25281215,50.95462521],[7.26456128,50.9580703],[7.27631215,50.96151421],[7.28806476,50.96495693],[7.2998191,50.96839847],[7.31157518,50.97183883],[7.323333,50.975278],[7.33001136,50.96622418],[7.33668713,50.95716996],[7.3433603,50.94811535],[7.35003087,50.93906034],[7.35669886,50.93000493],[7.36336426,50.92094914],[7.37002707,50.91189294],[7.3766873,50.90283636],[7.38334494,50.89377937],[7.39,50.884722],[7.37857597,50.88139374],[7.36715357,50.87806435],[7.3557328,50.87473385],[7.34431366,50.87140222],[7.33289615,50.86806948],[7.32148026,50.86473562],[7.310066,50.86140064],[7.29865337,50.85806455],[7.28724237,50.85472733],[7.275833,50.851389],[7.28551189,50.84483707],[7.29518806,50.83828434],[7.30486153,50.83173079],[7.31453229,50.82517643],[7.32420033,50.81862127],[7.33386568,50.8120653],[7.34352831,50.80550852],[7.35318825,50.79895093],[7.36284547,50.79239253],[7.3725,50.78583333],[7.36179268,50.77956],[7.35108821,50.77328568],[7.34038662,50.76701037],[7.32968789,50.76073407],[7.31899201,50.75445679],[7.308299,50.74817851],[7.29760885,50.74189925],[7.28692156,50.73561901],[7.27623713,50.72933777],[7.26555556,50.72305556],[7.2562614,50.72944777],[7.24696471,50.73583924],[7.23766549,50.74222996],[7.22836373,50.74861993],[7.21905945,50.75500915],[7.20975263,50.76139762],[7.20044328,50.76778534],[7.19113139,50.77417231],[7.18181696,50.78055853],[7.1725,50.786944],[7.16369572,50.78772479],[7.15489114,50.78850492],[7.14608627,50.78928438],[7.13728111,50.79006318],[7.12847565,50.79084131],[7.11966991,50.79161878],[7.11086387,50.79239558],[7.10205754,50.79317172],[7.09325091,50.79394719],[7.084444,50.794722],[7.07938702,50.79319519],[7.07433036,50.79166816],[7.06927404,50.7901409],[7.06421805,50.78861343],[7.05916238,50.78708574],[7.05410705,50.78555783],[7.04905204,50.7840297],[7.04399736,50.78250136],[7.03894302,50.78097279],[7.033889,50.779444],[7.02781526,50.78766775],[7.02173939,50.79589116],[7.01566139,50.80411425],[7.00958126,50.81233701],[7.00349899,50.82055944],[6.99741458,50.82878155],[6.99132803,50.83700332],[6.98523935,50.84522477],[6.97914852,50.85344588],[6.97305556,50.86166667],[6.9671766,50.87039029],[6.96129544,50.87911361],[6.95541209,50.88783662],[6.94952654,50.89655932],[6.94363879,50.90528171],[6.93774884,50.91400379],[6.93185668,50.92272556],[6.92596233,50.93144702],[6.92006577,50.94016816],[6.914167,50.948889],[6.92576277,50.95572753],[6.93736194,50.96256489],[6.94896451,50.9694011],[6.9605705,50.97623614],[6.97217989,50.98307003],[6.98379269,50.98990275],[6.9954089,50.99673431],[7.00702852,51.0035647],[7.01865155,51.01039393],[7.030278,51.017222],[7.04023528,51.01053145],[7.05018969,51.00384004],[7.06014124,50.99714777]],[[7.21474737,50.83705998],[7.22226336,50.84650402],[7.22672722,50.85669478],[7.22796551,50.86724096],[7.22592849,50.87773736],[7.22442152,50.88062775],[7.22550039,50.88095409],[7.22146819,50.88629229],[7.22069232,50.88778042],[7.21845912,50.89027596],[7.21324472,50.89717926],[7.21248674,50.89694995],[7.21245648,50.89698377],[7.20153638,50.90499312],[7.18835138,50.9115],[7.17340874,50.91625369],[7.15728402,50.91907096],[7.1405988,50.91984323],[7.12399645,50.91854072],[7.10811711,50.9152137],[7.10143296,50.91281324],[7.09148292,50.91966792],[7.07053486,50.90750449],[7.07436435,50.90486756],[7.06233785,50.89788422],[7.069337,50.89306226],[7.06316286,50.88527226],[7.05873228,50.87507567],[7.05753207,50.86452813],[7.05960618,50.85403507],[7.06116109,50.85107217],[7.05360734,50.84877669],[7.0659048,50.83256864],[7.07316967,50.83477606],[7.08405283,50.82680937],[7.09722783,50.82031409],[7.11214705,50.81556983],[7.12823848,50.81275839],[7.14488562,50.81198748],[7.16145088,50.81328665],[7.17729979,50.81660616],[7.191825,50.82181886],[7.19343732,50.82269949],[7.20316863,50.81596967],[7.2241114,50.8281094],[7.21310221,50.83572584],[7.21474737,50.83705998]]],"type":"Polygon"},"properties":{"upper_limit_alt_ref":"MSL","upper_limit_altitude":2500.0,"lower_limit_altitude":628.28086,"lower_limit_alt_ref":"MSL","legal_ref":"NfL 2026-1-3960","generated_name_EN":"Koeln/Bonn (EDDK) zone 4","lower_limit_unit":"ft","type_code_detail":"U_CONTROL_ZONE_4","external_reference":"962_ctr","name":["Koeln/Bonn (EDDK) Zone 4"],"upper_limit_unit":"ft","generated_name_DE":"Koeln/Bonn (EDDK) Zone 4","type_code":"KONTROLLZONE"}},{"type":"Feature","geometry":{"coordinates":[[[[7.49128066,51.42233754],[7.45194444,51.40833333],[7.44417961,51.41680793],[7.43641191,51.425282],[7.42864133,51.43375554],[7.42086788,51.44222856],[7.41309154,51.45070105],[7.40531233,51.45917301],[7.39753024,51.46764444],[7.38974527,51.47611534],[7.38195741,51.48458571],[7.37416667,51.49305556],[7.41361358,51.50703228],[7.45308462,51.52099569],[7.4925798,51.53494579],[7.53209912,51.54888255],[7.54862967,51.55470302],[7.53940408,51.54740336],[7.53171071,51.53797939],[7.52711595,51.52780038],[7.52579443,51.51725784],[7.52779467,51.50675701],[7.53303762,51.49670125],[7.54131997,51.48747657],[7.5523223,51.47943686],[7.56562145,51.47289038],[7.58070691,51.46808805],[7.59700031,51.46521384],[7.61024516,51.46455779],[7.60943357,51.46427065],[7.57002522,51.45030621],[7.53064092,51.4363285],[7.49128066,51.42233754]]],[[[7.73005798,51.61836579],[7.76972222,51.63222222],[7.77740169,51.62378009],[7.78507831,51.61533744],[7.79275208,51.60689428],[7.80042301,51.5984506],[7.80809109,51.59000641],[7.81575633,51.58156171],[7.82341873,51.57311649],[7.83107828,51.56467077],[7.838735,51.55622453],[7.84638889,51.54777778],[7.80683617,51.53389327],[7.76730753,51.5199954],[7.72780295,51.50608419],[7.68832243,51.49215966],[7.68706741,51.49171632],[7.69270185,51.49858978],[7.69733082,51.50876258],[7.69869179,51.51930347],[7.69673021,51.52980745],[7.69151926,51.5398707],[7.68325737,51.54910605],[7.67226086,51.55715799],[7.65895199,51.5637164],[7.64384275,51.56852856],[7.62751515,51.57140897],[7.61059858,51.57224659],[7.59530192,51.57112342],[7.6112102,51.576716],[7.65080197,51.59061266],[7.69041789,51.60449593],[7.73005798,51.61836579]]]],"type":"MultiPolygon"},"properties":{"upper_limit_alt_ref":"MSL","upper_limit_altitude":2500.0,"lower_limit_altitude":751.31236,"lower_limit_alt_ref":"MSL","legal_ref":"NfL 2026-1-3981","generated_name_EN":"Dortmund (EDLW) zone 4","lower_limit_unit":"ft","type_code_detail":"U_CONTROL_ZONE_4","external_reference":"926_ctr","name":["Dortmund (EDLW) Zone 4"],"upper_limit_unit":"ft","generated_name_DE":"Dortmund (EDLW) Zone 4","type_code":"KONTROLLZONE"}},{"type":"Feature","geometry":{"coordinates":[[[6.80135811,51.28911701],[6.80128486,51.28803085],[6.80054055,51.28621339],[6.79921084,51.2845324],[6.79735373,51.28306111],[6.79728485,51.28301694],[6.7971286,51.28291825],[6.79705197,51.2828706],[6.79701092,51.28284517],[6.79693396,51.28279769],[6.79606801,51.28236029],[6.7955015,51.28186239],[6.79473365,51.28076788],[6.7939839,51.27992803],[6.79384109,51.27979106],[6.79370351,51.27960192],[6.79323812,51.27909659],[6.79315178,51.27899459],[6.79207659,51.27734506],[6.79203124,51.27729144],[6.7903473,51.27572424],[6.7895557,51.2752455],[6.78831426,51.27413124],[6.78781595,51.27313028],[6.78649019,51.27159709],[6.78537049,51.27055743],[6.7834355,51.26911402],[6.78106315,51.26795559],[6.77835784,51.2671331],[6.77543859,51.26668272],[6.77247102,51.266625],[6.77123917,51.26623687],[6.77112382,51.26619785],[6.77105143,51.26617337],[6.77070696,51.26606061],[6.76997183,51.26582787],[6.76917583,51.26559478],[6.76913198,51.26558295],[6.7689632,51.26553114],[6.76800236,51.26499085],[6.76795665,51.26496791],[6.76629771,51.26424917],[6.76623841,51.26422717],[6.76448332,51.26367419],[6.76441467,51.26365614],[6.76284581,51.26330934],[6.76276759,51.26329519],[6.7614333,51.26309668],[6.7613447,51.26308628],[6.76023699,51.26298416],[6.76014395,51.2629779],[6.75908997,51.26293157],[6.75899519,51.2629296],[6.7579748,51.26293121],[6.75787797,51.26293353],[6.75691335,51.26297711],[6.75681406,51.26298371],[6.75635542,51.26301892],[6.75544532,51.26309815],[6.75542027,51.26310032],[6.75519598,51.26312098],[6.75479871,51.26308643],[6.754553,51.26307604],[6.75439505,51.26305714],[6.75175045,51.26289785],[6.74910444,51.26304758],[6.74654793,51.26350117],[6.74416878,51.26424304],[6.74388476,51.26437764],[6.7437987,51.26440576],[6.70706341,51.24686785],[6.68970752,51.26117202],[6.69075876,51.26167396],[6.68641751,51.26525151],[6.72779103,51.28500428],[6.7277459,51.28515919],[6.72771797,51.2852656],[6.72764672,51.28556935],[6.72762319,51.28568313],[6.72757503,51.28594639],[6.7275554,51.28606969],[6.72752502,51.28628724],[6.72750829,51.28642648],[6.72748939,51.28660847],[6.72747566,51.28676512],[6.72746045,51.2869899],[6.72745368,51.28713195],[6.72744728,51.28739807],[6.72744722,51.2875308],[6.72745517,51.28783252],[6.72746184,51.28795803],[6.72748486,51.2882493],[6.72749489,51.28834481],[6.72752668,51.28859449],[6.72754118,51.28869138],[6.7275823,51.28893132],[6.72760128,51.28902965],[6.72765069,51.28926051],[6.72767416,51.28936033],[6.72773097,51.28958264],[6.72775895,51.289684],[6.72782161,51.28989581],[6.72785412,51.2899988],[6.72792202,51.29020165],[6.72795911,51.2903064],[6.72803051,51.29049815],[6.72807219,51.29060478],[6.72815223,51.29080004],[6.72820282,51.29091796],[6.7282974,51.29112821],[6.72835144,51.29124299],[6.72845863,51.29146045],[6.72851626,51.29157234],[6.72863575,51.29179436],[6.72869702,51.29190349],[6.72881367,51.29210366],[6.72886273,51.29218485],[6.72897326,51.29236208],[6.7290243,51.29244142],[6.7291438,51.29262154],[6.72919679,51.29269903],[6.72932685,51.29288347],[6.72938181,51.29295911],[6.72952244,51.29314687],[6.72957938,51.29322066],[6.72973074,51.29341106],[6.72978964,51.29348301],[6.72995263,51.29367626],[6.73001349,51.29374635],[6.73018838,51.29394191],[6.73025122,51.29401016],[6.73045044,51.29421992],[6.730526,51.29429707],[6.73073659,51.29450562],[6.73081797,51.29458382],[6.73102508,51.29477729],[6.73111269,51.29485689],[6.73130943,51.29503116],[6.73140384,51.29511272],[6.73159014,51.29527001],[6.73169124,51.29535346],[6.73186124,51.29549099],[6.73197128,51.29557825],[6.73219127,51.29574841],[6.73244972,51.2959434],[6.73267436,51.29610878],[6.73288487,51.29626001],[6.73323336,51.2965014],[6.73341227,51.2966209],[6.7337291,51.2968259],[6.73378674,51.29686203],[6.73409054,51.29704691],[6.73422696,51.29712751],[6.73637592,51.2981746],[6.73880186,51.29894821],[6.74141734,51.29942045],[6.74412806,51.2995743],[6.74683632,51.29940422],[6.74944448,51.29891632],[6.75000765,51.29873247],[6.75001667,51.2987326],[6.75197051,51.2996612],[6.75632131,51.30174791],[6.75642807,51.30179862],[6.75959838,51.30328971],[6.76253572,51.30468432],[6.76491787,51.30581956],[6.76907872,51.30782075],[6.76924766,51.307902],[6.76937177,51.30796101],[6.77013362,51.30831921],[6.77030927,51.30840049],[6.77042247,51.30845205],[6.7706652,51.30856019],[6.77083839,51.30863567],[6.77093648,51.30867805],[6.77108685,51.30874242],[6.77156674,51.30893918],[6.77167484,51.30898159],[6.77233345,51.30922491],[6.77240847,51.30925096],[6.77313903,51.30948777],[6.77320998,51.30950917],[6.77408632,51.3097513],[6.77415486,51.30976855],[6.77516645,51.30999591],[6.77523331,51.31000919],[6.77559615,51.31007622],[6.77611925,51.31020903],[6.77620103,51.31022714],[6.77730548,51.31044065],[6.77739292,51.31045516],[6.77842882,51.3106016],[6.77852188,51.3106125],[6.77947508,51.31070352],[6.77957376,51.31071082],[6.78038912,51.31075643],[6.78047725,51.31075977],[6.78118649,51.31077565],[6.78127732,51.31077628],[6.7818615,51.31077176],[6.82454197,51.33107364],[6.82887513,51.32749415],[6.83124845,51.32862296],[6.84858705,51.31429774],[6.80737611,51.29470022],[6.80676237,51.29400008],[6.80401094,51.29147873],[6.80238682,51.28998956],[6.80214832,51.28977087],[6.80158284,51.28925319],[6.80153528,51.28927362],[6.80135811,51.28911701]]],"type":"Polygon"},"properties":{"upper_limit_alt_ref":"MSL","upper_limit_altitude":2500.0,"lower_limit_altitude":0.0,"lower_limit_alt_ref":"AGL","legal_ref":"NfL 2026-1-3960","generated_name_EN":"Duesseldorf (EDDL) zone 1","lower_limit_unit":"m","type_code_detail":"U_CONTROL_ZONE_1","external_reference":"DFSDEFPFHXX51286870067663470000220","name":["Duesseldorf (EDDL) Zone 1"],"upper_limit_unit":"ft","generated_name_DE":"Duesseldorf (EDDL) Zone 1","type_code":"KONTROLLZONE"}},{"type":"Feature","geometry":{"coordinates":[[[[6.80591367,51.26185907],[6.79904968,51.25627878],[6.79058423,51.25164539],[6.78084254,51.24813665],[6.77019849,51.24588714],[6.75906034,51.2449831],[6.74785517,51.24545919],[6.73701261,51.24729713],[6.72694845,51.25042645],[6.72077061,51.25341185],[6.7437987,51.26440576],[6.74388476,51.26437764],[6.74416878,51.26424304],[6.74654793,51.26350117],[6.74910444,51.26304758],[6.75175045,51.26289785],[6.75439505,51.26305714],[6.754553,51.26307604],[6.75479871,51.26308643],[6.75519598,51.26312098],[6.75542027,51.26310032],[6.75544532,51.26309815],[6.75635542,51.26301892],[6.75681406,51.26298371],[6.75691335,51.26297711],[6.75787797,51.26293353],[6.7579748,51.26293121],[6.75899519,51.2629296],[6.75908997,51.26293157],[6.76014395,51.2629779],[6.76023699,51.26298416],[6.7613447,51.26308628],[6.7614333,51.26309668],[6.76276759,51.26329519],[6.76284581,51.26330934],[6.76441467,51.26365614],[6.76448332,51.26367419],[6.76623841,51.26422717],[6.76629771,51.26424917],[6.76795665,51.26496791],[6.76800236,51.26499085],[6.7689632,51.26553114],[6.76913198,51.26558295],[6.76917583,51.26559478],[6.76997183,51.26582787],[6.77070696,51.26606061],[6.77105143,51.26617337],[6.77112382,51.26619785],[6.77123917,51.26623687],[6.77247102,51.266625],[6.77543859,51.26668272],[6.77835784,51.2671331],[6.78106315,51.26795559],[6.7834355,51.26911402],[6.78537049,51.27055743],[6.78649019,51.27159709],[6.78781595,51.27313028],[6.78831426,51.27413124],[6.7895557,51.2752455],[6.7903473,51.27572424],[6.79203124,51.27729144],[6.79207659,51.27734506],[6.79315178,51.27899459],[6.79323812,51.27909659],[6.79370351,51.27960192],[6.79384109,51.27979106],[6.7939839,51.27992803],[6.79473365,51.28076788],[6.7955015,51.28186239],[6.79606801,51.28236029],[6.79693396,51.28279769],[6.79701092,51.28284517],[6.79705197,51.2828706],[6.7971286,51.28291825],[6.79728485,51.28301694],[6.79735373,51.28306111],[6.79921084,51.2845324],[6.80054055,51.28621339],[6.80128486,51.28803085],[6.80135811,51.28911701],[6.80153528,51.28927362],[6.80158284,51.28925319],[6.80214832,51.28977087],[6.80238682,51.28998956],[6.80401094,51.29147873],[6.80676237,51.29400008],[6.80737611,51.29470022],[6.80955347,51.29573564],[6.80960354,51.29568092],[6.81318631,51.28899945],[6.81462067,51.28200808],[6.81385245,51.27497556],[6.81091216,51.26817213],[6.80591367,51.26185907]]],[[[6.70075597,51.28684476],[6.70368098,51.29365075],[6.70866862,51.299968],[6.71552783,51.30555351],[6.72399529,51.31019232],[6.73374549,51.31370586],[6.74440325,51.31595884],[6.75555821,51.31686447],[6.76678075,51.31638786],[6.77763858,51.31454736],[6.78499131,51.31226052],[6.7818615,51.31077176],[6.78127732,51.31077628],[6.78118649,51.31077565],[6.78047725,51.31075977],[6.78038912,51.31075643],[6.77957376,51.31071082],[6.77947508,51.31070352],[6.77852188,51.3106125],[6.77842882,51.3106016],[6.77739292,51.31045516],[6.77730548,51.31044065],[6.77620103,51.31022714],[6.77611925,51.31020903],[6.77559615,51.31007622],[6.77523331,51.31000919],[6.77516645,51.30999591],[6.77415486,51.30976855],[6.77408632,51.3097513],[6.77320998,51.30950917],[6.77313903,51.30948777],[6.77240847,51.30925096],[6.77233345,51.30922491],[6.77167484,51.30898159],[6.77156674,51.30893918],[6.77108685,51.30874242],[6.77093648,51.30867805],[6.77083839,51.30863567],[6.7706652,51.30856019],[6.77042247,51.30845205],[6.77030927,51.30840049],[6.77013362,51.30831921],[6.76937177,51.30796101],[6.76924766,51.307902],[6.76907872,51.30782075],[6.76491787,51.30581956],[6.76253572,51.30468432],[6.75959838,51.30328971],[6.75642807,51.30179862],[6.75632131,51.30174791],[6.75197051,51.2996612],[6.75001667,51.2987326],[6.75000765,51.29873247],[6.74944448,51.29891632],[6.74683632,51.29940422],[6.74412806,51.2995743],[6.74141734,51.29942045],[6.73880186,51.29894821],[6.73637592,51.2981746],[6.73422696,51.29712751],[6.73409054,51.29704691],[6.73378674,51.29686203],[6.7337291,51.2968259],[6.73341227,51.2966209],[6.73323336,51.2965014],[6.73288487,51.29626001],[6.73267436,51.29610878],[6.73244972,51.2959434],[6.73219127,51.29574841],[6.73197128,51.29557825],[6.73186124,51.29549099],[6.73169124,51.29535346],[6.73159014,51.29527001],[6.73140384,51.29511272],[6.73130943,51.29503116],[6.73111269,51.29485689],[6.73102508,51.29477729],[6.73081797,51.29458382],[6.73073659,51.29450562],[6.730526,51.29429707],[6.73045044,51.29421992],[6.73025122,51.29401016],[6.73018838,51.29394191],[6.73001349,51.29374635],[6.72995263,51.29367626],[6.72978964,51.29348301],[6.72973074,51.29341106],[6.72957938,51.29322066],[6.72952244,51.29314687],[6.72938181,51.29295911],[6.72932685,51.29288347],[6.72919679,51.29269903],[6.7291438,51.29262154],[6.7290243,51.29244142],[6.72897326,51.29236208],[6.72886273,51.29218485],[6.72881367,51.29210366],[6.72869702,51.29190349],[6.72863575,51.29179436],[6.72851626,51.29157234],[6.72845863,51.29146045],[6.72835144,51.29124299],[6.7282974,51.29112821],[6.72820282,51.29091796],[6.72815223,51.29080004],[6.72807219,51.29060478],[6.72803051,51.29049815],[6.72795911,51.2903064],[6.72792202,51.29020165],[6.72785412,51.2899988],[6.72782161,51.28989581],[6.72775895,51.289684],[6.72773097,51.28958264],[6.72767416,51.28936033],[6.72765069,51.28926051],[6.72760128,51.28902965],[6.7275823,51.28893132],[6.72754118,51.28869138],[6.72752668,51.28859449],[6.72749489,51.28834481],[6.72748486,51.2882493],[6.72746184,51.28795803],[6.72745517,51.28783252],[6.72744722,51.2875308],[6.72744728,51.28739807],[6.72745368,51.28713195],[6.72746045,51.2869899],[6.72747566,51.28676512],[6.72748939,51.28660847],[6.72750829,51.28642648],[6.72752502,51.28628724],[6.7275554,51.28606969],[6.72757503,51.28594639],[6.72762319,51.28568313],[6.72764672,51.28556935],[6.72771797,51.2852656],[6.7277459,51.28515919],[6.72779103,51.28500428],[6.7016236,51.27251128],[6.70145629,51.27282194],[6.70000511,51.27981172],[6.70075597,51.28684476]]]],"type":"MultiPolygon"},"properties":{"upper_limit_alt_ref":"MSL","upper_limit_altitude":2500.0,"lower_limit_altitude":229.00263199999998,"lower_limit_alt_ref":"MSL","legal_ref":"NfL 2026-1-3960","generated_name_EN":"Duesseldorf (EDDL) zone 2","lower_limit_unit":"ft","type_code_detail":"U_CONTROL_ZONE_2","external_reference":"67_4000","name":["Duesseldorf (EDDL) Zone 2"],"upper_limit_unit":"ft","generated_name_DE":"Duesseldorf (EDDL) Zone 2","type_code":"KONTROLLZONE"}},{"type":"Feature","geometry":{"coordinates":[[[6.68879402,51.18603904],[6.656944,51.170833],[6.6470712,51.17914241],[6.63719485,51.18745098],[6.62731494,51.19575869],[6.61743149,51.20406557],[6.60754447,51.21237159],[6.5976539,51.22067677],[6.58775977,51.2289811],[6.57786208,51.23728458],[6.56796082,51.24558722],[6.558056,51.253889],[6.56017642,51.25494146],[6.56229694,51.25599387],[6.56441756,51.25704625],[6.56653827,51.25809859],[6.56865908,51.25915089],[6.56868245,51.26020701],[6.56879481,51.26264648],[6.56898858,51.26508393],[6.5692637,51.26751831],[6.56962007,51.26994853],[6.57005752,51.27237354],[6.5705759,51.27479226],[6.57117498,51.27720364],[6.5718545,51.27960662],[6.5726142,51.28200014],[6.57345374,51.28438315],[6.57437276,51.28675461],[6.57537089,51.28911346],[6.57644768,51.29145868],[6.57760268,51.29378924],[6.5788354,51.2961041],[6.58014529,51.29840226],[6.58153181,51.30068269],[6.58299434,51.30294441],[6.58453226,51.30518641],[6.58614491,51.3074077],[6.58783157,51.30960732],[6.58959153,51.31178428],[6.59142401,51.31393764],[6.59332823,51.31606644],[6.59530334,51.31816976],[6.5973485,51.32024665],[6.59946281,51.32229621],[6.60164534,51.32431754],[6.60389516,51.32630974],[6.60621126,51.32827194],[6.60859265,51.33020327],[6.61103828,51.33210289],[6.61354708,51.33396994],[6.61611795,51.33580362],[6.61874976,51.33760311],[6.62144137,51.33936762],[6.62419159,51.34109637],[6.62699922,51.3427886],[6.62986303,51.34444356],[6.63278175,51.34606053],[6.6357541,51.34763878],[6.63877879,51.34917763],[6.64185448,51.3506764],[6.64497981,51.35213441],[6.64815342,51.35355104],[6.6513739,51.35492565],[6.65463985,51.35625764],[6.65794982,51.35754641],[6.66130235,51.35879141],[6.66469597,51.35999208],[6.66812918,51.36114789],[6.67160047,51.36225833],[6.67510831,51.36332292],[6.67865116,51.36434117],[6.68222744,51.36531264],[6.68583558,51.3662369],[6.689474,51.36711355],[6.69314108,51.36794219],[6.69683521,51.36872247],[6.70055475,51.36945402],[6.70429807,51.37013654],[6.7080635,51.37076972],[6.7118494,51.37135328],[6.71565408,51.37188697],[6.71947586,51.37237054],[6.72331306,51.37280378],[6.72716398,51.37318651],[6.73102693,51.37351854],[6.73490018,51.37379975],[6.73878203,51.37402999],[6.74267077,51.37420918],[6.74656468,51.37433723],[6.75046203,51.37441408],[6.75436111,51.3744397],[6.75826019,51.37441408],[6.76215754,51.37433723],[6.76605145,51.37420918],[6.76994019,51.37402999],[6.77382204,51.37379975],[6.7776953,51.37351854],[6.78155824,51.37318651],[6.78540916,51.37280378],[6.78924636,51.37237054],[6.79306814,51.37188697],[6.79687282,51.37135328],[6.80065872,51.37076972],[6.8040566,51.37020069],[6.81145145,51.37371053],[6.81884743,51.37721991],[6.82624454,51.38072881],[6.83364278,51.38423725],[6.84104216,51.38774521],[6.84844266,51.39125271],[6.8558443,51.39475974],[6.86324707,51.39826629],[6.87065097,51.40177238],[6.878056,51.405278],[6.88790527,51.39700397],[6.89775098,51.3887291],[6.90759314,51.38045339],[6.91743175,51.37217685],[6.92726682,51.36389946],[6.93709834,51.35562124],[6.94692631,51.34734218],[6.95675075,51.33906229],[6.96657164,51.33078156],[6.976389,51.3225],[6.94434986,51.30737277],[6.91233178,51.29223674],[6.88033476,51.27709192],[6.84835878,51.26193832],[6.83147382,51.25392655],[6.83770181,51.26178688],[6.84211795,51.27199108],[6.84327678,51.28253965],[6.84113156,51.2930273],[6.83576255,51.30305079],[6.83248163,51.30663894],[6.84858705,51.31429774],[6.83124845,51.32862296],[6.82887513,51.32749415],[6.82454197,51.33107364],[6.80904103,51.32370029],[6.80292982,51.32665598],[6.78781324,51.33135783],[6.77152075,51.33411954],[6.75468042,51.33483465],[6.73794166,51.3334756],[6.72194987,51.33009483],[6.70732138,51.32482271],[6.69461944,51.31786246],[6.68433244,51.30948225],[6.67685507,51.3000048],[6.67247328,51.28979486],[6.67135351,51.27924511],[6.67353657,51.26876105],[6.6789364,51.25874536],[6.68734376,51.24958249],[6.69843447,51.24162395],[6.71178206,51.23517489],[6.72687422,51.23048249],[6.74313235,51.22772653],[6.75993361,51.22701259],[6.77663455,51.22836805],[6.77848902,51.22875995],[6.75255695,51.21642497],[6.72066499,51.20123637],[6.68879402,51.18603904]]],"type":"Polygon"},"properties":{"upper_limit_alt_ref":"MSL","upper_limit_altitude":2500.0,"lower_limit_altitude":475.06563200000005,"lower_limit_alt_ref":"MSL","legal_ref":"NfL 2026-1-3960","generated_name_EN":"Duesseldorf (EDDL) zone 4","lower_limit_unit":"ft","type_code_detail":"U_CONTROL_ZONE_4","external_reference":"928_ctr","name":["Duesseldorf (EDDL) Zone 4"],"upper_limit_unit":"ft","generated_name_DE":"Duesseldorf (EDDL) Zone 4","type_code":"KONTROLLZONE"}},{"type":"Feature","geometry":{"coordinates":[[[11.81105238,48.33349675],[11.81093217,48.33348863],[11.80994513,48.33342496],[11.80975498,48.3334127],[11.80238179,48.33285149],[11.79948214,48.33262915],[11.79921524,48.33261047],[11.79797791,48.33253216],[11.79535531,48.33231319],[11.79528912,48.33230777],[11.79190349,48.33203633],[11.79189471,48.33202808],[11.79008738,48.33086645],[11.78798857,48.32994828],[11.78567097,48.32930534],[11.78321487,48.32895993],[11.78193502,48.32886163],[11.78190629,48.32885942],[11.77904947,48.32884211],[11.77625128,48.32922646],[11.77363724,48.32999523],[11.77261126,48.33049155],[11.77224819,48.33046377],[11.76013551,48.32952022],[11.75741146,48.3292931],[11.75738245,48.3292907],[11.75110631,48.32877639],[11.75107271,48.32877366],[11.75080565,48.32875222],[11.75070615,48.32874448],[11.74019183,48.32795269],[11.73920596,48.32790272],[11.73898724,48.327897],[11.73621648,48.32801526],[11.73597575,48.32804232],[11.73326764,48.32854489],[11.73322159,48.32855701],[11.73071936,48.32942704],[11.72970862,48.32987387],[11.72956212,48.32995819],[11.68559446,48.32654348],[11.68246593,48.34440667],[11.72812377,48.34795201],[11.72853023,48.34817815],[11.72888088,48.34918973],[11.72924926,48.35025237],[11.7294231,48.35076887],[11.70209613,48.34864941],[11.69897205,48.36651289],[11.74223015,48.36986459],[11.74353442,48.37077868],[11.74373155,48.37089809],[11.74597139,48.37199673],[11.74601342,48.37201319],[11.7484565,48.37276273],[11.74866817,48.3728113],[11.7512322,48.37321829],[11.7512554,48.37322041],[11.75157838,48.37324723],[11.75430394,48.37345133],[11.75592234,48.37357276],[11.76444587,48.37424216],[11.76779841,48.37453436],[11.76999613,48.37472583],[11.7701814,48.3747411],[11.77312045,48.37496958],[11.77491732,48.37510922],[11.77604383,48.3751968],[11.78472228,48.37587082],[11.78487889,48.37588236],[11.78685505,48.37602018],[11.79194207,48.37642912],[11.7924601,48.37647117],[11.79253994,48.3764775],[11.79451185,48.37662963],[11.79993158,48.37704738],[11.8155664,48.37827171],[11.81938049,48.37860458],[11.81992294,48.37865191],[11.82003415,48.37866131],[11.82124117,48.37875983],[11.82178867,48.37880454],[11.82193528,48.37881597],[11.8239886,48.37896843],[11.82584568,48.37911289],[11.82587465,48.37911512],[11.82843618,48.37931059],[11.82845558,48.37931206],[11.82913154,48.37936297],[11.83037469,48.3794578],[11.83048971,48.37946624],[11.83159955,48.37954447],[11.83430675,48.37955338],[11.8343536,48.37955039],[11.83695004,48.37921106],[11.83720521,48.37915998],[11.83929465,48.37861174],[11.83933007,48.37860009],[11.84126025,48.37782566],[11.84184413,48.37754461],[11.84188754,48.37752235],[11.8866796,48.38093521],[11.88973842,48.36306798],[11.84567415,48.3597104],[11.84560239,48.35964227],[11.84506599,48.35916722],[11.84504535,48.35915015],[11.84386757,48.35829523],[11.84367476,48.35817224],[11.84271981,48.35761793],[11.84254161,48.35752392],[11.84164934,48.35709151],[11.84148382,48.35701799],[11.84043504,48.35659669],[11.84042374,48.3565926],[11.87008876,48.35885622],[11.8731521,48.34098925],[11.82869737,48.33759384],[11.82782277,48.33696372],[11.82727029,48.33664751],[11.82577554,48.33590514],[11.82488017,48.33552158],[11.82302526,48.33485719],[11.82287165,48.33481209],[11.82056537,48.3342948],[11.82037463,48.33426446],[11.8187589,48.33407583],[11.81144896,48.33352496],[11.81135254,48.33351792],[11.81105238,48.33349675]]],"type":"Polygon"},"properties":{"upper_limit_alt_ref":"MSL","upper_limit_altitude":3500.0,"lower_limit_altitude":0.0,"lower_limit_alt_ref":"AGL","legal_ref":"NfL 2026-1-3960","generated_name_EN":"Muenchen (EDDM) zone 1","lower_limit_unit":"m","type_code_detail":"U_CONTROL_ZONE_1","external_reference":"DFSDEFPFHXX48353833117861670000220","name":["Muenchen (EDDM) Zone 1"],"upper_limit_unit":"ft","generated_name_DE":"Muenchen (EDDM) Zone 1","type_code":"KONTROLLZONE"}},{"type":"Feature","geometry":{"coordinates":[[[[11.81439877,48.32316823],[11.80489869,48.32007448],[11.79467696,48.31827536],[11.78412567,48.31783987],[11.77364945,48.31878474],[11.76365009,48.32107375],[11.75451122,48.3246191],[11.74786523,48.32853055],[11.75070615,48.32874448],[11.75080565,48.32875222],[11.75107271,48.32877366],[11.75110631,48.32877639],[11.75738245,48.3292907],[11.75741146,48.3292931],[11.76013551,48.32952022],[11.77224819,48.33046377],[11.77261126,48.33049155],[11.77363724,48.32999523],[11.77625128,48.32922646],[11.77904947,48.32884211],[11.78190629,48.32885942],[11.78193502,48.32886163],[11.78321487,48.32895993],[11.78567097,48.32930534],[11.78798857,48.32994828],[11.79008738,48.33086645],[11.79189471,48.33202808],[11.79190349,48.33203633],[11.79528912,48.33230777],[11.79535531,48.33231319],[11.79797791,48.33253216],[11.79921524,48.33261047],[11.79948214,48.33262915],[11.80238179,48.33285149],[11.80975498,48.3334127],[11.80994513,48.33342496],[11.81093217,48.33348863],[11.81105238,48.33349675],[11.81135254,48.33351792],[11.81144896,48.33352496],[11.8187589,48.33407583],[11.82037463,48.33426446],[11.82056537,48.3342948],[11.82287165,48.33481209],[11.82302526,48.33485719],[11.82488017,48.33552158],[11.82577554,48.33590514],[11.82727029,48.33664751],[11.82782277,48.33696372],[11.82869737,48.33759384],[11.83446428,48.33803431],[11.82981729,48.33271973],[11.82281267,48.32743792],[11.81439877,48.32316823]]],[[[11.75773752,48.38439318],[11.76724706,48.38749062],[11.77748189,48.38929192],[11.78804796,48.38972773],[11.79853837,48.38878128],[11.80854917,48.38648904],[11.817695,48.38293928],[11.82438384,48.37899918],[11.8239886,48.37896843],[11.82193528,48.37881597],[11.82178867,48.37880454],[11.82124117,48.37875983],[11.82003415,48.37866131],[11.81992294,48.37865191],[11.81938049,48.37860458],[11.8155664,48.37827171],[11.79993158,48.37704738],[11.79451185,48.37662963],[11.79253994,48.3764775],[11.7924601,48.37647117],[11.79194207,48.37642912],[11.78685505,48.37602018],[11.78487889,48.37588236],[11.78472228,48.37587082],[11.77604383,48.3751968],[11.77491732,48.37510922],[11.77312045,48.37496958],[11.7701814,48.3747411],[11.76999613,48.37472583],[11.76779841,48.37453436],[11.76444587,48.37424216],[11.75592234,48.37357276],[11.75430394,48.37345133],[11.75157838,48.37324723],[11.7512554,48.37322041],[11.7512322,48.37321829],[11.74866817,48.3728113],[11.7484565,48.37276273],[11.74601342,48.37201319],[11.74597139,48.37199673],[11.74373155,48.37089809],[11.74353442,48.37077868],[11.74223015,48.36986459],[11.73767322,48.36951151],[11.74231605,48.37483213],[11.74931926,48.38011884],[11.75773752,48.38439318]]]],"type":"MultiPolygon"},"properties":{"upper_limit_alt_ref":"MSL","upper_limit_altitude":3500.0,"lower_limit_altitude":1568.897688,"lower_limit_alt_ref":"MSL","legal_ref":"NfL 2026-1-3960","generated_name_EN":"Muenchen (EDDM) zone 2","lower_limit_unit":"ft","type_code_detail":"U_CONTROL_ZONE_2","external_reference":"68_4000","name":["Muenchen (EDDM) Zone 2"],"upper_limit_unit":"ft","generated_name_DE":"Muenchen (EDDM) Zone 2","type_code":"KONTROLLZONE"}},{"type":"Feature","geometry":{"coordinates":[[[[11.79896891,48.30052084],[11.7831475,48.29986773],[11.76743848,48.30128444],[11.75244373,48.30471674],[11.73873802,48.31003313],[11.72684718,48.31702986],[11.71722797,48.32543869],[11.71475289,48.32880804],[11.72956212,48.32995819],[11.72970862,48.32987387],[11.73071936,48.32942704],[11.73322159,48.32855701],[11.73326764,48.32854489],[11.73597575,48.32804232],[11.73621648,48.32801526],[11.73898724,48.327897],[11.73920596,48.32790272],[11.74019183,48.32795269],[11.74786523,48.32853055],[11.75451122,48.3246191],[11.76365009,48.32107375],[11.77364945,48.31878474],[11.78412567,48.31783987],[11.79467696,48.31827536],[11.80489869,48.32007448],[11.81439877,48.32316823],[11.82281267,48.32743792],[11.82981729,48.33271973],[11.83446428,48.33803431],[11.86431176,48.34031403],[11.85966156,48.33131682],[11.85166984,48.32218162],[11.84116239,48.31426074],[11.82854318,48.30785795],[11.81429659,48.30321871],[11.79896891,48.30052084]]],[[[11.72812377,48.34795201],[11.70608241,48.34624049],[11.70582754,48.34893882],[11.7294231,48.35076887],[11.72924926,48.35025237],[11.72888088,48.34918973],[11.72853023,48.34817815],[11.72812377,48.34795201]]],[[[11.84254161,48.35752392],[11.84271981,48.35761793],[11.84367476,48.35817224],[11.84386757,48.35829523],[11.84504535,48.35915015],[11.84506599,48.35916722],[11.84560239,48.35964227],[11.84567415,48.3597104],[11.86610888,48.36126747],[11.86635504,48.35857131],[11.84042374,48.3565926],[11.84043504,48.35659669],[11.84148382,48.35701799],[11.84164934,48.35709151],[11.84254161,48.35752392]]],[[[11.77317629,48.40704568],[11.78903095,48.40769952],[11.80477189,48.40627925],[11.81979239,48.40283967],[11.83351373,48.39751337],[11.84540774,48.3905056],[11.85501715,48.3820863],[11.85748694,48.37871092],[11.84188754,48.37752235],[11.84184413,48.37754461],[11.84126025,48.37782566],[11.83933007,48.37860009],[11.83929465,48.37861174],[11.83720521,48.37915998],[11.83695004,48.37921106],[11.8343536,48.37955039],[11.83430675,48.37955338],[11.83159955,48.37954447],[11.83048971,48.37946624],[11.83037469,48.3794578],[11.82913154,48.37936297],[11.82845558,48.37931206],[11.82843618,48.37931059],[11.82587465,48.37911512],[11.82584568,48.37911289],[11.82438384,48.37899918],[11.817695,48.38293928],[11.80854917,48.38648904],[11.79853837,48.38878128],[11.78804796,48.38972773],[11.77748189,48.38929192],[11.76724706,48.38749062],[11.75773752,48.38439318],[11.74931926,48.38011884],[11.74231605,48.37483213],[11.73767322,48.36951151],[11.7078131,48.36719791],[11.71244188,48.37620508],[11.72041796,48.38535019],[11.73092224,48.39328211],[11.74355125,48.39969537],[11.75781911,48.40434292],[11.77317629,48.40704568]]]],"type":"MultiPolygon"},"properties":{"upper_limit_alt_ref":"MSL","upper_limit_altitude":3500.0,"lower_limit_altitude":1634.514488,"lower_limit_alt_ref":"MSL","legal_ref":"NfL 2026-1-3960","generated_name_EN":"Muenchen (EDDM) zone 3","lower_limit_unit":"ft","type_code_detail":"U_CONTROL_ZONE_3","external_reference":"68_6000","name":["Muenchen (EDDM) Zone 3"],"upper_limit_unit":"ft","generated_name_DE":"Muenchen (EDDM) Zone 3","type_code":"KONTROLLZONE"}},{"type":"Feature","geometry":{"coordinates":[[[11.62718011,48.43628021],[11.66245193,48.43918533],[11.69772777,48.44207964],[11.7330076,48.44496313],[11.76829142,48.4478358],[11.80357922,48.45069765],[11.83887097,48.45354868],[11.87416667,48.45638889],[11.88125302,48.45397419],[11.88833871,48.45155905],[11.89542372,48.44914348],[11.90250807,48.44672747],[11.90959173,48.44431102],[11.91667473,48.44189413],[11.92375706,48.43947681],[11.93083871,48.43705905],[11.93791969,48.43464085],[11.945,48.43222222],[11.95280475,48.43280794],[11.96060968,48.43339312],[11.96841479,48.43397778],[11.97622008,48.43456191],[11.98402554,48.43514551],[11.99183119,48.43572858],[11.99963701,48.43631112],[12.00744302,48.43689313],[12.0152492,48.43747461],[12.02305556,48.43805556],[12.02561794,48.4229171],[12.0281788,48.40777855],[12.03073814,48.39263991],[12.03329596,48.37750116],[12.03585227,48.36236232],[12.03840706,48.34722338],[12.04096034,48.33208435],[12.0435121,48.31694522],[12.04606236,48.30180599],[12.04861111,48.28666667],[12.01109018,48.28352728],[11.97357385,48.28037564],[11.93606215,48.27721177],[11.89855508,48.27403566],[11.86105268,48.27084732],[11.82355495,48.26764675],[11.78606191,48.26443395],[11.74857358,48.26120893],[11.71108998,48.25797168],[11.67361111,48.25472222],[11.67033488,48.25741709],[11.66705831,48.26011187],[11.6637814,48.26280655],[11.66050413,48.26550114],[11.65722653,48.26819563],[11.65394858,48.27089003],[11.65067029,48.27358433],[11.64739165,48.27627854],[11.64411266,48.27897265],[11.64083333,48.28166667],[11.63033185,48.28086543],[11.61983069,48.28006323],[11.60932987,48.27926007],[11.59882937,48.27845595],[11.58832921,48.27765087],[11.57782937,48.27684484],[11.56732986,48.27603784],[11.55683069,48.27522989],[11.54633185,48.27442098],[11.53583333,48.27361111],[11.53569448,48.27524306],[11.53555561,48.276875],[11.53541673,48.27850695],[11.53527785,48.28013889],[11.53513895,48.28177084],[11.53500005,48.28340278],[11.53486114,48.28503472],[11.53472222,48.28666667],[11.53339219,48.30075023],[11.53206143,48.31483373],[11.53072993,48.32891719],[11.52939771,48.3430006],[11.52806474,48.35708396],[11.52673104,48.37116727],[11.52539661,48.38525053],[11.52406144,48.39933373],[11.52272553,48.41341689],[11.52138889,48.4275],[11.55664858,48.43043755],[11.59191232,48.43336428],[11.62718011,48.43628021]],[[11.70608241,48.34624049],[11.68246593,48.34440667],[11.68559446,48.32654348],[11.71475289,48.32880804],[11.71722797,48.32543869],[11.72684718,48.31702986],[11.73873802,48.31003313],[11.75244373,48.30471674],[11.76743848,48.30128444],[11.7831475,48.29986773],[11.79896891,48.30052084],[11.81429659,48.30321871],[11.82854318,48.30785795],[11.84116239,48.31426074],[11.85166984,48.32218162],[11.85966156,48.33131682],[11.86431176,48.34031403],[11.8731521,48.34098925],[11.87008876,48.35885622],[11.86635504,48.35857131],[11.86610888,48.36126747],[11.88973842,48.36306798],[11.8866796,48.38093521],[11.85748694,48.37871092],[11.85501715,48.3820863],[11.84540774,48.3905056],[11.83351373,48.39751337],[11.81979239,48.40283967],[11.80477189,48.40627925],[11.78903095,48.40769952],[11.77317629,48.40704568],[11.75781911,48.40434292],[11.74355125,48.39969537],[11.73092224,48.39328211],[11.72041796,48.38535019],[11.71244188,48.37620508],[11.7078131,48.36719791],[11.69897205,48.36651289],[11.70209613,48.34864941],[11.70582754,48.34893882],[11.70608241,48.34624049]]],"type":"Polygon"},"properties":{"upper_limit_alt_ref":"MSL","upper_limit_altitude":3500.0,"lower_limit_altitude":1814.9606880000001,"lower_limit_alt_ref":"MSL","legal_ref":"NfL 2026-1-3960","generated_name_EN":"Muenchen (EDDM) zone 4","lower_limit_unit":"ft","type_code_detail":"U_CONTROL_ZONE_4","external_reference":"976_ctr","name":["Muenchen (EDDM) Zone 4"],"upper_limit_unit":"ft","generated_name_DE":"Muenchen (EDDM) Zone 4","type_code":"KONTROLLZONE"}},{"type":"Feature","geometry":{"coordinates":[[[11.08967915,49.48574098],[11.08919122,49.48562001],[11.08647783,49.48532736],[11.08576924,49.48534376],[11.08437167,49.48497262],[11.08155971,49.48463992],[11.0800153,49.48466785],[11.0776795,49.48439208],[11.0750503,49.48441176],[11.07388564,49.48449315],[11.07363533,49.48451215],[11.07273308,49.48458607],[11.07178704,49.48468541],[11.07164693,49.48470339],[11.07148954,49.48472731],[11.07148681,49.48472704],[11.06877079,49.4848088],[11.06826744,49.48485662],[11.06816052,49.48486706],[11.06797302,49.48488585],[11.06762318,49.48492051],[11.06753548,49.48492939],[11.0673975,49.48494365],[11.06652351,49.48503012],[11.06399253,49.48544299],[11.06162597,49.48615874],[11.05950834,49.48715179],[11.05845983,49.48787393],[11.05809025,49.48794769],[11.05770082,49.48801962],[11.05738544,49.48807752],[11.0562617,49.48818984],[11.053859,49.48842622],[11.05277262,49.48852952],[11.05263322,49.48854325],[11.05243605,49.48856334],[11.04961635,49.48905402],[11.04701794,49.48991987],[11.04475696,49.49112221],[11.04293447,49.49260731],[11.04256814,49.49308586],[10.9888501,49.49834081],[10.99294316,49.51612726],[11.04469688,49.51106467],[11.0449637,49.51121674],[11.04732829,49.51210082],[11.04991363,49.51266511],[11.05261887,49.51288759],[11.05533851,49.5127596],[11.05550791,49.51274055],[11.0584121,49.51245723],[11.05856301,49.51244195],[11.06026311,49.51226353],[11.06132069,49.51212473],[11.06195818,49.51202404],[11.06240551,49.51197908],[11.0639465,49.51182541],[11.06514703,49.51178145],[11.06752191,49.51153168],[11.06986392,49.5111177],[11.06986512,49.51111783],[11.07264022,49.51104488],[11.07268634,49.51104061],[11.07393568,49.51093815],[11.0742538,49.51090961],[11.07897864,49.51044905],[11.08657871,49.50971635],[11.08660675,49.50971363],[11.090343,49.50934812],[11.09068618,49.50931582],[11.09165607,49.50922464],[11.09183915,49.5092066],[11.09323834,49.50906254],[11.09460198,49.50892217],[11.0971302,49.5086693],[11.09737303,49.50864357],[11.09791102,49.50858334],[11.10147722,49.50822473],[11.10166004,49.50820552],[11.10408,49.50794042],[11.10683374,49.50744345],[11.10937135,49.50658798],[11.11158414,49.50541066],[11.11288801,49.50435728],[11.16634528,49.49906981],[11.16219118,49.4812903],[11.11122278,49.48633188],[11.10835977,49.48522425],[11.10819396,49.4851769],[11.10574452,49.48464887],[11.10318706,49.484427],[11.1006109,49.48451904],[11.09677939,49.48489207],[11.094925,49.48507257],[11.09329971,49.48538872],[11.09234792,49.48548134],[11.08967915,49.48574098]]],"type":"Polygon"},"properties":{"upper_limit_alt_ref":"MSL","upper_limit_altitude":3500.0,"lower_limit_altitude":0.0,"lower_limit_alt_ref":"AGL","legal_ref":"NfL 2026-1-3960","generated_name_EN":"Nuernberg (EDDN) zone 1","lower_limit_unit":"m","type_code_detail":"U_CONTROL_ZONE_1","external_reference":"DFSDEFPFHXX49498228110774910000220","name":["Nuernberg (EDDN) Zone 1"],"upper_limit_unit":"ft","generated_name_DE":"Nuernberg (EDDN) Zone 1","type_code":"KONTROLLZONE"}},{"type":"Feature","geometry":{"coordinates":[[[12.12844604,51.4772243],[12.17849407,51.47958969],[12.22854725,51.48193372],[12.27860554,51.48425639],[12.3286689,51.48655769],[12.37873727,51.48883761],[12.42881062,51.49109616],[12.47888889,51.49333333],[12.48025318,51.4814724],[12.48161676,51.46961143],[12.48297963,51.45775042],[12.4843418,51.44588937],[12.48570326,51.43402828],[12.48706401,51.42216715],[12.48842406,51.41030597],[12.48978341,51.39844476],[12.49114206,51.38658351],[12.4925,51.37472222],[12.44253299,51.37248472],[12.39257087,51.37022591],[12.34261369,51.3679458],[12.29266149,51.36564439],[12.24271433,51.36332168],[12.19277224,51.36097769],[12.14283528,51.35861241],[12.09290348,51.35622585],[12.04297689,51.353818],[11.99305556,51.35138889],[11.99158676,51.36325019],[11.9901172,51.37511145],[11.98864688,51.38697267],[11.98717581,51.39883384],[11.98570397,51.41069498],[11.98423137,51.42255607],[11.982758,51.43441711],[11.98128388,51.44627812],[11.97980899,51.45813908],[11.97833333,51.47],[12.02836562,51.47242945],[12.07840321,51.47483755],[12.12844604,51.4772243]],[[12.13191395,51.41718145],[12.13409458,51.39926001],[12.15899069,51.4004395],[12.16656908,51.39234077],[12.17778342,51.38443378],[12.19124393,51.3780461],[12.20643401,51.37342253],[12.22277132,51.37074023],[12.23963003,51.37010197],[12.2563645,51.37153223],[12.27233378,51.37497625],[12.28692593,51.38030215],[12.29958123,51.38730588],[12.30981358,51.39571898],[12.3172291,51.40521881],[12.31835218,51.40788101],[12.32895778,51.40837015],[12.32685334,51.4262938],[12.32256028,51.42609607],[12.32232746,51.42716967],[12.34018508,51.42799105],[12.33808428,51.44591478],[12.31568107,51.44488427],[12.314811,51.44646582],[12.30629266,51.45559996],[12.29508216,51.46351924],[12.28161009,51.46991862],[12.26639482,51.47455151],[12.2500225,51.47723934],[12.23312432,51.47787849],[12.21635192,51.47644436],[12.20035201,51.47299228],[12.18574121,51.46765537],[12.17308207,51.46063935],[12.16286129,51.45221455],[12.15547097,51.4427054],[12.15321095,51.4373014],[12.14306218,51.43682175],[12.14523927,51.41890022],[12.15080097,51.41916341],[12.15103827,51.41808751],[12.13191395,51.41718145]]],"type":"Polygon"},"properties":{"upper_limit_alt_ref":"MSL","upper_limit_altitude":2500.0,"lower_limit_altitude":798.228372,"lower_limit_alt_ref":"MSL","legal_ref":"NfL 2026-1-3960","generated_name_EN":"Leipzig/Halle (EDDP) zone 4","lower_limit_unit":"ft","type_code_detail":"U_CONTROL_ZONE_4","external_reference":"971_ctr","name":["Leipzig/Halle (EDDP) Zone 4"],"upper_limit_unit":"ft","generated_name_DE":"Leipzig/Halle (EDDP) Zone 4","type_code":"KONTROLLZONE"}},{"type":"Feature","geometry":{"coordinates":[[[[11.1159467,49.47256692],[11.10739383,49.46824815],[11.09771373,49.46509897],[11.08727786,49.46324019],[11.07648647,49.4627431],[11.06575338,49.46362678],[11.05549019,49.46585735],[11.04609061,49.46934926],[11.03791541,49.4739686],[11.03127866,49.47953812],[11.02643563,49.48584407],[11.02357299,49.49264434],[11.02331802,49.494969],[11.04256814,49.49308586],[11.04293447,49.49260731],[11.04475696,49.49112221],[11.04701794,49.48991987],[11.04961635,49.48905402],[11.05243605,49.48856334],[11.05263322,49.48854325],[11.05277262,49.48852952],[11.053859,49.48842622],[11.0562617,49.48818984],[11.05738544,49.48807752],[11.05770082,49.48801962],[11.05809025,49.48794769],[11.05845983,49.48787393],[11.05950834,49.48715179],[11.06162597,49.48615874],[11.06399253,49.48544299],[11.06652351,49.48503012],[11.0673975,49.48494365],[11.06753548,49.48492939],[11.06762318,49.48492051],[11.06797302,49.48488585],[11.06816052,49.48486706],[11.06826744,49.48485662],[11.06877079,49.4848088],[11.07148681,49.48472704],[11.07148954,49.48472731],[11.07164693,49.48470339],[11.07178704,49.48468541],[11.07273308,49.48458607],[11.07363533,49.48451215],[11.07388564,49.48449315],[11.0750503,49.48441176],[11.0776795,49.48439208],[11.0800153,49.48466785],[11.08155971,49.48463992],[11.08437167,49.48497262],[11.08576924,49.48534376],[11.08647783,49.48532736],[11.08919122,49.48562001],[11.08967915,49.48574098],[11.09234792,49.48548134],[11.09329971,49.48538872],[11.094925,49.48507257],[11.09677939,49.48489207],[11.1006109,49.48451904],[11.10318706,49.484427],[11.10574452,49.48464887],[11.10819396,49.4851769],[11.10835977,49.48522425],[11.11122278,49.48633188],[11.12871534,49.48460158],[11.12841259,49.48401194],[11.1230439,49.47788961],[11.1159467,49.47256692]]],[[[11.04002902,49.52481881],[11.04858613,49.52914248],[11.05827597,49.53229561],[11.06872561,49.53415681],[11.07953269,49.53465441],[11.09028101,49.53376927],[11.10055664,49.53153547],[11.10996398,49.52803905],[11.11814109,49.52341463],[11.12477361,49.51784022],[11.12960689,49.51153031],[11.13245576,49.50472762],[11.13270617,49.50239706],[11.11288801,49.50435728],[11.11158414,49.50541066],[11.10937135,49.50658798],[11.10683374,49.50744345],[11.10408,49.50794042],[11.10166004,49.50820552],[11.10147722,49.50822473],[11.09791102,49.50858334],[11.09737303,49.50864357],[11.0971302,49.5086693],[11.09460198,49.50892217],[11.09323834,49.50906254],[11.09183915,49.5092066],[11.09165607,49.50922464],[11.09068618,49.50931582],[11.090343,49.50934812],[11.08660675,49.50971363],[11.08657871,49.50971635],[11.07897864,49.51044905],[11.0742538,49.51090961],[11.07393568,49.51093815],[11.07268634,49.51104061],[11.07264022,49.51104488],[11.06986512,49.51111783],[11.06986392,49.5111177],[11.06752191,49.51153168],[11.06514703,49.51178145],[11.0639465,49.51182541],[11.06240551,49.51197908],[11.06195818,49.51202404],[11.06132069,49.51212473],[11.06026311,49.51226353],[11.05856301,49.51244195],[11.0584121,49.51245723],[11.05550791,49.51274055],[11.05533851,49.5127596],[11.05261887,49.51288759],[11.04991363,49.51266511],[11.04732829,49.51210082],[11.0449637,49.51121674],[11.04469688,49.51106467],[11.02726871,49.51276951],[11.0275728,49.51336421],[11.03293373,49.51949105],[11.04002902,49.52481881]]]],"type":"MultiPolygon"},"properties":{"upper_limit_alt_ref":"MSL","upper_limit_altitude":3500.0,"lower_limit_altitude":1125.9842879999999,"lower_limit_alt_ref":"MSL","legal_ref":"NfL 2026-1-3960","generated_name_EN":"Nuernberg (EDDN) zone 2","lower_limit_unit":"ft","type_code_detail":"U_CONTROL_ZONE_2","external_reference":"69_4000","name":["Nuernberg (EDDN) Zone 2"],"upper_limit_unit":"ft","generated_name_DE":"Nuernberg (EDDN) Zone 2","type_code":"KONTROLLZONE"}},{"type":"Feature","geometry":{"coordinates":[[[[11.10755669,49.44829782],[11.09190803,49.44551056],[11.07572682,49.44476511],[11.05963288,49.44609008],[11.04424276,49.44943472],[11.0301463,49.45467091],[11.01788422,49.46159801],[11.00792751,49.46995045],[11.00065933,49.47940789],[10.99636023,49.48960739],[10.99546881,49.49769334],[11.02331802,49.494969],[11.02357299,49.49264434],[11.02643563,49.48584407],[11.03127866,49.47953812],[11.03791541,49.4739686],[11.04609061,49.46934926],[11.05549019,49.46585735],[11.06575338,49.46362678],[11.07648647,49.4627431],[11.08727786,49.46324019],[11.09771373,49.46509897],[11.10739383,49.46824815],[11.1159467,49.47256692],[11.1230439,49.47788961],[11.12841259,49.48401194],[11.12871534,49.48460158],[11.15628336,49.48187467],[11.15360333,49.47666037],[11.1455474,49.46747856],[11.13490089,49.45949644],[11.12207318,49.4530201],[11.10755669,49.44829782]]],[[[11.04840001,49.54909278],[11.06407964,49.55188548],[11.08029615,49.55263208],[11.09642435,49.55130381],[11.11184247,49.54795189],[11.1259564,49.54270558],[11.13822277,49.53576704],[11.14816994,49.52740359],[11.1554162,49.51793724],[11.15968433,49.5077323],[11.16054894,49.49964313],[11.13270617,49.50239706],[11.13245576,49.50472762],[11.12960689,49.51153031],[11.12477361,49.51784022],[11.11814109,49.52341463],[11.10996398,49.52803905],[11.10055664,49.53153547],[11.09028101,49.53376927],[11.07953269,49.53465441],[11.06872561,49.53415681],[11.05827597,49.53229561],[11.04858613,49.52914248],[11.04002902,49.52481881],[11.03293373,49.51949105],[11.0275728,49.51336421],[11.02726871,49.51276951],[10.99967711,49.51546854],[11.00234366,49.52068875],[11.01038212,49.52988069],[11.02102434,49.53787425],[11.03386159,49.54436159],[11.04840001,49.54909278]]]],"type":"MultiPolygon"},"properties":{"upper_limit_alt_ref":"MSL","upper_limit_altitude":3500.0,"lower_limit_altitude":1191.601088,"lower_limit_alt_ref":"MSL","legal_ref":"NfL 2026-1-3960","generated_name_EN":"Nuernberg (EDDN) zone 3","lower_limit_unit":"ft","type_code_detail":"U_CONTROL_ZONE_3","external_reference":"69_6000","name":["Nuernberg (EDDN) Zone 3"],"upper_limit_unit":"ft","generated_name_DE":"Nuernberg (EDDN) Zone 3","type_code":"KONTROLLZONE"}},{"type":"Feature","geometry":{"coordinates":[[[[12.29206283,51.42558209],[12.29234762,51.42579072],[12.29373455,51.42585451],[12.29384813,51.42533224],[12.29379311,51.42477114],[12.2907655,51.4246317],[12.29206283,51.42558209]]],[[[12.27008882,51.39486757],[12.26035865,51.39131575],[12.24970906,51.38901884],[12.23854855,51.38806491],[12.22730503,51.38849051],[12.21640961,51.39027932],[12.2062801,51.39336273],[12.19730513,51.39762249],[12.19675752,51.39800872],[12.19679531,51.39800803],[12.19863595,51.3975019],[12.20137547,51.39712133],[12.20418099,51.39708112],[12.20735837,51.39723024],[12.20794624,51.39726543],[12.20842878,51.39730059],[12.21107776,51.39765441],[12.21357354,51.39831293],[12.21406846,51.39851931],[12.21455732,51.39854427],[12.21701616,51.39842291],[12.21830137,51.39843374],[12.22105991,51.39862466],[12.22143641,51.39869846],[12.22163289,51.39866886],[12.2220475,51.39865781],[12.22207804,51.39864762],[12.2223914,51.39850502],[12.22319746,51.39827407],[12.22390313,51.39803858],[12.22423844,51.39797579],[12.22499155,51.39776],[12.22671998,51.39750667],[12.22689721,51.39745386],[12.22712558,51.39741786],[12.22841592,51.3968395],[12.23103328,51.39610493],[12.23383171,51.39571029],[12.23669967,51.39567129],[12.23914957,51.39579145],[12.24034243,51.39584994],[12.2434582,51.39622242],[12.24389691,51.39634173],[12.2439229,51.39634402],[12.24396208,51.39634928],[12.24509937,51.39641222],[12.24773209,51.39671533],[12.24800665,51.39667548],[12.25084105,51.39662171],[12.25250449,51.39669312],[12.25395983,51.39684327],[12.2561841,51.39687416],[12.25887292,51.3972397],[12.26127558,51.39788546],[12.26237191,51.3978709],[12.26496107,51.39799465],[12.26520533,51.39800763],[12.26527288,51.39801158],[12.26780551,51.39830486],[12.27021376,51.39887629],[12.27242025,51.39970749],[12.27435407,51.40077177],[12.2743866,51.4007932],[12.27620572,51.40227322],[12.27749678,51.4039564],[12.2780273,51.40531695],[12.27986855,51.40610612],[12.28632599,51.40640394],[12.28534641,51.40514812],[12.27852612,51.39953808],[12.27008882,51.39486757]]],[[[12.18085859,51.42005992],[12.18062769,51.41948938],[12.17962003,51.41944164],[12.17938374,51.42051596],[12.18116821,51.42060041],[12.18085859,51.42005992]]],[[[12.20263238,51.45310306],[12.21237084,51.45665977],[12.22303403,51.45896026],[12.23421141,51.45991592],[12.24547247,51.45948992],[12.25638345,51.45769865],[12.26652416,51.45461109],[12.27550426,51.45034614],[12.28222497,51.44560003],[12.28018236,51.44587632],[12.27744198,51.4459144],[12.27371525,51.44574349],[12.27292173,51.44565183],[12.27209685,51.44561736],[12.27185867,51.44560617],[12.27112869,51.44556804],[12.27004168,51.44558143],[12.26618608,51.44539356],[12.26158217,51.44517689],[12.25898534,51.4450615],[12.25892611,51.44505879],[12.24737469,51.44451485],[12.2471659,51.44450554],[12.24648161,51.44469468],[12.24372151,51.44507937],[12.24089428,51.44511902],[12.23931443,51.44504376],[12.23656194,51.44474244],[12.23395474,51.44411409],[12.233289,51.44385168],[12.23067625,51.44373051],[12.23054517,51.44372405],[12.22953911,51.44367159],[12.22695819,51.44356133],[12.22681833,51.44355493],[12.223849,51.44340981],[12.22122633,51.44329981],[12.2210713,51.44329278],[12.21873279,51.44317876],[12.21851951,51.44317038],[12.21826775,51.4431591],[12.21514674,51.443002],[12.20713789,51.44263983],[12.20704621,51.4426355],[12.20102593,51.44233869],[12.1983198,51.44204058],[12.19575388,51.44142617],[12.19342191,51.4405179],[12.19140907,51.43934896],[12.19110951,51.43909254],[12.18423276,51.43876754],[12.18737822,51.44281185],[12.19419337,51.44842708],[12.20263238,51.45310306]]]],"type":"MultiPolygon"},"properties":{"upper_limit_alt_ref":"MSL","upper_limit_altitude":2500.0,"lower_limit_altitude":552.165372,"lower_limit_alt_ref":"MSL","legal_ref":"NfL 2026-1-3960","generated_name_EN":"Leipzig/Halle (EDDP) zone 2","lower_limit_unit":"ft","type_code_detail":"U_CONTROL_ZONE_2","external_reference":"393_4000","name":["Leipzig/Halle (EDDP) Zone 2"],"upper_limit_unit":"ft","generated_name_DE":"Leipzig/Halle (EDDP) Zone 2","type_code":"KONTROLLZONE"}},{"type":"Feature","geometry":{"coordinates":[[[[12.2563645,51.37153223],[12.23963003,51.37010197],[12.22277132,51.37074023],[12.20643401,51.37342253],[12.19124393,51.3780461],[12.17778342,51.38443378],[12.16656908,51.39234077],[12.15899069,51.4004395],[12.1846101,51.40165325],[12.18484348,51.40143821],[12.18708468,51.40010846],[12.18736969,51.39997257],[12.18975713,51.39904978],[12.19238574,51.39843489],[12.19316343,51.39835527],[12.19540314,51.39803322],[12.19675752,51.39800872],[12.19730513,51.39762249],[12.2062801,51.39336273],[12.21640961,51.39027932],[12.22730503,51.38849051],[12.23854855,51.38806491],[12.24970906,51.38901884],[12.26035865,51.39131575],[12.27008882,51.39486757],[12.27852612,51.39953808],[12.28534641,51.40514812],[12.28632599,51.40640394],[12.31835218,51.40788101],[12.3172291,51.40521881],[12.30981358,51.39571898],[12.29958123,51.38730588],[12.28692593,51.38030215],[12.27233378,51.37497625],[12.2563645,51.37153223]]],[[[12.17938374,51.42051596],[12.17962003,51.41944164],[12.15103827,51.41808751],[12.15080097,51.41916341],[12.17938374,51.42051596]]],[[[12.32256028,51.42609607],[12.29379311,51.42477114],[12.29384813,51.42533224],[12.29373455,51.42585451],[12.32232746,51.42716967],[12.32256028,51.42609607]]],[[[12.21635192,51.47644436],[12.23312432,51.47787849],[12.2500225,51.47723934],[12.26639482,51.47455151],[12.28161009,51.46991862],[12.29508216,51.46351924],[12.30629266,51.45559996],[12.314811,51.44646582],[12.31568107,51.44488427],[12.28807637,51.44361451],[12.28765146,51.44388034],[12.2853816,51.44484046],[12.28286136,51.44551395],[12.28222497,51.44560003],[12.27550426,51.45034614],[12.26652416,51.45461109],[12.25638345,51.45769865],[12.24547247,51.45948992],[12.23421141,51.45991592],[12.22303403,51.45896026],[12.21237084,51.45665977],[12.20263238,51.45310306],[12.19419337,51.44842708],[12.18737822,51.44281185],[12.18423276,51.43876754],[12.15321095,51.4373014],[12.15547097,51.4427054],[12.16286129,51.45221455],[12.17308207,51.46063935],[12.18574121,51.46765537],[12.20035201,51.47299228],[12.21635192,51.47644436]]]],"type":"MultiPolygon"},"properties":{"upper_limit_alt_ref":"MSL","upper_limit_altitude":2500.0,"lower_limit_altitude":617.7821720000001,"lower_limit_alt_ref":"MSL","legal_ref":"NfL 2026-1-3960","generated_name_EN":"Leipzig/Halle (EDDP) zone 3","lower_limit_unit":"ft","type_code_detail":"U_CONTROL_ZONE_3","external_reference":"393_6000","name":["Leipzig/Halle (EDDP) Zone 3"],"upper_limit_unit":"ft","generated_name_DE":"Leipzig/Halle (EDDP) Zone 3","type_code":"KONTROLLZONE"}},{"type":"Feature","geometry":{"coordinates":[[[10.8694045,49.56935629],[10.88633341,49.56774788],[10.9032612,49.56613699],[10.92018788,49.56452363],[10.93711345,49.56290779],[10.95403789,49.56128947],[10.97096122,49.55966868],[10.98788343,49.55804541],[10.98961647,49.55917346],[10.99154904,49.56038184],[10.99352019,49.5615636],[10.99552904,49.56271821],[10.99757473,49.56384517],[10.99965634,49.56494397],[11.00177297,49.56601414],[11.00392369,49.56705521],[11.00610754,49.56806671],[11.00832358,49.5690482],[11.01057082,49.56999925],[11.01284828,49.57091944],[11.01515496,49.57180836],[11.01748983,49.57266562],[11.01985189,49.57349085],[11.02224007,49.57428368],[11.02465335,49.57504376],[11.02709064,49.57577076],[11.02955088,49.57646435],[11.03203299,49.57712423],[11.03453587,49.57775011],[11.03705842,49.57834172],[11.03959953,49.57889879],[11.04215808,49.57942108],[11.04473294,49.57990835],[11.04732298,49.5803604],[11.04992705,49.58077702],[11.05254402,49.58115803],[11.05517272,49.58150326],[11.057812,49.58181256],[11.06046069,49.5820858],[11.06311763,49.58232285],[11.06578165,49.5825236],[11.06845156,49.58268798],[11.0711262,49.5828159],[11.07380439,49.58290731],[11.07648494,49.58296218],[11.07916667,49.58298047],[11.0818484,49.58296218],[11.08452895,49.58290731],[11.08720713,49.5828159],[11.08988177,49.58268798],[11.09255169,49.5825236],[11.0952157,49.58232285],[11.09787264,49.5820858],[11.10052133,49.58181256],[11.10316061,49.58150326],[11.10578931,49.58115803],[11.10840628,49.58077702],[11.11101036,49.5803604],[11.1136004,49.57990835],[11.11617526,49.57942108],[11.11873381,49.57889879],[11.12127492,49.57834172],[11.12379747,49.57775011],[11.12630035,49.57712423],[11.12878245,49.57646435],[11.1312427,49.57577076],[11.13367999,49.57504376],[11.13609326,49.57428368],[11.13848145,49.57349085],[11.1408435,49.57266562],[11.14317838,49.57180836],[11.14548505,49.57091944],[11.14776251,49.56999925],[11.15000975,49.5690482],[11.15222579,49.56806671],[11.15440965,49.56705521],[11.15656036,49.56601414],[11.15867699,49.56494397],[11.1607586,49.56384517],[11.16280429,49.56271821],[11.16481315,49.5615636],[11.16678429,49.56038184],[11.16871687,49.55917346],[11.17061002,49.55793899],[11.17246291,49.55667896],[11.17427474,49.55539394],[11.17604472,49.55408448],[11.17777205,49.55275118],[11.179456,49.55139461],[11.18109581,49.55001536],[11.18269078,49.54861405],[11.1842402,49.5471913],[11.1857434,49.54574773],[11.18719972,49.54428397],[11.18860853,49.54280066],[11.1899692,49.54129847],[11.19128115,49.53977805],[11.19292215,49.53776361],[11.21032986,49.53605459],[11.22773637,49.53434295],[11.24514165,49.53262868],[11.26254572,49.5309118],[11.27994857,49.52919231],[11.29735019,49.52747019],[11.31475059,49.52574546],[11.33214977,49.52401811],[11.34954772,49.52228814],[11.36694444,49.52055556],[11.36455124,49.51069474],[11.36215899,49.50083386],[11.3597677,49.49097292],[11.35737738,49.48111191],[11.35498801,49.47125083],[11.35259961,49.46138968],[11.35021216,49.45152847],[11.34782567,49.4416672],[11.34544013,49.43180585],[11.34305556,49.42194444],[11.32548427,49.42370583],[11.30791172,49.42546455],[11.29033792,49.4272206],[11.27276286,49.42897398],[11.25518655,49.43072468],[11.23760899,49.43247271],[11.22003019,49.43421807],[11.20245013,49.43596076],[11.18486884,49.43770078],[11.16728629,49.43943812],[11.16656784,49.43899577],[11.16459745,49.43781693],[11.16258973,49.43666523],[11.16054556,49.43554117],[11.15846584,49.43444523],[11.15635147,49.4333779],[11.15420338,49.43233964],[11.15202251,49.43133091],[11.14980982,49.43035215],[11.14756627,49.42940378],[11.14529285,49.42848622],[11.14299055,49.42759987],[11.14066038,49.42674511],[11.13830335,49.42592233],[11.13592051,49.42513187],[11.13351288,49.42437409],[11.13108152,49.42364931],[11.1286275,49.42295786],[11.12615188,49.42230003],[11.12365575,49.42167611],[11.1211402,49.42108637],[11.11860633,49.42053107],[11.11605524,49.42001046],[11.11348804,49.41952476],[11.11090587,49.41907418],[11.10830985,49.41865892],[11.1057011,49.41827915],[11.10308077,49.41793506],[11.10045001,49.41762678],[11.09780995,49.41735445],[11.09516176,49.41711819],[11.09250659,49.41691811],[11.0898456,49.41675428],[11.08717995,49.41662679],[11.0845108,49.41653568],[11.08183932,49.416481],[11.07916667,49.41646277],[11.07649402,49.416481],[11.07382254,49.41653568],[11.07115339,49.41662679],[11.06848773,49.41675428],[11.06582674,49.41691811],[11.06317157,49.41711819],[11.06052338,49.41735445],[11.05788333,49.41762678],[11.05525256,49.41793506],[11.05263223,49.41827915],[11.05002349,49.41865892],[11.04742746,49.41907418],[11.04484529,49.41952476],[11.0422781,49.42001046],[11.03972701,49.42053107],[11.03719313,49.42108637],[11.03467758,49.42167611],[11.03218145,49.42230003],[11.02970584,49.42295786],[11.02725181,49.42364931],[11.02482046,49.42437409],[11.02241283,49.42513187],[11.02002998,49.42592233],[11.01767295,49.42674511],[11.01534278,49.42759987],[11.01304048,49.42848622],[11.01076706,49.42940378],[11.00852351,49.43035215],[11.00631082,49.43133091],[11.00412996,49.43233964],[11.00198187,49.4333779],[10.9998675,49.43444523],[10.99778777,49.43554117],[10.9957436,49.43666523],[10.99373588,49.43781693],[10.99176549,49.43899577],[10.9898333,49.44020122],[10.98794015,49.44143276],[10.98608687,49.44268986],[10.98427428,49.44397196],[10.98250317,49.4452785],[10.98077432,49.44660891],[10.97908849,49.44796262],[10.97744641,49.44933902],[10.97584882,49.45073752],[10.97429641,49.4521575],[10.97278987,49.45359835],[10.97132985,49.45505943],[10.96991701,49.45654011],[10.96855196,49.45803973],[10.96781021,49.45888573],[10.95083985,49.46053615],[10.93386835,49.46218407],[10.91689571,49.46382951],[10.89992194,49.46547245],[10.88294704,49.4671129],[10.865971,49.46875086],[10.84899383,49.47038633],[10.83201553,49.47201931],[10.81503611,49.47364979],[10.79805556,49.47527778],[10.80010738,49.48516691],[10.80216004,49.49505598],[10.80421352,49.50494501],[10.80626783,49.51483398],[10.80832297,49.52472289],[10.81037894,49.53461175],[10.81243573,49.54450056],[10.81449336,49.55438932],[10.81655182,49.56427802],[10.81861111,49.57416667],[10.83554335,49.57256569],[10.85247448,49.57096223],[10.8694045,49.56935629]],[[11.13490089,49.45949644],[11.1455474,49.46747856],[11.15360333,49.47666037],[11.15628336,49.48187467],[11.16219118,49.4812903],[11.16634528,49.49906981],[11.16054894,49.49964313],[11.15968433,49.5077323],[11.1554162,49.51793724],[11.14816994,49.52740359],[11.13822277,49.53576704],[11.1259564,49.54270558],[11.11184247,49.54795189],[11.09642435,49.55130381],[11.08029615,49.55263208],[11.06407964,49.55188548],[11.04840001,49.54909278],[11.03386159,49.54436159],[11.02102434,49.53787425],[11.01038212,49.52988069],[11.00234366,49.52068875],[10.99967711,49.51546854],[10.99294316,49.51612726],[10.9888501,49.49834081],[10.99546881,49.49769334],[10.99636023,49.48960739],[11.00065933,49.47940789],[11.00792751,49.46995045],[11.01788422,49.46159801],[11.0301463,49.45467091],[11.04424276,49.44943472],[11.05963288,49.44609008],[11.07572682,49.44476511],[11.09190803,49.44551056],[11.10755669,49.44829782],[11.12207318,49.4530201],[11.13490089,49.45949644]]],"type":"Polygon"},"properties":{"upper_limit_alt_ref":"MSL","upper_limit_altitude":3500.0,"lower_limit_altitude":1372.047288,"lower_limit_alt_ref":"MSL","legal_ref":"NfL 2026-1-3960","generated_name_EN":"Nuernberg (EDDN) zone 4","lower_limit_unit":"ft","type_code_detail":"U_CONTROL_ZONE_4","external_reference":"984_ctr","name":["Nuernberg (EDDN) Zone 4"],"upper_limit_unit":"ft","generated_name_DE":"Nuernberg (EDDN) Zone 4","type_code":"KONTROLLZONE"}},{"type":"Feature","geometry":{"coordinates":[[[12.26237191,51.3978709],[12.26127558,51.39788546],[12.25887292,51.3972397],[12.2561841,51.39687416],[12.25395983,51.39684327],[12.25250449,51.39669312],[12.25084105,51.39662171],[12.24800665,51.39667548],[12.24773209,51.39671533],[12.24509937,51.39641222],[12.24396208,51.39634928],[12.2439229,51.39634402],[12.24389691,51.39634173],[12.2434582,51.39622242],[12.24034243,51.39584994],[12.23914957,51.39579145],[12.23669967,51.39567129],[12.23383171,51.39571029],[12.23103328,51.39610493],[12.22841592,51.3968395],[12.22712558,51.39741786],[12.22689721,51.39745386],[12.22671998,51.39750667],[12.22499155,51.39776],[12.22423844,51.39797579],[12.22390313,51.39803858],[12.22319746,51.39827407],[12.2223914,51.39850502],[12.22207804,51.39864762],[12.2220475,51.39865781],[12.22163289,51.39866886],[12.22143641,51.39869846],[12.22105991,51.39862466],[12.21830137,51.39843374],[12.21701616,51.39842291],[12.21455732,51.39854427],[12.21406846,51.39851931],[12.21357354,51.39831293],[12.21107776,51.39765441],[12.20842878,51.39730059],[12.20794624,51.39726543],[12.20735837,51.39723024],[12.20418099,51.39708112],[12.20137547,51.39712133],[12.19863595,51.3975019],[12.19679531,51.39800803],[12.19540314,51.39803322],[12.19316343,51.39835527],[12.19238574,51.39843489],[12.18975713,51.39904978],[12.18736969,51.39997257],[12.18708468,51.40010846],[12.18484348,51.40143821],[12.1846101,51.40165325],[12.13409458,51.39926001],[12.13191395,51.41718145],[12.18062769,51.41948938],[12.18085859,51.42005992],[12.18116821,51.42060041],[12.14523927,51.41890022],[12.14306218,51.43682175],[12.19110951,51.43909254],[12.19140907,51.43934896],[12.19342191,51.4405179],[12.19575388,51.44142617],[12.1983198,51.44204058],[12.20102593,51.44233869],[12.20704621,51.4426355],[12.20713789,51.44263983],[12.21514674,51.443002],[12.21826775,51.4431591],[12.21851951,51.44317038],[12.21873279,51.44317876],[12.2210713,51.44329278],[12.22122633,51.44329981],[12.223849,51.44340981],[12.22681833,51.44355493],[12.22695819,51.44356133],[12.22953911,51.44367159],[12.23054517,51.44372405],[12.23067625,51.44373051],[12.233289,51.44385168],[12.23395474,51.44411409],[12.23656194,51.44474244],[12.23931443,51.44504376],[12.24089428,51.44511902],[12.24372151,51.44507937],[12.24648161,51.44469468],[12.2471659,51.44450554],[12.24737469,51.44451485],[12.25892611,51.44505879],[12.25898534,51.4450615],[12.26158217,51.44517689],[12.26618608,51.44539356],[12.27004168,51.44558143],[12.27112869,51.44556804],[12.27185867,51.44560617],[12.27209685,51.44561736],[12.27292173,51.44565183],[12.27371525,51.44574349],[12.27744198,51.4459144],[12.28018236,51.44587632],[12.28286136,51.44551395],[12.2853816,51.44484046],[12.28765146,51.44388034],[12.28807637,51.44361451],[12.33808428,51.44591478],[12.34018508,51.42799105],[12.29234762,51.42579072],[12.29206283,51.42558209],[12.2907655,51.4246317],[12.32685334,51.4262938],[12.32895778,51.40837015],[12.27986855,51.40610612],[12.2780273,51.40531695],[12.27749678,51.4039564],[12.27620572,51.40227322],[12.2743866,51.4007932],[12.27435407,51.40077177],[12.27242025,51.39970749],[12.27021376,51.39887629],[12.26780551,51.39830486],[12.26527288,51.39801158],[12.26520533,51.39800763],[12.26496107,51.39799465],[12.26237191,51.3978709]]],"type":"Polygon"},"properties":{"upper_limit_alt_ref":"MSL","upper_limit_altitude":2500.0,"lower_limit_altitude":0.0,"lower_limit_alt_ref":"AGL","legal_ref":"NfL 2026-1-3960","generated_name_EN":"Leipzig/Halle (EDDP) zone 1","lower_limit_unit":"m","type_code_detail":"U_CONTROL_ZONE_1","external_reference":"DFSDEFPFHXX51420811122341010000220","name":["Leipzig/Halle (EDDP) Zone 1"],"upper_limit_unit":"ft","generated_name_DE":"Leipzig/Halle (EDDP) Zone 1","type_code":"KONTROLLZONE"}},{"type":"Feature","geometry":{"coordinates":[[[7.11273315,49.20411864],[7.11271485,49.20411812],[7.11235429,49.20410796],[7.11216836,49.20410355],[7.11208245,49.20410189],[7.10970667,49.20419129],[7.10945308,49.20423037],[7.10912768,49.20423108],[7.10903786,49.20422413],[7.10874278,49.20421946],[7.1083257,49.20420054],[7.10826971,49.20419808],[7.10707096,49.20414691],[7.10699044,49.20414363],[7.10600619,49.20410541],[7.10576003,49.2040973],[7.10463049,49.20406676],[7.10460071,49.20406597],[7.10342536,49.20403585],[7.10340332,49.2040353],[7.10244999,49.20401186],[7.1015486,49.20405111],[7.10126565,49.20403793],[7.10074157,49.20397454],[7.10040322,49.20393974],[7.0998269,49.20388863],[7.09951584,49.20386543],[7.09873601,49.20382197],[7.09845927,49.20381175],[7.09630899,49.20384288],[7.09616143,49.20385263],[7.09602785,49.20386144],[7.09374998,49.20414037],[7.09207876,49.20444255],[7.09152306,49.20451969],[7.09141523,49.20453788],[7.08972279,49.20490153],[7.08961637,49.20492953],[7.08951492,49.20495872],[7.02917831,49.20315412],[7.02791523,49.22112109],[7.08860505,49.22293644],[7.09024447,49.22342187],[7.09044854,49.22346796],[7.09199872,49.22369562],[7.09272507,49.22396076],[7.09325373,49.22416197],[7.09359202,49.22429082],[7.09476858,49.22469045],[7.09500588,49.22476175],[7.09738463,49.22530963],[7.09755094,49.225337],[7.09804033,49.22541134],[7.09812379,49.22542297],[7.09821738,49.22546268],[7.09840522,49.22553823],[7.10021783,49.22615078],[7.10030058,49.22617382],[7.10240132,49.22660011],[7.10408699,49.22752267],[7.10637233,49.22835118],[7.10885594,49.22888122],[7.1097279,49.22895268],[7.11025445,49.22903918],[7.11115884,49.22939227],[7.11361709,49.22997431],[7.11619925,49.23024068],[7.11881171,49.23018173],[7.12135974,49.22979958],[7.12375098,49.2291081],[7.12589874,49.22813235],[7.12594769,49.22810525],[7.12769627,49.2269433],[7.12788252,49.22679468],[7.12921413,49.22552396],[7.12989627,49.22454951],[7.12992218,49.22453509],[7.13026703,49.22434772],[7.13057855,49.22417323],[7.19032524,49.22590731],[7.19152965,49.20793791],[7.13295546,49.20623839],[7.13266155,49.20606974],[7.13037162,49.20519852],[7.12786905,49.20463158],[7.12524693,49.20439001],[7.12418497,49.20436],[7.12367421,49.20431416],[7.12228231,49.20427623],[7.11956227,49.20419286],[7.11758391,49.20425944],[7.11273315,49.20411864]]],"type":"Polygon"},"properties":{"upper_limit_alt_ref":"MSL","upper_limit_altitude":3600.0,"lower_limit_altitude":0.0,"lower_limit_alt_ref":"AGL","legal_ref":"NfL 2026-1-3960","generated_name_EN":"Saarbruecken (EDDR) zone 1","lower_limit_unit":"m","type_code_detail":"U_CONTROL_ZONE_1","external_reference":"DFSDEFPFHXX49214553071095080000220","name":["Saarbruecken (EDDR) Zone 1"],"upper_limit_unit":"ft","generated_name_DE":"Saarbruecken (EDDR) Zone 1","type_code":"KONTROLLZONE"}},{"type":"Feature","geometry":{"coordinates":[[[[7.1492756,49.18975213],[7.14112874,49.18514618],[7.13176892,49.18166981],[7.12155538,49.17945638],[7.11087993,49.17859076],[7.10015197,49.17910614],[7.08978288,49.18098274],[7.08017039,49.18414859],[7.07168335,49.18848225],[7.06464769,49.19381745],[7.05933388,49.19994945],[7.05728666,49.20399481],[7.08951492,49.20495872],[7.08961637,49.20492953],[7.08972279,49.20490153],[7.09141523,49.20453788],[7.09152306,49.20451969],[7.09207876,49.20444255],[7.09374998,49.20414037],[7.09602785,49.20386144],[7.09616143,49.20385263],[7.09630899,49.20384288],[7.09845927,49.20381175],[7.09873601,49.20382197],[7.09951584,49.20386543],[7.0998269,49.20388863],[7.10040322,49.20393974],[7.10074157,49.20397454],[7.10126565,49.20403793],[7.1015486,49.20405111],[7.10244999,49.20401186],[7.10340332,49.2040353],[7.10342536,49.20403585],[7.10460071,49.20406597],[7.10463049,49.20406676],[7.10576003,49.2040973],[7.10600619,49.20410541],[7.10699044,49.20414363],[7.10707096,49.20414691],[7.10826971,49.20419808],[7.1083257,49.20420054],[7.10874278,49.20421946],[7.10903786,49.20422413],[7.10912768,49.20423108],[7.10945308,49.20423037],[7.10970667,49.20419129],[7.11208245,49.20410189],[7.11216836,49.20410355],[7.11235429,49.20410796],[7.11271485,49.20411812],[7.11273315,49.20411864],[7.11758391,49.20425944],[7.11956227,49.20419286],[7.12228231,49.20427623],[7.12367421,49.20431416],[7.12418497,49.20436],[7.12524693,49.20439001],[7.12786905,49.20463158],[7.13037162,49.20519852],[7.13266155,49.20606974],[7.13295546,49.20623839],[7.16306321,49.20711196],[7.16073685,49.20160931],[7.15589652,49.19531096],[7.1492756,49.18975213]]],[[[7.06970341,49.23933836],[7.07785225,49.24394935],[7.0872198,49.24743015],[7.09744565,49.24964675],[7.10813612,49.25051378],[7.11887951,49.24999785],[7.1292621,49.24811882],[7.1388841,49.24494903],[7.14737521,49.24061051],[7.1544089,49.23527029],[7.15971496,49.22913385],[7.16175896,49.22507821],[7.13057855,49.22417323],[7.13026703,49.22434772],[7.12992218,49.22453509],[7.12989627,49.22454951],[7.12921413,49.22552396],[7.12788252,49.22679468],[7.12769627,49.2269433],[7.12594769,49.22810525],[7.12589874,49.22813235],[7.12375098,49.2291081],[7.12135974,49.22979958],[7.11881171,49.23018173],[7.11619925,49.23024068],[7.11361709,49.22997431],[7.11115884,49.22939227],[7.11025445,49.22903918],[7.1097279,49.22895268],[7.10885594,49.22888122],[7.10637233,49.22835118],[7.10408699,49.22752267],[7.10240132,49.22660011],[7.10030058,49.22617382],[7.10021783,49.22615078],[7.09840522,49.22553823],[7.09821738,49.22546268],[7.09812379,49.22542297],[7.09804033,49.22541134],[7.09755094,49.225337],[7.09738463,49.22530963],[7.09500588,49.22476175],[7.09476858,49.22469045],[7.09359202,49.22429082],[7.09325373,49.22416197],[7.09272507,49.22396076],[7.09199872,49.22369562],[7.09044854,49.22346796],[7.09024447,49.22342187],[7.08860505,49.22293644],[7.05593674,49.22195927],[7.05825574,49.22747239],[7.06308656,49.23377468],[7.06970341,49.23933836]]]],"type":"MultiPolygon"},"properties":{"upper_limit_alt_ref":"MSL","upper_limit_altitude":3600.0,"lower_limit_altitude":1139.107648,"lower_limit_alt_ref":"MSL","legal_ref":"NfL 2026-1-3960","generated_name_EN":"Saarbruecken (EDDR) zone 2","lower_limit_unit":"ft","type_code_detail":"U_CONTROL_ZONE_2","external_reference":"196_4000","name":["Saarbruecken (EDDR) Zone 2"],"upper_limit_unit":"ft","generated_name_DE":"Saarbruecken (EDDR) Zone 2","type_code":"KONTROLLZONE"}},{"type":"Feature","geometry":{"coordinates":[[[[7.15692427,49.1704396],[7.14729817,49.16686473],[7.13120699,49.16630183],[7.10659631,49.16543563],[7.08198649,49.16456418],[7.0791233,49.16446218],[7.06551425,49.168944],[7.05278523,49.17544267],[7.042231,49.18344359],[7.0342574,49.19263993],[7.02917185,49.20267884],[7.02717133,49.21317495],[7.02796674,49.22038839],[7.02917831,49.20315412],[7.05728666,49.20399481],[7.05933388,49.19994945],[7.06464769,49.19381745],[7.07168335,49.18848225],[7.08017039,49.18414859],[7.08978288,49.18098274],[7.10015197,49.17910614],[7.11087993,49.17859076],[7.12155538,49.17945638],[7.13176892,49.18166981],[7.14112874,49.18514618],[7.1492756,49.18975213],[7.15589652,49.19531096],[7.16073685,49.20160931],[7.16306321,49.20711196],[7.1909507,49.20792111],[7.19065555,49.20532229],[7.18634074,49.19512912],[7.1790767,49.18568307],[7.1691438,49.17734665],[7.15692427,49.1704396]]],[[[7.1918536,49.21587118],[7.19131549,49.21113309],[7.19052114,49.22298443],[7.1918536,49.21587118]]],[[[7.07606371,49.26386721],[7.08257165,49.26527797],[7.10622746,49.26611006],[7.12822831,49.26687711],[7.13914829,49.26490081],[7.15358486,49.26014464],[7.16632306,49.25363505],[7.17687283,49.24562282],[7.18482902,49.23641651],[7.18988687,49.22637047],[7.18997553,49.22589716],[7.16175896,49.22507821],[7.15971496,49.22913385],[7.1544089,49.23527029],[7.14737521,49.24061051],[7.1388841,49.24494903],[7.1292621,49.24811882],[7.11887951,49.24999785],[7.10813612,49.25051378],[7.09744565,49.24964675],[7.0872198,49.24743015],[7.07785225,49.24394935],[7.06970341,49.23933836],[7.06308656,49.23377468],[7.05825574,49.22747239],[7.05593674,49.22195927],[7.02804797,49.22112506],[7.02833466,49.22372507],[7.03261911,49.23392371],[7.03986175,49.24337863],[7.04978548,49.25172598],[7.06200947,49.25864434],[7.07606371,49.26386721]]]],"type":"MultiPolygon"},"properties":{"upper_limit_alt_ref":"MSL","upper_limit_altitude":3600.0,"lower_limit_altitude":1204.724448,"lower_limit_alt_ref":"MSL","legal_ref":"NfL 2026-1-3960","generated_name_EN":"Saarbruecken (EDDR) zone 3","lower_limit_unit":"ft","type_code_detail":"U_CONTROL_ZONE_3","external_reference":"196_6000","name":["Saarbruecken (EDDR) Zone 3"],"upper_limit_unit":"ft","generated_name_DE":"Saarbruecken (EDDR) Zone 3","type_code":"KONTROLLZONE"}},{"type":"Feature","geometry":{"coordinates":[[[[9.71574365,52.43012248],[9.70552016,52.42686068],[9.69445322,52.42487976],[9.68296725,52.42425565],[9.67150258,52.42501231],[9.66049877,52.42712072],[9.65037782,52.43050005],[9.6415281,52.43502069],[9.63428951,52.44050925],[9.62894047,52.44675512],[9.62867706,52.44730272],[9.66361706,52.44634952],[9.66585709,52.44556342],[9.66842674,52.44501489],[9.67111774,52.44476494],[9.6735344,52.44467882],[9.67372447,52.4446728],[9.67776188,52.4445608],[9.67861282,52.4445874],[9.68215971,52.44446917],[9.68482496,52.44437692],[9.68501182,52.44437117],[9.68910151,52.44426135],[9.69953199,52.44397789],[9.70129531,52.4435839],[9.70412124,52.4433126],[9.70588767,52.44324939],[9.70907357,52.44286836],[9.70917327,52.44286506],[9.70946261,52.44287711],[9.71102451,52.44283849],[9.71389235,52.44293902],[9.71636615,52.44332959],[9.71696117,52.44329983],[9.71981732,52.44332698],[9.72261107,52.44369082],[9.72523718,52.44437764],[9.72581856,52.44462009],[9.73606903,52.44432985],[9.73213835,52.43994399],[9.72473144,52.43454007],[9.71574365,52.43012248]]],[[[9.65125958,52.49029716],[9.66149385,52.49356358],[9.6725766,52.49554752],[9.68408101,52.49617256],[9.69556394,52.49541463],[9.70658305,52.49330292],[9.71671401,52.48991879],[9.72556694,52.48539255],[9.73280142,52.47989846],[9.73707066,52.47489968],[9.7193659,52.47539866],[9.71900098,52.47567517],[9.71690393,52.47676504],[9.71451109,52.47759734],[9.71299384,52.47791514],[9.71160833,52.47850456],[9.70904477,52.47919931],[9.70748697,52.47951695],[9.70471534,52.47990528],[9.70187313,52.47996099],[9.6990664,52.47968202],[9.69702362,52.47935273],[9.69693748,52.47933867],[9.69485165,52.47899413],[9.69486228,52.47897014],[9.69406716,52.47881953],[9.6940443,52.47882019],[9.69296365,52.4788493],[9.69294565,52.47884978],[9.68971859,52.47893422],[9.68958193,52.47893788],[9.68587729,52.47903984],[9.68289073,52.47912707],[9.68265626,52.47913278],[9.68205808,52.47914441],[9.67707869,52.47926695],[9.6765372,52.47927418],[9.67634439,52.47927458],[9.6750272,52.47932793],[9.67465631,52.47934009],[9.6722135,52.47940124],[9.67214379,52.47940278],[9.67214379,52.4794028],[9.66761965,52.47950715],[9.65230734,52.47995314],[9.65227527,52.47995406],[9.65216045,52.47995706],[9.65210492,52.47995837],[9.64759231,52.48006493],[9.64738864,52.48006989],[9.64491101,52.48000263],[9.64248704,52.47968237],[9.64112123,52.47942674],[9.64081895,52.47936798],[9.63748604,52.4786958],[9.63489703,52.47799872],[9.63430128,52.47774567],[9.6324776,52.47779491],[9.63486398,52.48046454],[9.6422677,52.48587405],[9.65125958,52.49029716]]]],"type":"MultiPolygon"},"properties":{"upper_limit_alt_ref":"MSL","upper_limit_altitude":2500.0,"lower_limit_altitude":264.76378800000003,"lower_limit_alt_ref":"MSL","legal_ref":"NfL 2026-1-3960","generated_name_EN":"Hannover (EDDV) zone 2","lower_limit_unit":"ft","type_code_detail":"U_CONTROL_ZONE_2","external_reference":"242_4000","name":["Hannover (EDDV) Zone 2"],"upper_limit_unit":"ft","generated_name_DE":"Hannover (EDDV) Zone 2","type_code":"KONTROLLZONE"}},{"type":"Feature","geometry":{"coordinates":[[[[7.0329075,49.16423167],[7.03269809,49.16452317],[7.03261887,49.1646504],[7.03254594,49.16469727],[7.03241308,49.16480349],[7.03221717,49.16495693],[7.03188354,49.16521367],[7.03180425,49.16525187],[7.03139186,49.16545977],[7.03106562,49.16562337],[7.03074334,49.16587245],[7.03045509,49.16610324],[7.0302885,49.16624284],[7.0301106,49.16638561],[7.02939458,49.16685742],[7.02927362,49.16698907],[7.02915096,49.16714482],[7.02913286,49.16716626],[7.02873203,49.16809],[7.02819003,49.169339],[7.02768798,49.17049587],[7.027683,49.17055562],[7.02766968,49.17071842],[7.02793231,49.17229867],[7.02821665,49.17400933],[7.02847259,49.17554908],[7.02852808,49.17564538],[7.02889593,49.17616166],[7.02905236,49.17630441],[7.02924628,49.17648881],[7.0293233,49.17655871],[7.02945142,49.17667851],[7.02978276,49.1769615],[7.03020227,49.17730908],[7.0309347,49.17806227],[7.03107341,49.17820391],[7.03153376,49.17867395],[7.03202006,49.17926415],[7.03289601,49.18019472],[7.03310288,49.18045265],[7.0332999,49.18078422],[7.03332018,49.18087558],[7.03334765,49.18098944],[7.03337027,49.18108087],[7.03341248,49.18124415],[7.03366405,49.18188302],[7.03374599,49.18207598],[7.03377995,49.18217171],[7.03383052,49.18228833],[7.03386206,49.18237365],[7.03387326,49.18249602],[7.03391429,49.18294453],[7.03393978,49.18316065],[7.03391902,49.18334274],[7.03388653,49.18363312],[7.03387788,49.18372527],[7.03364709,49.18450622],[7.03358649,49.18512328],[7.03356068,49.18552606],[7.03349015,49.18610437],[7.03348301,49.186177],[7.03333756,49.18765806],[7.03334747,49.18777021],[7.03339326,49.18794011],[7.03353031,49.18840793],[7.03387897,49.189112],[7.03421767,49.18979592],[7.03427278,49.18986829],[7.03461415,49.19031069],[7.03473851,49.19047188],[7.03481085,49.19057257],[7.03494066,49.1909087],[7.03495466,49.19097493],[7.03498024,49.19133571],[7.035021,49.191418],[7.03265466,49.19136805],[7.03028833,49.19131805],[7.027922,49.191268],[7.02635729,49.19057569],[7.02479262,49.18988335],[7.02336782,49.18925287],[7.02311133,49.18944083],[7.02260237,49.19053067],[7.02208333,49.19164203],[7.02215924,49.19237803],[7.02163752,49.19315902],[7.02160775,49.19320567],[7.02149254,49.19318098],[7.02137609,49.19315629],[7.021351,49.19321],[7.02091128,49.19305773],[7.0192344,49.19270217],[7.01700307,49.19182237],[7.01618822,49.1914221],[7.015622,49.191226],[7.01453597,49.18994201],[7.01345,49.188658],[7.01212449,49.18829851],[7.01092601,49.18797345],[7.010719,49.18863425],[7.01049672,49.18935023],[7.01027783,49.19013077],[7.01001069,49.19108536],[7.00992728,49.19139302],[7.00985742,49.19157632],[7.00969013,49.19203223],[7.00919719,49.19332076],[7.0090719,49.1936561],[7.00897715,49.19390834],[7.00894366,49.19399099],[7.0083216,49.19401084],[7.00654877,49.19410182],[7.00419452,49.1942226],[7.00184027,49.19434332],[6.999486,49.194464],[6.99870603,49.19555234],[6.99792603,49.19664067],[6.997146,49.197729],[6.9956204,49.19874435],[6.99409473,49.19975969],[6.99398283,49.19983415],[6.99253397,49.20081949],[6.99228579,49.20094526],[6.99131145,49.20142949],[6.99069961,49.20175332],[6.99000978,49.20212248],[6.98970716,49.20229434],[6.98891981,49.20273153],[6.98747555,49.20340618],[6.98638083,49.20393543],[6.98531296,49.20448153],[6.98452515,49.20487315],[6.98316597,49.20550704],[6.98004546,49.20701535],[6.98002603,49.20702469],[6.97952557,49.207274],[6.97735133,49.20835702],[6.975177,49.20944],[6.972598,49.209518],[6.97236658,49.20940339],[6.97152401,49.20906992],[6.97124615,49.20895402],[6.97042764,49.20858998],[6.9697615,49.20825523],[6.96929499,49.20802221],[6.96910787,49.20792757],[6.96453349,49.20564839],[6.96169093,49.20416708],[6.96123925,49.20393109],[6.9609482,49.20377993],[6.9602284,49.20340042],[6.95995869,49.20325948],[6.95988219,49.20321898],[6.95963907,49.20309852],[6.95961871,49.20310644],[6.95793493,49.20402625],[6.95623379,49.20495548],[6.95453259,49.20588468],[6.95283133,49.20681385],[6.95113,49.207743],[6.95089625,49.20793071],[6.94966878,49.20906204],[6.94925281,49.20944195],[6.94809544,49.21051908],[6.9470758,49.21147259],[6.94570848,49.21272917],[6.94522476,49.2131711],[6.94512124,49.21326567],[6.9450476,49.21333318],[6.94472803,49.21364071],[6.94448611,49.21386722],[6.94446305,49.21388206],[6.94421975,49.21403619],[6.94403771,49.21414936],[6.94372801,49.21434711],[6.94287695,49.21487973],[6.9426369,49.21503212],[6.94160121,49.2156709],[6.94021874,49.21650323],[6.93988437,49.21677163],[6.93967854,49.21745607],[6.93944263,49.21824776],[6.93914426,49.2192695],[6.93896534,49.2198701],[6.93873677,49.22064104],[6.93862117,49.22102803],[6.93820845,49.22242115],[6.93820211,49.22242098],[6.938193,49.222452],[6.93577824,49.22236633],[6.93502402,49.22233955],[6.93419952,49.22231835],[6.93375976,49.22229467],[6.93336348,49.2222806],[6.93111667,49.2222],[6.93078301,49.22595224],[6.93044929,49.22970447],[6.93011553,49.2334567],[6.92978172,49.23720893],[6.92944785,49.24096115],[6.92911394,49.24471337],[6.92877998,49.24846559],[6.92844596,49.2522178],[6.92811189,49.25597002],[6.92777778,49.25972222],[6.96346401,49.26102184],[6.99915211,49.26231043],[7.03484207,49.263588],[7.07053385,49.26485455],[7.08257165,49.26527797],[7.07606371,49.26386721],[7.06200947,49.25864434],[7.04978548,49.25172598],[7.03986175,49.24337863],[7.03261911,49.23392371],[7.02833466,49.22372507],[7.02804797,49.22112506],[7.02791523,49.22112109],[7.02796674,49.22038839],[7.02717133,49.21317495],[7.02917185,49.20267884],[7.0342574,49.19263993],[7.042231,49.18344359],[7.05278523,49.17544267],[7.06551425,49.168944],[7.0791233,49.16446218],[7.05737753,49.16368749],[7.03339563,49.162828],[7.0333057,49.16323751],[7.0332285,49.16367123],[7.03315028,49.16383043],[7.03297366,49.16413957],[7.0329136,49.16422317],[7.032914,49.164227],[7.0329075,49.16423167]]],[[[7.24901976,49.27102185],[7.28472222,49.27222222],[7.28544557,49.26361119],[7.28616868,49.25500014],[7.28689153,49.24638907],[7.28761412,49.23777799],[7.28833647,49.22916688],[7.28905857,49.22055576],[7.28978041,49.21194463],[7.29050201,49.20333347],[7.29122335,49.1947223],[7.29194444,49.18611111],[7.29063854,49.18463896],[7.28933271,49.18316679],[7.28802696,49.1816946],[7.28672129,49.1802224],[7.2854157,49.17875019],[7.28411018,49.17727796],[7.28280474,49.17580571],[7.28149938,49.17433345],[7.2801941,49.17286118],[7.27888889,49.17138889],[7.25427315,49.17055416],[7.22965823,49.16971419],[7.20504416,49.16886897],[7.18043092,49.1680185],[7.15581853,49.16716279],[7.14729817,49.16686473],[7.15692427,49.1704396],[7.1691438,49.17734665],[7.1790767,49.18568307],[7.18634074,49.19512912],[7.19065555,49.20532229],[7.1909507,49.20792111],[7.19152965,49.20793791],[7.19131549,49.21113309],[7.1918536,49.21587118],[7.19052114,49.22298443],[7.19032524,49.22590731],[7.18997553,49.22589716],[7.18988687,49.22637047],[7.18482902,49.23641651],[7.17687283,49.24562282],[7.16632306,49.25363505],[7.15358486,49.26014464],[7.13914829,49.26490081],[7.12822831,49.26687711],[7.14192287,49.26735455],[7.17762006,49.26858802],[7.21331903,49.26981045],[7.24901976,49.27102185]]]],"type":"MultiPolygon"},"properties":{"upper_limit_alt_ref":"MSL","upper_limit_altitude":3600.0,"lower_limit_altitude":1385.170648,"lower_limit_alt_ref":"MSL","legal_ref":"NfL 2026-1-3960","generated_name_EN":"Saarbruecken (EDDR) zone 4","lower_limit_unit":"ft","type_code_detail":"U_CONTROL_ZONE_4","external_reference":"10791_ctr","name":["Saarbruecken (EDDR) Zone 4"],"upper_limit_unit":"ft","generated_name_DE":"Saarbruecken (EDDR) Zone 4","type_code":"KONTROLLZONE"}},{"type":"Feature","geometry":{"coordinates":[[[9.24442943,48.68157554],[9.24353428,48.68149684],[9.24354038,48.68147722],[9.24328118,48.68144188],[9.24294951,48.68139547],[9.24040623,48.68120279],[9.23785351,48.6813294],[9.23639299,48.68159024],[9.23577884,48.68147187],[9.23523958,48.68136789],[9.23328676,48.68054094],[9.23240325,48.68030719],[9.23165924,48.67941106],[9.22990818,48.67804131],[9.22778147,48.67692895],[9.22536375,48.67611825],[9.2227512,48.67564145],[9.2225412,48.67561772],[9.2221359,48.67556515],[9.2194726,48.67539749],[9.2187293,48.67544811],[9.21862188,48.67535869],[9.21668703,48.67425599],[9.21663907,48.67423348],[9.21557449,48.6737015],[9.21540613,48.67361871],[9.21468019,48.67326745],[9.21422439,48.67305624],[9.21377493,48.67285692],[9.21133221,48.67199802],[9.20867751,48.67148455],[9.20592083,48.67133779],[9.20542658,48.6713785],[9.20451895,48.67082783],[9.2021986,48.66990263],[9.19964728,48.66930069],[9.19945167,48.66926866],[9.19697199,48.66902058],[9.19446572,48.66907864],[9.19286804,48.66921417],[9.19135873,48.66946223],[9.19134163,48.66946009],[9.18857628,48.66949156],[9.1878561,48.66954867],[9.18543413,48.6698913],[9.18529561,48.66991985],[9.18275423,48.67063865],[9.18048502,48.6716832],[9.1794013,48.67243891],[9.14250884,48.66541981],[9.13500088,48.6827113],[9.17083033,48.68952851],[9.17089771,48.68997269],[9.17136048,48.69153795],[9.17174604,48.69249055],[9.17173122,48.6924935],[9.17183828,48.69272919],[9.1718607,48.69276373],[9.17189011,48.69282051],[9.1718966,48.69281903],[9.17256538,48.6938493],[9.17278984,48.69426793],[9.17293354,48.69441642],[9.17305626,48.69460546],[9.17309554,48.69465091],[9.17381963,48.69533206],[9.17446247,48.69599632],[9.17452984,48.69605102],[9.17682979,48.69752344],[9.17692036,48.69756908],[9.17910699,48.69846812],[9.18151055,48.69907806],[9.18233078,48.69917481],[9.18308672,48.69963196],[9.1831443,48.69965473],[9.18416249,48.70033822],[9.18650882,48.70136677],[9.18912495,48.70205334],[9.18945687,48.70211503],[9.19030203,48.70227333],[9.19030982,48.7022551],[9.19153306,48.70242796],[9.19192002,48.70250248],[9.1927101,48.70263775],[9.19279654,48.70265073],[9.19477994,48.70284808],[9.19503857,48.702861],[9.19578006,48.70288459],[9.19607204,48.70288859],[9.19745739,48.70286078],[9.19771534,48.70284686],[9.197715,48.70284415],[9.19847255,48.70282985],[9.20075299,48.70252397],[9.20269818,48.70202255],[9.20323573,48.70194848],[9.20323666,48.70195151],[9.20339034,48.70193073],[9.20339489,48.70193045],[9.20353706,48.7019206],[9.20373097,48.70191066],[9.2046716,48.70184054],[9.20537005,48.70177208],[9.20598711,48.70171644],[9.20656664,48.70167704],[9.20740003,48.70163177],[9.20792991,48.70161412],[9.2088376,48.70158799],[9.2100394,48.70157444],[9.2103225,48.70157169],[9.21107459,48.70158341],[9.21269502,48.70160766],[9.2141211,48.70164433],[9.21434039,48.70164234],[9.21460763,48.70167336],[9.21473611,48.7016803],[9.2148868,48.70172524],[9.2174646,48.70212152],[9.21790908,48.70216019],[9.21983171,48.70235636],[9.22213022,48.7026727],[9.22387019,48.70294735],[9.22916344,48.70390963],[9.23680319,48.70534363],[9.23938908,48.70565408],[9.23997725,48.7056863],[9.24149832,48.70571306],[9.24198957,48.70570348],[9.24326184,48.70563901],[9.24432773,48.70555152],[9.24586597,48.70566321],[9.24854254,48.7055055],[9.24861054,48.70549223],[9.25078296,48.70534278],[9.25245211,48.70501005],[9.3054136,48.71501943],[9.31286791,48.69771705],[9.25841165,48.68742497],[9.25787369,48.6869223],[9.25708091,48.68625127],[9.25698945,48.68618099],[9.25678166,48.68602128],[9.25497579,48.68486823],[9.25288059,48.68395464],[9.2505675,48.68331165],[9.24962573,48.68311531],[9.24742632,48.68234307],[9.24442943,48.68157554]]],"type":"Polygon"},"properties":{"upper_limit_alt_ref":"MSL","upper_limit_altitude":3500.0,"lower_limit_altitude":0.0,"lower_limit_alt_ref":"AGL","legal_ref":"NfL 2026-1-3960","generated_name_EN":"Stuttgart (EDDS) zone 1","lower_limit_unit":"m","type_code_detail":"U_CONTROL_ZONE_1","external_reference":"DFSDEFPFHXX48689833092220000000220","name":["Stuttgart (EDDS) Zone 1"],"upper_limit_unit":"ft","generated_name_DE":"Stuttgart (EDDS) Zone 1","type_code":"KONTROLLZONE"}},{"type":"Feature","geometry":{"coordinates":[[[[9.26704903,48.66979016],[9.26026445,48.66435271],[9.2520102,48.65989591],[9.24260331,48.65659077],[9.23240481,48.65456406],[9.22180589,48.65389352],[9.21121302,48.65460487],[9.20103245,48.65667082],[9.19165469,48.66001214],[9.18343966,48.66450066],[9.17670289,48.66996417],[9.1753372,48.67166568],[9.1794013,48.67243891],[9.18048502,48.6716832],[9.18275423,48.67063865],[9.18529561,48.66991985],[9.18543413,48.6698913],[9.1878561,48.66954867],[9.18857628,48.66949156],[9.19134163,48.66946009],[9.19135873,48.66946223],[9.19286804,48.66921417],[9.19446572,48.66907864],[9.19697199,48.66902058],[9.19945167,48.66926866],[9.19964728,48.66930069],[9.2021986,48.66990263],[9.20451895,48.67082783],[9.20542658,48.6713785],[9.20592083,48.67133779],[9.20867751,48.67148455],[9.21133221,48.67199802],[9.21377493,48.67285692],[9.21422439,48.67305624],[9.21468019,48.67326745],[9.21540613,48.67361871],[9.21557449,48.6737015],[9.21663907,48.67423348],[9.21668703,48.67425599],[9.21862188,48.67535869],[9.2187293,48.67544811],[9.2194726,48.67539749],[9.2221359,48.67556515],[9.2225412,48.67561772],[9.2227512,48.67564145],[9.22536375,48.67611825],[9.22778147,48.67692895],[9.22990818,48.67804131],[9.23165924,48.67941106],[9.23240325,48.68030719],[9.23328676,48.68054094],[9.23523958,48.68136789],[9.23577884,48.68147187],[9.23639299,48.68159024],[9.23785351,48.6813294],[9.24040623,48.68120279],[9.24294951,48.68139547],[9.24328118,48.68144188],[9.24354038,48.68147722],[9.24353428,48.68149684],[9.24442943,48.68157554],[9.24742632,48.68234307],[9.24962573,48.68311531],[9.2505675,48.68331165],[9.25288059,48.68395464],[9.25497579,48.68486823],[9.25678166,48.68602128],[9.25698945,48.68618099],[9.25708091,48.68625127],[9.25787369,48.6869223],[9.25841165,48.68742497],[9.27616821,48.69078091],[9.27631442,48.68976025],[9.27523184,48.68274261],[9.27210306,48.67599959],[9.26704903,48.66979016]]],[[[9.17179711,48.70373414],[9.17684285,48.70994772],[9.1836246,48.71539004],[9.19188192,48.71985169],[9.2012973,48.72316093],[9.21150844,48.72519035],[9.2221222,48.72586181],[9.23272987,48.72514944],[9.24292294,48.7230807],[9.25230899,48.71973522],[9.26052685,48.71524183],[9.26726055,48.70977347],[9.26862699,48.708067],[9.25245211,48.70501005],[9.25078296,48.70534278],[9.24861054,48.70549223],[9.24854254,48.7055055],[9.24586597,48.70566321],[9.24432773,48.70555152],[9.24326184,48.70563901],[9.24198957,48.70570348],[9.24149832,48.70571306],[9.23997725,48.7056863],[9.23938908,48.70565408],[9.23680319,48.70534363],[9.22916344,48.70390963],[9.22387019,48.70294735],[9.22213022,48.7026727],[9.21983171,48.70235636],[9.21790908,48.70216019],[9.2174646,48.70212152],[9.2148868,48.70172524],[9.21473611,48.7016803],[9.21460763,48.70167336],[9.21434039,48.70164234],[9.2141211,48.70164433],[9.21269502,48.70160766],[9.21107459,48.70158341],[9.2103225,48.70157169],[9.2100394,48.70157444],[9.2088376,48.70158799],[9.20792991,48.70161412],[9.20740003,48.70163177],[9.20656664,48.70167704],[9.20598711,48.70171644],[9.20537005,48.70177208],[9.2046716,48.70184054],[9.20373097,48.70191066],[9.20353706,48.7019206],[9.20339489,48.70193045],[9.20339034,48.70193073],[9.20323666,48.70195151],[9.20323573,48.70194848],[9.20269818,48.70202255],[9.20075299,48.70252397],[9.19847255,48.70282985],[9.197715,48.70284415],[9.19771534,48.70284686],[9.19745739,48.70286078],[9.19607204,48.70288859],[9.19578006,48.70288459],[9.19503857,48.702861],[9.19477994,48.70284808],[9.19279654,48.70265073],[9.1927101,48.70263775],[9.19192002,48.70250248],[9.19153306,48.70242796],[9.19030982,48.7022551],[9.19030203,48.70227333],[9.18945687,48.70211503],[9.18912495,48.70205334],[9.18650882,48.70136677],[9.18416249,48.70033822],[9.1831443,48.69965473],[9.18308672,48.69963196],[9.18233078,48.69917481],[9.18151055,48.69907806],[9.17910699,48.69846812],[9.17692036,48.69756908],[9.17682979,48.69752344],[9.17452984,48.69605102],[9.17446247,48.69599632],[9.17381963,48.69533206],[9.17309554,48.69465091],[9.17305626,48.69460546],[9.17293354,48.69441642],[9.17278984,48.69426793],[9.17256538,48.6938493],[9.1718966,48.69281903],[9.17189011,48.69282051],[9.1718607,48.69276373],[9.17183828,48.69272919],[9.17173122,48.6924935],[9.17174604,48.69249055],[9.17136048,48.69153795],[9.17089771,48.68997269],[9.17083033,48.68952851],[9.16776206,48.68894472],[9.16761304,48.68996967],[9.16868083,48.69698832],[9.17179711,48.70373414]]]],"type":"MultiPolygon"},"properties":{"upper_limit_alt_ref":"MSL","upper_limit_altitude":3500.0,"lower_limit_altitude":1357.939676,"lower_limit_alt_ref":"MSL","legal_ref":"NfL 2026-1-3960","generated_name_EN":"Stuttgart (EDDS) zone 2","lower_limit_unit":"ft","type_code_detail":"U_CONTROL_ZONE_2","external_reference":"70_4000","name":["Stuttgart (EDDS) Zone 2"],"upper_limit_unit":"ft","generated_name_DE":"Stuttgart (EDDS) Zone 2","type_code":"KONTROLLZONE"}},{"type":"Feature","geometry":{"coordinates":[[[[9.27217404,48.64768437],[9.24838838,48.64317447],[9.21315618,48.63647686],[9.20584324,48.63696795],[9.19057705,48.64006583],[9.17651353,48.64507626],[9.16419205,48.65180722],[9.15408576,48.66000066],[9.14877602,48.66661219],[9.1753372,48.67166568],[9.17670289,48.66996417],[9.18343966,48.66450066],[9.19165469,48.66001214],[9.20103245,48.65667082],[9.21121302,48.65460487],[9.22180589,48.65389352],[9.23240481,48.65456406],[9.24260331,48.65659077],[9.2520102,48.65989591],[9.26026445,48.66435271],[9.26704903,48.66979016],[9.27210306,48.67599959],[9.27523184,48.68274261],[9.27631442,48.68976025],[9.27616821,48.69078091],[9.30262057,48.69578033],[9.30348955,48.68969186],[9.30186013,48.6791658],[9.29716229,48.66905233],[9.28957815,48.65973974],[9.27940023,48.65158539],[9.27217404,48.64768437]]],[[[9.16444042,48.72814137],[9.17322155,48.7328869],[9.20685997,48.73928517],[9.22865632,48.74342025],[9.23811853,48.74278481],[9.25341283,48.73968063],[9.26749502,48.73466087],[9.27982287,48.72791894],[9.28992225,48.71971458],[9.29522119,48.71309313],[9.26862699,48.708067],[9.26726055,48.70977347],[9.26052685,48.71524183],[9.25230899,48.71973522],[9.24292294,48.7230807],[9.23272987,48.72514944],[9.2221222,48.72586181],[9.21150844,48.72519035],[9.2012973,48.72316093],[9.19188192,48.71985169],[9.1836246,48.71539004],[9.17684285,48.70994772],[9.17179711,48.70373414],[9.16868083,48.69698832],[9.16761304,48.68996967],[9.16776206,48.68894472],[9.14132637,48.68391484],[9.14043752,48.690006],[9.14203365,48.70053435],[9.14670338,48.71065412],[9.15426886,48.71997605],[9.16444042,48.72814137]]]],"type":"MultiPolygon"},"properties":{"upper_limit_alt_ref":"MSL","upper_limit_altitude":3500.0,"lower_limit_altitude":1423.556476,"lower_limit_alt_ref":"MSL","legal_ref":"NfL 2026-1-3960","generated_name_EN":"Stuttgart (EDDS) zone 3","lower_limit_unit":"ft","type_code_detail":"U_CONTROL_ZONE_3","external_reference":"70_6000","name":["Stuttgart (EDDS) Zone 3"],"upper_limit_unit":"ft","generated_name_DE":"Stuttgart (EDDS) Zone 3","type_code":"KONTROLLZONE"}},{"type":"Feature","geometry":{"coordinates":[[[[9.05364187,48.60600939],[9.005,48.59666667],[9.00086818,48.60627852],[8.9967348,48.61589021],[8.99259984,48.62550173],[8.98846331,48.63511309],[8.98432522,48.64472428],[8.98018555,48.65433531],[8.9760443,48.66394618],[8.97190148,48.67355688],[8.96775708,48.68316741],[8.96361111,48.69277778],[9.01222498,48.70212035],[9.06085683,48.7114424],[9.10950663,48.72074389],[9.15817435,48.73002482],[9.17322155,48.7328869],[9.16444042,48.72814137],[9.15426886,48.71997605],[9.14670338,48.71065412],[9.14203365,48.70053435],[9.14043752,48.690006],[9.14132637,48.68391484],[9.13500088,48.6827113],[9.14250884,48.66541981],[9.14877602,48.66661219],[9.15408576,48.66000066],[9.16419205,48.65180722],[9.17651353,48.64507626],[9.19057705,48.64006583],[9.20584324,48.63696795],[9.21315618,48.63647686],[9.19967495,48.6339141],[9.15097938,48.62463312],[9.10230168,48.61533155],[9.05364187,48.60600939]]],[[[9.40178087,48.77612052],[9.45055556,48.78527778],[9.45472938,48.77566742],[9.45890161,48.76605689],[9.46307224,48.7564462],[9.46724129,48.74683534],[9.47140875,48.73722431],[9.47557461,48.72761311],[9.47973889,48.71800175],[9.48390159,48.70839022],[9.4880627,48.69877853],[9.49222222,48.68916667],[9.44341998,48.68000956],[9.39463545,48.67083177],[9.34586865,48.66163332],[9.29711962,48.65241421],[9.27217404,48.64768437],[9.27940023,48.65158539],[9.28957815,48.65973974],[9.29716229,48.66905233],[9.30186013,48.6791658],[9.30348955,48.68969186],[9.30262057,48.69578033],[9.31286791,48.69771705],[9.3054136,48.71501943],[9.29522119,48.71309313],[9.28992225,48.71971458],[9.27982287,48.72791894],[9.26749502,48.73466087],[9.25341283,48.73968063],[9.23811853,48.74278481],[9.22865632,48.74342025],[9.25556346,48.74852493],[9.30428479,48.75774409],[9.35302393,48.76694262],[9.40178087,48.77612052]]]],"type":"MultiPolygon"},"properties":{"upper_limit_alt_ref":"MSL","upper_limit_altitude":3500.0,"lower_limit_altitude":1604.0026759999998,"lower_limit_alt_ref":"MSL","legal_ref":"NfL 2026-1-3960","generated_name_EN":"Stuttgart (EDDS) zone 4","lower_limit_unit":"ft","type_code_detail":"U_CONTROL_ZONE_4","external_reference":"999_ctr","name":["Stuttgart (EDDS) Zone 4"],"upper_limit_unit":"ft","generated_name_DE":"Stuttgart (EDDS) Zone 4","type_code":"KONTROLLZONE"}},{"type":"Feature","geometry":{"coordinates":[[[9.65230734,52.47995314],[9.66761965,52.47950715],[9.67214379,52.4794028],[9.67214379,52.47940278],[9.6722135,52.47940124],[9.67465631,52.47934009],[9.6750272,52.47932793],[9.67634439,52.47927458],[9.6765372,52.47927418],[9.67707869,52.47926695],[9.68205808,52.47914441],[9.68265626,52.47913278],[9.68289073,52.47912707],[9.68587729,52.47903984],[9.68958193,52.47893788],[9.68971859,52.47893422],[9.69294565,52.47884978],[9.69296365,52.4788493],[9.6940443,52.47882019],[9.69406716,52.47881953],[9.69486228,52.47897014],[9.69485165,52.47899413],[9.69693748,52.47933867],[9.69702362,52.47935273],[9.6990664,52.47968202],[9.70187313,52.47996099],[9.70471534,52.47990528],[9.70748697,52.47951695],[9.70904477,52.47919931],[9.71160833,52.47850456],[9.71299384,52.47791514],[9.71451109,52.47759734],[9.71690393,52.47676504],[9.71900098,52.47567517],[9.7193659,52.47539866],[9.77393078,52.47386084],[9.77297282,52.46128405],[9.78533462,52.46093412],[9.78396029,52.44297383],[9.72581856,52.44462009],[9.72523718,52.44437764],[9.72261107,52.44369082],[9.71981732,52.44332698],[9.71696117,52.44329983],[9.71636615,52.44332959],[9.71389235,52.44293902],[9.71102451,52.44283849],[9.70946261,52.44287711],[9.70917327,52.44286506],[9.70907357,52.44286836],[9.70588767,52.44324939],[9.70412124,52.4433126],[9.70129531,52.4435839],[9.69953199,52.44397789],[9.68910151,52.44426135],[9.68501182,52.44437117],[9.68482496,52.44437692],[9.68215971,52.44446917],[9.67861282,52.4445874],[9.67776188,52.4445608],[9.67372447,52.4446728],[9.6735344,52.44467882],[9.67111774,52.44476494],[9.66842674,52.44501489],[9.66585709,52.44556342],[9.66361706,52.44634952],[9.60261103,52.44801382],[9.60352092,52.46057915],[9.5785152,52.46125414],[9.57980442,52.47921703],[9.63430128,52.47774567],[9.63489703,52.47799872],[9.63748604,52.4786958],[9.64081895,52.47936798],[9.64112123,52.47942674],[9.64248704,52.47968237],[9.64491101,52.48000263],[9.64738864,52.48006989],[9.64759231,52.48006493],[9.65210492,52.47995837],[9.65216045,52.47995706],[9.65227527,52.47995406],[9.65230734,52.47995314]]],"type":"Polygon"},"properties":{"upper_limit_alt_ref":"MSL","upper_limit_altitude":2500.0,"lower_limit_altitude":0.0,"lower_limit_alt_ref":"AGL","legal_ref":"NfL 2026-1-3960","generated_name_EN":"Hannover (EDDV) zone 1","lower_limit_unit":"m","type_code_detail":"U_CONTROL_ZONE_1","external_reference":"DFSDEFPFHXX52469475096771170000220","name":["Hannover (EDDV) Zone 1"],"upper_limit_unit":"ft","generated_name_DE":"Hannover (EDDV) Zone 1","type_code":"KONTROLLZONE"}},{"type":"Feature","geometry":{"coordinates":[[[9.37254381,52.36447169],[9.35505007,52.36975337],[9.33755215,52.37503245],[9.33669518,52.3752908],[9.36888889,52.39],[9.41805556,52.3925],[9.46361111,52.40027778],[9.53583333,52.44277778],[9.53333333,52.46472222],[9.52193353,52.55758589],[9.56488886,52.55215764],[9.62536533,52.54448167],[9.68582067,52.5367748],[9.74625479,52.52903707],[9.80666764,52.52126848],[9.86705913,52.51346905],[9.9274292,52.50563881],[9.98777778,52.49777778],[9.98705408,52.48777787],[9.98633071,52.47777795],[9.98560767,52.467778],[9.98488496,52.45777804],[9.98416258,52.44777805],[9.98344052,52.43777804],[9.98271879,52.427778],[9.98199739,52.41777795],[9.98127631,52.40777787],[9.98055556,52.39777778],[9.92494484,52.3929787],[9.86934623,52.38815346],[9.81375976,52.38330207],[9.75818552,52.37842455],[9.70262355,52.3735209],[9.64707392,52.36859113],[9.59153669,52.36363526],[9.53601192,52.35865329],[9.48049967,52.35364524],[9.425,52.34861111],[9.40751878,52.35390056],[9.39003338,52.35918742],[9.37254381,52.36447169]],[[9.74531742,52.42169764],[9.75642898,52.42980142],[9.76474454,52.43907396],[9.76700228,52.44345399],[9.78396029,52.44297383],[9.78533462,52.46093412],[9.77297282,52.46128405],[9.77393078,52.47386084],[9.76849015,52.47401418],[9.76546015,52.48035533],[9.75745681,52.48973279],[9.74660664,52.497976],[9.73332606,52.50476746],[9.71812586,52.50984547],[9.70159144,52.51301427],[9.68436019,52.51415165],[9.66709663,52.51321373],[9.65046657,52.5102367],[9.63511112,52.50533533],[9.62162177,52.49869858],[9.61051742,52.49058221],[9.60222438,52.48129884],[9.60086819,52.47864833],[9.57980442,52.47921703],[9.5785152,52.46125414],[9.59524042,52.46080267],[9.59522098,52.46069151],[9.59677543,52.45016005],[9.60166135,52.44001607],[9.60968894,52.43064901],[9.62054834,52.42241824],[9.63382171,52.41563937],[9.64899939,52.41057218],[9.66549938,52.4074108],[9.68268954,52.40627629],[9.69991161,52.40721209],[9.71650609,52.41018236],[9.73183729,52.41507333],[9.74531742,52.42169764]]],"type":"Polygon"},"properties":{"upper_limit_alt_ref":"MSL","upper_limit_altitude":2500.0,"lower_limit_altitude":510.82678799999996,"lower_limit_alt_ref":"MSL","legal_ref":"NfL 2026-1-3960","generated_name_EN":"Hannover (EDDV) zone 4","lower_limit_unit":"ft","type_code_detail":"U_CONTROL_ZONE_4","external_reference":"14770_ctr","name":["Hannover (EDDV) Zone 4"],"upper_limit_unit":"ft","generated_name_DE":"Hannover (EDDV) Zone 4","type_code":"KONTROLLZONE"}},{"type":"Feature","geometry":{"coordinates":[[[8.76282432,53.05709743],[8.76384396,53.05813667],[8.76582116,53.05946136],[8.7679657,53.06063898],[8.76891508,53.06118615],[8.76991662,53.0617139],[8.77022675,53.06186315],[8.77259548,53.06279612],[8.77282214,53.06286791],[8.77657875,53.0636931],[8.77689933,53.06373532],[8.78028152,53.06394195],[8.78054645,53.06393986],[8.78093243,53.0639338],[8.78105555,53.06393091],[8.78399978,53.06368318],[8.78680401,53.06308874],[8.78935689,53.06217119],[8.79002383,53.06180617],[8.79132329,53.06148128],[8.79368632,53.06054157],[8.79384482,53.06044832],[8.79431602,53.06026563],[8.79501294,53.05996704],[8.79624284,53.05937899],[8.7964572,53.05926492],[8.79692142,53.05899212],[8.79704089,53.05894392],[8.79800537,53.05837631],[8.80059554,53.05861883],[8.80108292,53.05863571],[8.80136758,53.05864393],[8.80179637,53.05865383],[8.804739,53.05854616],[8.80575317,53.05838454],[8.80618587,53.05839553],[8.80854807,53.05829394],[8.80876792,53.0582965],[8.80935583,53.05830693],[8.81172719,53.05823509],[8.81199377,53.05821411],[8.81241961,53.05817682],[8.81267434,53.05815225],[8.81354587,53.05805208],[8.8138362,53.05801329],[8.81510507,53.05780804],[8.81538362,53.05775496],[8.81638975,53.05753906],[8.81668614,53.05746816],[8.81678635,53.05744394],[8.81762809,53.05723831],[8.81804681,53.05713152],[8.81852699,53.05700381],[8.81852369,53.05699931],[8.82001722,53.05660052],[8.87884224,53.05790549],[8.8799276,53.03993869],[8.82314641,53.03867956],[8.82189389,53.03789592],[8.82179879,53.03784687],[8.81963852,53.03691975],[8.81724005,53.03623786],[8.81714797,53.03621749],[8.81464927,53.0358164],[8.81486278,53.03471968],[8.81461562,53.0329315],[8.81378426,53.03120854],[8.81338025,53.03060406],[8.8119713,53.02899069],[8.81005145,53.02758187],[8.80769969,53.02643554],[8.80501275,53.02559885],[8.80210114,53.02510618],[8.79908457,53.02497781],[8.79608707,53.02521901],[8.79323187,53.02581985],[8.79244656,53.02604124],[8.79003813,53.0268943],[8.78793577,53.0280032],[8.78743378,53.02838959],[8.78649736,53.02855959],[8.78399535,53.02934898],[8.78262659,53.02988602],[8.7818591,53.03025706],[8.73552494,53.00824878],[8.71706717,53.02236717],[8.74778604,53.03696475],[8.70050386,53.0358672],[8.699344,53.05383224],[8.75521569,53.05512921],[8.75554953,53.05522927],[8.75771131,53.05562112],[8.75794996,53.05574609],[8.7604588,53.05661404],[8.76282432,53.05709743]]],"type":"Polygon"},"properties":{"upper_limit_alt_ref":"MSL","upper_limit_altitude":2500.0,"lower_limit_altitude":0.0,"lower_limit_alt_ref":"AGL","legal_ref":"NfL 2026-1-3960","generated_name_EN":"Bremen (EDDW) zone 1","lower_limit_unit":"m","type_code_detail":"U_CONTROL_ZONE_1","external_reference":"DFSDEFPFHXX53046443087875940000220","name":["Bremen (EDDW) Zone 1"],"upper_limit_unit":"ft","generated_name_DE":"Bremen (EDDW) Zone 1","type_code":"KONTROLLZONE"}},{"type":"Feature","geometry":{"coordinates":[[[[8.82903966,53.02204226],[8.82002163,53.01755716],[8.8097275,53.01421829],[8.79855225,53.01215369],[8.78692444,53.01144251],[8.77528983,53.01211202],[8.76409447,53.01413654],[8.7544277,53.01722741],[8.7818591,53.03025706],[8.78262659,53.02988602],[8.78399535,53.02934898],[8.78649736,53.02855959],[8.78743378,53.02838959],[8.78793577,53.0280032],[8.79003813,53.0268943],[8.79244656,53.02604124],[8.79323187,53.02581985],[8.79608707,53.02521901],[8.79908457,53.02497781],[8.80210114,53.02510618],[8.80501275,53.02559885],[8.80769969,53.02643554],[8.81005145,53.02758187],[8.8119713,53.02899069],[8.81338025,53.03060406],[8.81378426,53.03120854],[8.81461562,53.0329315],[8.81486278,53.03471968],[8.81464927,53.0358164],[8.81714797,53.03621749],[8.81724005,53.03623786],[8.81963852,53.03691975],[8.82179879,53.03784687],[8.82189389,53.03789592],[8.82314641,53.03867956],[8.84463544,53.03915608],[8.84192392,53.03372556],[8.83643523,53.02750155],[8.82903966,53.02204226]]],[[[8.74778604,53.03696475],[8.73434556,53.03057785],[8.73170648,53.03352805],[8.73016213,53.03655565],[8.74778604,53.03696475]]],[[[8.74440498,53.07274214],[8.75342665,53.07723293],[8.76373142,53.08057665],[8.7749227,53.08264451],[8.78656949,53.08335688],[8.79822312,53.0826863],[8.80943468,53.0806586],[8.81977238,53.07735189],[8.82883833,53.07289352],[8.83628391,53.06745515],[8.8418232,53.06124609],[8.84391166,53.05713059],[8.82001722,53.05660052],[8.81852369,53.05699931],[8.81852699,53.05700381],[8.81804681,53.05713152],[8.81762809,53.05723831],[8.81678635,53.05744394],[8.81668614,53.05746816],[8.81638975,53.05753906],[8.81538362,53.05775496],[8.81510507,53.05780804],[8.8138362,53.05801329],[8.81354587,53.05805208],[8.81267434,53.05815225],[8.81241961,53.05817682],[8.81199377,53.05821411],[8.81172719,53.05823509],[8.80935583,53.05830693],[8.80876792,53.0582965],[8.80854807,53.05829394],[8.80618587,53.05839553],[8.80575317,53.05838454],[8.804739,53.05854616],[8.80179637,53.05865383],[8.80136758,53.05864393],[8.80108292,53.05863571],[8.80059554,53.05861883],[8.79800537,53.05837631],[8.79704089,53.05894392],[8.79692142,53.05899212],[8.7964572,53.05926492],[8.79624284,53.05937899],[8.79501294,53.05996704],[8.79431602,53.06026563],[8.79384482,53.06044832],[8.79368632,53.06054157],[8.79132329,53.06148128],[8.79002383,53.06180617],[8.78935689,53.06217119],[8.78680401,53.06308874],[8.78399978,53.06368318],[8.78105555,53.06393091],[8.78093243,53.0639338],[8.78054645,53.06393986],[8.78028152,53.06394195],[8.77689933,53.06373532],[8.77657875,53.0636931],[8.77282214,53.06286791],[8.77259548,53.06279612],[8.77022675,53.06186315],[8.76991662,53.0617139],[8.76891508,53.06118615],[8.7679657,53.06063898],[8.76582116,53.05946136],[8.76384396,53.05813667],[8.76282432,53.05709743],[8.7604588,53.05661404],[8.75794996,53.05574609],[8.75771131,53.05562112],[8.75554953,53.05522927],[8.75521569,53.05512921],[8.72828511,53.05450406],[8.73153553,53.06104837],[8.73701334,53.06727717],[8.74440498,53.07274214]]]],"type":"MultiPolygon"},"properties":{"upper_limit_alt_ref":"MSL","upper_limit_altitude":2500.0,"lower_limit_altitude":96.128612,"lower_limit_alt_ref":"MSL","legal_ref":"NfL 2026-1-3960","generated_name_EN":"Bremen (EDDW) zone 2","lower_limit_unit":"ft","type_code_detail":"U_CONTROL_ZONE_2","external_reference":"71_4000","name":["Bremen (EDDW) Zone 2"],"upper_limit_unit":"ft","generated_name_DE":"Bremen (EDDW) Zone 2","type_code":"KONTROLLZONE"}},{"type":"Feature","geometry":{"coordinates":[[[8.85016732,53.0093578],[8.83664164,53.00263228],[8.82120443,52.9976258],[8.80444756,52.99453011],[8.78701294,52.99346378],[8.76956815,52.99446764],[8.75278116,52.99750323],[8.73729502,53.00245432],[8.72370346,53.00913124],[8.71252829,53.01727812],[8.70419942,53.02658262],[8.69903828,53.03668779],[8.69724525,53.04720572],[8.69889165,53.05773235],[8.70391667,53.06786302],[8.71212927,53.07720801],[8.72321526,53.08540758],[8.73674911,53.09214591],[8.75221026,53.09716331],[8.75341278,53.09738552],[8.78429076,53.09793024],[8.81435238,53.09845092],[8.82079154,53.09728632],[8.83630217,53.09232446],[8.84990256,53.08563477],[8.86106955,53.07747507],[8.86937448,53.06815966],[8.87449956,53.05804715],[8.87453901,53.05781003],[8.84391166,53.05713059],[8.8418232,53.06124609],[8.83628391,53.06745515],[8.82883833,53.07289352],[8.81977238,53.07735189],[8.80943468,53.0806586],[8.79822312,53.0826863],[8.78656949,53.08335688],[8.7749227,53.08264451],[8.76373142,53.08057665],[8.75342665,53.07723293],[8.74440498,53.07274214],[8.73701334,53.06727717],[8.73153553,53.06104837],[8.72828511,53.05450406],[8.699344,53.05383224],[8.70050386,53.0358672],[8.73016213,53.03655565],[8.73170648,53.03352805],[8.73434556,53.03057785],[8.71706717,53.02236717],[8.73552494,53.00824878],[8.7544277,53.01722741],[8.76409447,53.01413654],[8.77528983,53.01211202],[8.78692444,53.01144251],[8.79855225,53.01215369],[8.8097275,53.01421829],[8.82002163,53.01755716],[8.82903966,53.02204226],[8.83643523,53.02750155],[8.84192392,53.03372556],[8.84463544,53.03915608],[8.8750145,53.03982974],[8.87456068,53.03700236],[8.86949923,53.02687883],[8.86126213,53.01754461],[8.85016732,53.0093578]]],"type":"Polygon"},"properties":{"upper_limit_alt_ref":"MSL","upper_limit_altitude":2500.0,"lower_limit_altitude":161.745412,"lower_limit_alt_ref":"MSL","legal_ref":"NfL 2026-1-3960","generated_name_EN":"Bremen (EDDW) zone 3","lower_limit_unit":"ft","type_code_detail":"U_CONTROL_ZONE_3","external_reference":"71_6000","name":["Bremen (EDDW) Zone 3"],"upper_limit_unit":"ft","generated_name_DE":"Bremen (EDDW) Zone 3","type_code":"KONTROLLZONE"}},{"type":"Feature","geometry":{"coordinates":[[[8.89871294,53.09987536],[8.93685592,53.10049929],[8.975,53.101111],[8.97572419,53.08788895],[8.97644794,53.07466687],[8.97717124,53.06144476],[8.9778941,53.04822261],[8.97861652,53.03500042],[8.9793385,53.02177821],[8.98006004,53.00855596],[8.98078113,52.99533367],[8.98150179,52.98211135],[8.982222,52.968889],[8.96316531,52.96859715],[8.94410887,52.96830224],[8.9250527,52.96800427],[8.90599679,52.96770325],[8.88694114,52.96739918],[8.86788576,52.96709205],[8.84883066,52.96678187],[8.82977583,52.96646864],[8.81072127,52.96615234],[8.791667,52.965833],[8.7725116,52.96868031],[8.75335368,52.97152452],[8.73419325,52.97436565],[8.7150303,52.97720369],[8.69586485,52.98003864],[8.67669688,52.9828705],[8.65752642,52.98569926],[8.63835344,52.98852493],[8.61917797,52.99134751],[8.6,52.994167],[8.59936243,53.00419479],[8.59872457,53.01422256],[8.59808641,53.02425031],[8.59744796,53.03427805],[8.59680921,53.04430576],[8.59617016,53.05433345],[8.59553082,53.06436111],[8.59489117,53.07438876],[8.59425124,53.08441639],[8.593611,53.094444],[8.63174446,53.09516568],[8.66987919,53.09587515],[8.70801517,53.0965724],[8.74615236,53.09725743],[8.75341278,53.09738552],[8.75221026,53.09716331],[8.73674911,53.09214591],[8.72321526,53.08540758],[8.71212927,53.07720801],[8.70391667,53.06786302],[8.69889165,53.05773235],[8.69724525,53.04720572],[8.69903828,53.03668779],[8.70419942,53.02658262],[8.71252829,53.01727812],[8.72370346,53.00913124],[8.73729502,53.00245432],[8.75278116,52.99750323],[8.76956815,52.99446764],[8.78701294,52.99346378],[8.80444756,52.99453011],[8.82120443,52.9976258],[8.83664164,53.00263228],[8.85016732,53.0093578],[8.86126213,53.01754461],[8.86949923,53.02687883],[8.87456068,53.03700236],[8.8750145,53.03982974],[8.8799276,53.03993869],[8.87884224,53.05790549],[8.87453901,53.05781003],[8.87449956,53.05804715],[8.86937448,53.06815966],[8.86106955,53.07747507],[8.84990256,53.08563477],[8.83630217,53.09232446],[8.82079154,53.09728632],[8.81435238,53.09845092],[8.82243034,53.09859084],[8.86057107,53.09923921],[8.89871294,53.09987536]]],"type":"Polygon"},"properties":{"upper_limit_alt_ref":"MSL","upper_limit_altitude":2500.0,"lower_limit_altitude":342.19161199999996,"lower_limit_alt_ref":"MSL","legal_ref":"NfL 2026-1-3960","generated_name_EN":"Bremen (EDDW) zone 4","lower_limit_unit":"ft","type_code_detail":"U_CONTROL_ZONE_4","external_reference":"919_ctr","name":["Bremen (EDDW) Zone 4"],"upper_limit_unit":"ft","generated_name_DE":"Bremen (EDDW) Zone 4","type_code":"KONTROLLZONE"}},{"type":"Feature","geometry":{"coordinates":[[[9.86162512,53.53020162],[9.85914959,53.52903329],[9.85756208,53.5285644],[9.85742495,53.52826235],[9.85716312,53.52777252],[9.85578507,53.52593609],[9.85561093,53.52576005],[9.85548633,53.52563635],[9.85526621,53.52542177],[9.8552254,53.52538165],[9.85336222,53.52391354],[9.85322759,53.52382743],[9.85290938,53.52363002],[9.85246098,53.52336018],[9.85212302,53.52316308],[9.85200599,53.52309693],[9.84996768,53.52212967],[9.84979841,53.52206271],[9.84748607,53.52131233],[9.84731195,53.52126708],[9.84705171,53.52120116],[9.84688097,53.52115903],[9.84642036,53.52105063],[9.84627891,53.52101893],[9.84513237,53.52079276],[9.8449997,53.52077006],[9.84280319,53.52049763],[9.84267407,53.52048751],[9.84147021,53.52042227],[9.84085633,53.52040374],[9.84042987,53.52039447],[9.83868607,53.52037126],[9.8367541,53.52041939],[9.8365514,53.52043224],[9.83573154,53.52049777],[9.83549862,53.52052028],[9.83338631,53.52085244],[9.83235966,53.52036504],[9.83233864,53.52035508],[9.83121137,53.51982185],[9.83118271,53.51980833],[9.83068852,53.51957571],[9.83018627,53.5193393],[9.82919564,53.51887303],[9.82787804,53.51824957],[9.82781899,53.51822177],[9.82700772,53.5178418],[9.82629845,53.51752914],[9.82598301,53.51739842],[9.8249116,53.51699316],[9.82442799,53.51682681],[9.82328095,53.51647042],[9.8230089,53.51639455],[9.82249989,53.51625937],[9.82219609,53.51618266],[9.8210101,53.51591763],[9.82042995,53.51580429],[9.82018991,53.5157574],[9.81948816,53.51563149],[9.81869007,53.51550079],[9.81801157,53.51534009],[9.81718579,53.51519564],[9.77150851,53.49361232],[9.75277001,53.50769564],[9.7962462,53.52824397],[9.7966075,53.52890814],[9.79665929,53.52898276],[9.79824633,53.53070665],[9.80042466,53.53218365],[9.80051994,53.53223551],[9.80126511,53.53261537],[9.80196741,53.53295044],[9.80197239,53.53295514],[9.80165112,53.5331045],[9.80143966,53.53321651],[9.79982821,53.53421253],[9.79967855,53.53432056],[9.79819522,53.53560327],[9.79806847,53.53573623],[9.79698896,53.53713577],[9.79689281,53.53729519],[9.79629796,53.53856891],[9.79625006,53.5387113],[9.79596148,53.54023539],[9.79595497,53.54037963],[9.79608012,53.54180139],[9.796112,53.54194475],[9.7965931,53.5432979],[9.79666795,53.54344968],[9.79750868,53.54476393],[9.79762716,53.54491292],[9.79892245,53.54623658],[9.79907598,53.54636657],[9.80079552,53.54757888],[9.80096531,53.5476791],[9.80259683,53.54851363],[9.80278005,53.54859459],[9.80402537,53.54908972],[9.80421905,53.54915871],[9.80442538,53.54923775],[9.80487005,53.54941585],[9.80533169,53.54961523],[9.8057712,53.5498179],[9.80600179,53.54993323],[9.80670376,53.55040816],[9.80688597,53.55051522],[9.80782562,53.55148202],[9.80800345,53.55164107],[9.80982022,53.55297088],[9.81001366,53.55308768],[9.81185168,53.55403188],[9.81209261,53.55413677],[9.81394206,53.55482562],[9.81415494,53.55489268],[9.8155919,53.55528938],[9.81585513,53.55535228],[9.81683223,53.5555628],[9.81713254,53.55562062],[9.81723333,53.5556398],[9.819412,53.55604924],[9.82220095,53.55640504],[9.82505253,53.55644205],[9.82786487,53.55615892],[9.82932648,53.55592541],[9.83022093,53.55578304],[9.83116932,53.55563377],[9.83180726,53.55553336],[9.83326799,53.5552064],[9.83328365,53.55520528],[9.83525986,53.55498348],[9.83551494,53.55494422],[9.83564969,53.55492308],[9.83654987,53.55477922],[9.83710273,53.55469264],[9.83735814,53.55465121],[9.83769837,53.55459411],[9.84002451,53.55407738],[9.84022117,53.55401006],[9.84152506,53.55387576],[9.84175634,53.55384512],[9.84236848,53.55375602],[9.84294901,53.55366382],[9.84509608,53.5532172],[9.84543321,53.55311092],[9.84580254,53.55307819],[9.84696135,53.55290619],[9.8490301,53.55314324],[9.89306949,53.57387716],[9.91179013,53.55977209],[9.86790112,53.53911318],[9.867345,53.53824199],[9.86722219,53.53809304],[9.86717172,53.5380386],[9.86721314,53.53764041],[9.86682685,53.53591222],[9.86588784,53.53426096],[9.86521434,53.53356164],[9.86510089,53.5333191],[9.8636383,53.5316514],[9.86162512,53.53020162]]],"type":"Polygon"},"properties":{"upper_limit_alt_ref":"MSL","upper_limit_altitude":2500.0,"lower_limit_altitude":0.0,"lower_limit_alt_ref":"AGL","legal_ref":"NfL 2026-1-3960","generated_name_EN":"Hamburg-Finkenwerder (EDHI) zone 1","lower_limit_unit":"m","type_code_detail":"U_CONTROL_ZONE_1","external_reference":"DFSDEFPVPXX53537761098310730000220","name":["Hamburg-Finkenwerder (EDHI) Zone 1"],"upper_limit_unit":"ft","generated_name_DE":"Hamburg-Finkenwerder (EDHI) Zone 1","type_code":"KONTROLLZONE"}},{"type":"Feature","geometry":{"coordinates":[[[[9.88204466,53.51346485],[9.87443165,53.50807215],[9.86520191,53.50366774],[9.85470988,53.50042054],[9.84335811,53.49845508],[9.83158188,53.4978467],[9.81983263,53.49861874],[9.80856077,53.50074161],[9.79819854,53.50413392],[9.79605059,53.50520889],[9.81718579,53.51519564],[9.81801157,53.51534009],[9.81869007,53.51550079],[9.81948816,53.51563149],[9.82018991,53.5157574],[9.82042995,53.51580429],[9.8210101,53.51591763],[9.82219609,53.51618266],[9.82249989,53.51625937],[9.8230089,53.51639455],[9.82328095,53.51647042],[9.82442799,53.51682681],[9.8249116,53.51699316],[9.82598301,53.51739842],[9.82629845,53.51752914],[9.82700772,53.5178418],[9.82781899,53.51822177],[9.82787804,53.51824957],[9.82919564,53.51887303],[9.83018627,53.5193393],[9.83068852,53.51957571],[9.83118271,53.51980833],[9.83121137,53.51982185],[9.83233864,53.52035508],[9.83235966,53.52036504],[9.83338631,53.52085244],[9.83549862,53.52052028],[9.83573154,53.52049777],[9.8365514,53.52043224],[9.8367541,53.52041939],[9.83868607,53.52037126],[9.84042987,53.52039447],[9.84085633,53.52040374],[9.84147021,53.52042227],[9.84267407,53.52048751],[9.84280319,53.52049763],[9.8449997,53.52077006],[9.84513237,53.52079276],[9.84627891,53.52101893],[9.84642036,53.52105063],[9.84688097,53.52115903],[9.84705171,53.52120116],[9.84731195,53.52126708],[9.84748607,53.52131233],[9.84979841,53.52206271],[9.84996768,53.52212967],[9.85200599,53.52309693],[9.85212302,53.52316308],[9.85246098,53.52336018],[9.85290938,53.52363002],[9.85322759,53.52382743],[9.85336222,53.52391354],[9.8552254,53.52538165],[9.85526621,53.52542177],[9.85548633,53.52563635],[9.85561093,53.52576005],[9.85578507,53.52593609],[9.85716312,53.52777252],[9.85742495,53.52826235],[9.85756208,53.5285644],[9.85914959,53.52903329],[9.86162512,53.53020162],[9.8636383,53.5316514],[9.86510089,53.5333191],[9.86521434,53.53356164],[9.86588784,53.53426096],[9.86682685,53.53591222],[9.86721314,53.53764041],[9.86717172,53.5380386],[9.86722219,53.53809304],[9.867345,53.53824199],[9.86790112,53.53911318],[9.8873527,53.54826919],[9.8883239,53.54715399],[9.8916171,53.54038444],[9.89262922,53.53336227],[9.89132248,53.52635739],[9.8877482,53.51963892],[9.88204466,53.51346485]]],[[[9.77194148,53.53420228],[9.77322878,53.54120852],[9.77678682,53.54793044],[9.78247977,53.55410954],[9.79008948,53.55950806],[9.79932369,53.56391822],[9.80982728,53.5671702],[9.82119596,53.56913876],[9.83299186,53.56974807],[9.84476055,53.56897467],[9.85604866,53.56684835],[9.86642147,53.56345103],[9.86860301,53.56235824],[9.8490301,53.55314324],[9.84696135,53.55290619],[9.84580254,53.55307819],[9.84543321,53.55311092],[9.84509608,53.5532172],[9.84294901,53.55366382],[9.84236848,53.55375602],[9.84175634,53.55384512],[9.84152506,53.55387576],[9.84022117,53.55401006],[9.84002451,53.55407738],[9.83769837,53.55459411],[9.83735814,53.55465121],[9.83710273,53.55469264],[9.83654987,53.55477922],[9.83564969,53.55492308],[9.83551494,53.55494422],[9.83525986,53.55498348],[9.83328365,53.55520528],[9.83326799,53.5552064],[9.83180726,53.55553336],[9.83116932,53.55563377],[9.83022093,53.55578304],[9.82932648,53.55592541],[9.82786487,53.55615892],[9.82505253,53.55644205],[9.82220095,53.55640504],[9.819412,53.55604924],[9.81723333,53.5556398],[9.81713254,53.55562062],[9.81683223,53.5555628],[9.81585513,53.55535228],[9.8155919,53.55528938],[9.81415494,53.55489268],[9.81394206,53.55482562],[9.81209261,53.55413677],[9.81185168,53.55403188],[9.81001366,53.55308768],[9.80982022,53.55297088],[9.80800345,53.55164107],[9.80782562,53.55148202],[9.80688597,53.55051522],[9.80670376,53.55040816],[9.80600179,53.54993323],[9.8057712,53.5498179],[9.80533169,53.54961523],[9.80487005,53.54941585],[9.80442538,53.54923775],[9.80421905,53.54915871],[9.80402537,53.54908972],[9.80278005,53.54859459],[9.80259683,53.54851363],[9.80096531,53.5476791],[9.80079552,53.54757888],[9.79907598,53.54636657],[9.79892245,53.54623658],[9.79762716,53.54491292],[9.79750868,53.54476393],[9.79666795,53.54344968],[9.7965931,53.5432979],[9.796112,53.54194475],[9.79608012,53.54180139],[9.79595497,53.54037963],[9.79596148,53.54023539],[9.79625006,53.5387113],[9.79629796,53.53856891],[9.79689281,53.53729519],[9.79698896,53.53713577],[9.79806847,53.53573623],[9.79819522,53.53560327],[9.79967855,53.53432056],[9.79982821,53.53421253],[9.80143966,53.53321651],[9.80165112,53.5331045],[9.80197239,53.53295514],[9.80196741,53.53295044],[9.80126511,53.53261537],[9.80051994,53.53223551],[9.80042466,53.53218365],[9.79824633,53.53070665],[9.79665929,53.52898276],[9.7966075,53.52890814],[9.7962462,53.52824397],[9.77727605,53.51927803],[9.77628338,53.52041461],[9.77297327,53.52718106],[9.77194148,53.53420228]]]],"type":"MultiPolygon"},"properties":{"upper_limit_alt_ref":"MSL","upper_limit_altitude":2500.0,"lower_limit_altitude":103.01837599999999,"lower_limit_alt_ref":"MSL","legal_ref":"NfL 2026-1-3960","generated_name_EN":"Hamburg-Finkenwerder (EDHI) zone 2","lower_limit_unit":"ft","type_code_detail":"U_CONTROL_ZONE_2","external_reference":"98_4000","name":["Hamburg-Finkenwerder (EDHI) Zone 2"],"upper_limit_unit":"ft","generated_name_DE":"Hamburg-Finkenwerder (EDHI) Zone 2","type_code":"KONTROLLZONE"}},{"type":"Feature","geometry":{"coordinates":[[[[9.75648989,53.50433733],[9.75505689,53.50597689],[9.76943282,53.49517235],[9.76759144,53.49609368],[9.75648989,53.50433733]]],[[[9.89009766,53.49594953],[9.88139901,53.49184001],[9.87270205,53.48772985],[9.86400676,53.48361905],[9.86327999,53.48327534],[9.84888732,53.48078343],[9.83123034,53.47987122],[9.81361373,53.48102877],[9.79671202,53.48421178],[9.78117265,53.48929836],[9.77204452,53.4938656],[9.79605059,53.50520889],[9.79819854,53.50413392],[9.80856077,53.50074161],[9.81983263,53.49861874],[9.83158188,53.4978467],[9.84335811,53.49845508],[9.85470988,53.50042054],[9.86520191,53.50366774],[9.87443165,53.50807215],[9.88204466,53.51346485],[9.8877482,53.51963892],[9.89132248,53.52635739],[9.89262922,53.53336227],[9.8916171,53.54038444],[9.8883239,53.54715399],[9.8873527,53.54826919],[9.91135602,53.55956775],[9.91635593,53.55382231],[9.92128938,53.54366683],[9.92280017,53.53313324],[9.92083277,53.52262644],[9.91546527,53.51255003],[9.90770824,53.50415864],[9.9075,53.50416667],[9.89879799,53.50005842],[9.89009766,53.49594953]]],[[[9.75755867,53.56425782],[9.76897197,53.57235779],[9.78282496,53.57897518],[9.79858469,53.58385494],[9.81564406,53.58680895],[9.83334531,53.58772328],[9.85100565,53.58656266],[9.86794393,53.58337188],[9.88350711,53.57827401],[9.8926638,53.57368616],[9.86860301,53.56235824],[9.86642147,53.56345103],[9.85604866,53.56684835],[9.84476055,53.56897467],[9.83299186,53.56974807],[9.82119596,53.56913876],[9.80982728,53.5671702],[9.79932369,53.56391822],[9.79008948,53.55950806],[9.78247977,53.55410954],[9.77678682,53.54793044],[9.77322878,53.54120852],[9.77194148,53.53420228],[9.77297327,53.52718106],[9.77628338,53.52041461],[9.77727605,53.51927803],[9.75332529,53.50795809],[9.74829517,53.51371327],[9.74332368,53.52386177],[9.74176863,53.53439326],[9.74369229,53.54490311],[9.74902323,53.55498729],[9.75755867,53.56425782]]],[[[9.90818725,53.56320901],[9.91001289,53.56111115],[9.89463149,53.57270027],[9.89709575,53.57146558],[9.90818725,53.56320901]]]],"type":"MultiPolygon"},"properties":{"upper_limit_alt_ref":"MSL","upper_limit_altitude":2500.0,"lower_limit_altitude":168.635176,"lower_limit_alt_ref":"MSL","legal_ref":"NfL 2026-1-3960","generated_name_EN":"Hamburg-Finkenwerder (EDHI) zone 3","lower_limit_unit":"ft","type_code_detail":"U_CONTROL_ZONE_3","external_reference":"98_6000","name":["Hamburg-Finkenwerder (EDHI) Zone 3"],"upper_limit_unit":"ft","generated_name_DE":"Hamburg-Finkenwerder (EDHI) Zone 3","type_code":"KONTROLLZONE"}},{"type":"Feature","geometry":{"coordinates":[[[10.25843656,47.98381804],[10.25755502,47.98370332],[10.25698549,47.98347853],[10.25431351,47.98241358],[10.25176222,47.98123032],[10.25101136,47.98090631],[10.25085504,47.9808437],[10.250545,47.98057738],[10.24866577,47.97946968],[10.24666357,47.97867551],[10.24628925,47.97836487],[10.24622751,47.9783184],[10.24581342,47.97802061],[10.24573771,47.97796858],[10.24509862,47.97755742],[10.24502522,47.97751323],[10.24422677,47.97706869],[10.24414923,47.97702882],[10.24333086,47.97663971],[10.24314582,47.97655854],[10.24267186,47.97636414],[10.24241042,47.97625096],[10.24218539,47.97615892],[10.24206314,47.97610675],[10.2410286,47.97543561],[10.24096717,47.97540199],[10.24083876,47.97534192],[10.24063974,47.97520612],[10.24058907,47.97517738],[10.23941749,47.97458371],[10.23927466,47.97451927],[10.23861253,47.97423899],[10.23852484,47.97420423],[10.23802115,47.97401429],[10.23788877,47.97396686],[10.23746172,47.97382039],[10.23732685,47.97377615],[10.23655539,47.97354309],[10.23634632,47.97348518],[10.23562199,47.97330082],[10.23549578,47.97327147],[10.23514432,47.97319337],[10.23500964,47.97316482],[10.23436645,47.97304026],[10.23423615,47.97301738],[10.23379408,47.9729451],[10.23365319,47.97292376],[10.23329432,47.97287286],[10.23316949,47.97285635],[10.23290399,47.97282881],[10.23206963,47.97265559],[10.23170281,47.97262857],[10.23117639,47.97242974],[10.23096721,47.97235073],[10.22839963,47.97160581],[10.22565773,47.97123506],[10.22286095,47.97125463],[10.22199581,47.97138428],[10.22194431,47.97138384],[10.17482989,47.95264378],[10.1611706,47.96812182],[10.20783566,47.98668505],[10.20850355,47.9873696],[10.20896024,47.98791422],[10.21061117,47.98914383],[10.2113781,47.99014742],[10.21139879,47.99016792],[10.21181515,47.99048646],[10.21188488,47.99098159],[10.21267684,47.99272032],[10.21397353,47.99431665],[10.21572201,47.99570534],[10.21785087,47.99682965],[10.22027315,47.99764365],[10.2203928,47.99767415],[10.22057754,47.99771542],[10.221128,47.99805116],[10.22344757,47.99897588],[10.22599613,47.99957005],[10.22703919,47.99973654],[10.22976205,47.99997704],[10.23250079,47.99983997],[10.23312936,47.9997188],[10.23446989,47.99965388],[10.2353964,47.9994773],[10.23564651,47.99945708],[10.23706047,48.00000292],[10.24322315,48.00238164],[10.24596363,48.0034539],[10.2493765,48.00482333],[10.25177287,48.00558022],[10.25434425,48.00600611],[10.25481493,48.00602004],[10.25715501,48.00643587],[10.257629,48.00645685],[10.30421296,48.0249208],[10.31784376,48.00942616],[10.27252069,47.99146405],[10.27161725,47.99001483],[10.27026596,47.98863163],[10.26856034,47.98743786],[10.26655805,47.98647388],[10.26608024,47.98632364],[10.26414694,47.98527413],[10.26192099,47.98447449],[10.2595112,47.98396927],[10.25865853,47.98384824],[10.25843656,47.98381804]]],"type":"Polygon"},"properties":{"upper_limit_alt_ref":"MSL","upper_limit_altitude":4500.0,"lower_limit_altitude":0.0,"lower_limit_alt_ref":"AGL","legal_ref":"NfL 2026-1-3981","generated_name_EN":"Memmingen (EDJA) zone 1","lower_limit_unit":"m","type_code_detail":"U_CONTROL_ZONE_1","external_reference":"DFSDEFPFHXX47988213102374040000220","name":["Memmingen (EDJA) Zone 1"],"upper_limit_unit":"ft","generated_name_DE":"Memmingen (EDJA) Zone 1","type_code":"KONTROLLZONE"}},{"type":"Feature","geometry":{"coordinates":[[[[10.28355254,47.96834331],[10.27675523,47.96296529],[10.2685277,47.95858066],[10.25918592,47.95535765],[10.24908842,47.95341989],[10.23862252,47.95284172],[10.2281896,47.9536453],[10.2181898,47.95579985],[10.20900673,47.95922271],[10.20175037,47.96335157],[10.22194431,47.97138384],[10.22199581,47.97138428],[10.22286095,47.97125463],[10.22565773,47.97123506],[10.22839963,47.97160581],[10.23096721,47.97235073],[10.23117639,47.97242974],[10.23170281,47.97262857],[10.23206963,47.97265559],[10.23290399,47.97282881],[10.23316949,47.97285635],[10.23329432,47.97287286],[10.23365319,47.97292376],[10.23379408,47.9729451],[10.23423615,47.97301738],[10.23436645,47.97304026],[10.23500964,47.97316482],[10.23514432,47.97319337],[10.23549578,47.97327147],[10.23562199,47.97330082],[10.23634632,47.97348518],[10.23655539,47.97354309],[10.23732685,47.97377615],[10.23746172,47.97382039],[10.23788877,47.97396686],[10.23802115,47.97401429],[10.23852484,47.97420423],[10.23861253,47.97423899],[10.23927466,47.97451927],[10.23941749,47.97458371],[10.24058907,47.97517738],[10.24063974,47.97520612],[10.24083876,47.97534192],[10.24096717,47.97540199],[10.2410286,47.97543561],[10.24206314,47.97610675],[10.24218539,47.97615892],[10.24241042,47.97625096],[10.24267186,47.97636414],[10.24314582,47.97655854],[10.24333086,47.97663971],[10.24414923,47.97702882],[10.24422677,47.97706869],[10.24502522,47.97751323],[10.24509862,47.97755742],[10.24573771,47.97796858],[10.24581342,47.97802061],[10.24622751,47.9783184],[10.24628925,47.97836487],[10.24666357,47.97867551],[10.24866577,47.97946968],[10.250545,47.98057738],[10.25085504,47.9808437],[10.25101136,47.98090631],[10.25176222,47.98123032],[10.25431351,47.98241358],[10.25698549,47.98347853],[10.25755502,47.98370332],[10.25843656,47.98381804],[10.25865853,47.98384824],[10.2595112,47.98396927],[10.26192099,47.98447449],[10.26414694,47.98527413],[10.26608024,47.98632364],[10.26655805,47.98647388],[10.26856034,47.98743786],[10.27026596,47.98863163],[10.27161725,47.99001483],[10.27252069,47.99146405],[10.29076758,47.99869552],[10.29222629,47.99526216],[10.29308087,47.98823129],[10.29187583,47.98122359],[10.28865828,47.9745083],[10.28355254,47.96834331]]],[[[10.18707502,47.99639707],[10.19028086,48.00311528],[10.19537908,48.00928445],[10.2021742,48.01466725],[10.21040521,48.01905657],[10.2197556,48.02228344],[10.22986555,48.02422365],[10.24034583,48.02480249],[10.25079287,48.02399768],[10.26080439,48.02184022],[10.26999498,48.01841318],[10.27729978,48.01425353],[10.257629,48.00645685],[10.25715501,48.00643587],[10.25481493,48.00602004],[10.25434425,48.00600611],[10.25177287,48.00558022],[10.2493765,48.00482333],[10.24596363,48.0034539],[10.24322315,48.00238164],[10.23706047,48.00000292],[10.23564651,47.99945708],[10.2353964,47.9994773],[10.23446989,47.99965388],[10.23312936,47.9997188],[10.23250079,47.99983997],[10.22976205,47.99997704],[10.22703919,47.99973654],[10.22599613,47.99957005],[10.22344757,47.99897588],[10.221128,47.99805116],[10.22057754,47.99771542],[10.2203928,47.99767415],[10.22027315,47.99764365],[10.21785087,47.99682965],[10.21572201,47.99570534],[10.21397353,47.99431665],[10.21267684,47.99272032],[10.21188488,47.99098159],[10.21181515,47.99048646],[10.21139879,47.99016792],[10.2113781,47.99014742],[10.21061117,47.98914383],[10.20896024,47.98791422],[10.20850355,47.9873696],[10.20783566,47.98668505],[10.18823435,47.9788877],[10.18675307,47.98235794],[10.18588411,47.98938815],[10.18707502,47.99639707]]]],"type":"MultiPolygon"},"properties":{"upper_limit_alt_ref":"MSL","upper_limit_altitude":4500.0,"lower_limit_altitude":2161.089308,"lower_limit_alt_ref":"MSL","legal_ref":"NfL 2026-1-3981","generated_name_EN":"Memmingen (EDJA) zone 2","lower_limit_unit":"ft","type_code_detail":"U_CONTROL_ZONE_2","external_reference":"6786_4000","name":["Memmingen (EDJA) Zone 2"],"upper_limit_unit":"ft","generated_name_DE":"Memmingen (EDJA) Zone 2","type_code":"KONTROLLZONE"}},{"type":"Feature","geometry":{"coordinates":[[[[10.30306678,47.95669878],[10.27414365,47.9450913],[10.25032381,47.93552158],[10.23819274,47.93485137],[10.22254865,47.9360563],[10.20755333,47.93928702],[10.19378155,47.94441975],[10.18176159,47.95125778],[10.1784263,47.95407428],[10.20175037,47.96335157],[10.20900673,47.95922271],[10.2181898,47.95579985],[10.2281896,47.9536453],[10.23862252,47.95284172],[10.24908842,47.95341989],[10.25918592,47.95535765],[10.2685277,47.95858066],[10.27675523,47.96296529],[10.28355254,47.96834331],[10.28865828,47.9745083],[10.29187583,47.98122359],[10.29308087,47.98823129],[10.29222629,47.99526216],[10.29076758,47.99869552],[10.31451432,48.00810666],[10.3186025,47.998473],[10.31987899,47.98792645],[10.31806614,47.97741537],[10.31323543,47.96734352],[10.305574,47.9580976],[10.30456469,47.95729928],[10.30306678,47.95669878]]],[[[10.17331381,48.01950929],[10.17721636,48.02260167],[10.19761593,48.03078554],[10.22546755,48.04194698],[10.24077772,48.04279254],[10.25645358,48.04158486],[10.27147526,48.03834757],[10.28526397,48.03320545],[10.29728886,48.02635664],[10.30065309,48.02350981],[10.27729978,48.01425353],[10.26999498,48.01841318],[10.26080439,48.02184022],[10.25079287,48.02399768],[10.24034583,48.02480249],[10.22986555,48.02422365],[10.2197556,48.02228344],[10.21040521,48.01905657],[10.2021742,48.01466725],[10.19537908,48.00928445],[10.19028086,48.00311528],[10.18707502,47.99639707],[10.18588411,47.98938815],[10.18675307,47.98235794],[10.18823435,47.9788877],[10.16452168,47.96945487],[10.16039272,47.97911668],[10.15908389,47.98966173],[10.16086496,48.00017556],[10.16566931,48.01025398],[10.17331381,48.01950929]]]],"type":"MultiPolygon"},"properties":{"upper_limit_alt_ref":"MSL","upper_limit_altitude":4500.0,"lower_limit_altitude":2226.7061080000003,"lower_limit_alt_ref":"MSL","legal_ref":"NfL 2026-1-3981","generated_name_EN":"Memmingen (EDJA) zone 3","lower_limit_unit":"ft","type_code_detail":"U_CONTROL_ZONE_3","external_reference":"6786_6000","name":["Memmingen (EDJA) Zone 3"],"upper_limit_unit":"ft","generated_name_DE":"Memmingen (EDJA) Zone 3","type_code":"KONTROLLZONE"}},{"type":"Feature","geometry":{"coordinates":[[[6.50590301,51.2166306],[6.505095,51.21690354],[6.50503673,51.21692476],[6.50440247,51.21716983],[6.5043388,51.21719588],[6.50372203,51.21746301],[6.50359547,51.21752094],[6.50311913,51.21774874],[6.50292818,51.21784408],[6.50290657,51.21785489],[6.50248372,51.21806686],[6.50241715,51.21806838],[6.50232823,51.21807165],[6.50140435,51.21812456],[6.50126992,51.21813503],[6.50025635,51.21823723],[6.50010034,51.21825659],[6.4993329,51.21836566],[6.49914165,51.21839633],[6.49883217,51.21844829],[6.49873502,51.21846533],[6.49866295,51.2184781],[6.49857649,51.21849358],[6.49607086,51.21911352],[6.49560406,51.21909802],[6.49551149,51.21909636],[6.494156,51.2191124],[6.49406174,51.21911633],[6.49277489,51.21920677],[6.49267925,51.21921626],[6.4914731,51.21936956],[6.49137655,51.21938457],[6.49015067,51.21961207],[6.49003826,51.21963641],[6.48876422,51.2199559],[6.48865589,51.21998693],[6.48744113,51.22037982],[6.48733763,51.22041732],[6.4861992,51.22087616],[6.4861012,51.2209199],[6.48556479,51.22117135],[6.48413507,51.2218748],[6.48390522,51.22199031],[6.48383319,51.22202727],[6.48330527,51.22231191],[6.48324253,51.22234744],[6.48264924,51.22270327],[6.48259382,51.22273846],[6.48195987,51.22316825],[6.48191108,51.22320358],[6.48118613,51.22377352],[6.48112956,51.22382189],[6.48044021,51.22446826],[6.48038849,51.22452161],[6.47983376,51.2251489],[6.47978703,51.22520709],[6.4793508,51.22580362],[6.47930915,51.22586654],[6.47898063,51.22641209],[6.47894808,51.22647195],[6.47877967,51.22681634],[6.4779349,51.22722669],[6.47683721,51.22801382],[6.47644575,51.22826367],[6.47630576,51.2283949],[6.47611577,51.22853113],[6.47582509,51.2288455],[6.47495755,51.22965874],[6.47390847,51.23120324],[6.47333516,51.23284329],[6.47332056,51.23315956],[6.47313758,51.23373493],[6.4731378,51.23390909],[6.47301044,51.23443111],[6.47295951,51.23466558],[6.43288891,51.25473503],[6.45075699,51.26878844],[6.49640864,51.24591712],[6.49691612,51.24582518],[6.49932425,51.2450576],[6.50067261,51.2444024],[6.50541694,51.24385168],[6.50563238,51.2438269],[6.50755296,51.24351846],[6.50772962,51.24348174],[6.50795173,51.2434343],[6.508645,51.24328225],[6.50890089,51.24322612],[6.51141237,51.24249752],[6.51365367,51.24147934],[6.51554111,51.24020959],[6.51700424,51.2387357],[6.51798848,51.23711269],[6.51800421,51.23705524],[6.51801801,51.23705393],[6.51824829,51.23703134],[6.52098101,51.23658639],[6.52352148,51.23581344],[6.5257709,51.23474257],[6.5276418,51.23341541],[6.52906146,51.23188357],[6.52997474,51.23020663],[6.53024256,51.22893989],[6.57602849,51.20592933],[6.55814529,51.19189474],[6.51076821,51.21569994],[6.51050581,51.21572576],[6.5102925,51.21574678],[6.50928979,51.21586874],[6.50922296,51.21587843],[6.50818316,51.21605538],[6.50812438,51.2160669],[6.50699167,51.21632198],[6.50693809,51.21633567],[6.5059585,51.21661327],[6.50590301,51.2166306]]],"type":"Polygon"},"properties":{"upper_limit_alt_ref":"MSL","upper_limit_altitude":2000.0,"lower_limit_altitude":0.0,"lower_limit_alt_ref":"AGL","legal_ref":"NfL 2026-1-3981","generated_name_EN":"Moenchengladbach (EDLN) zone 1","lower_limit_unit":"m","type_code_detail":"U_CONTROL_ZONE_1","external_reference":"DFSDEFPVPXX51231225065006970000220","name":["Moenchengladbach (EDLN) Zone 1"],"upper_limit_unit":"ft","generated_name_DE":"Moenchengladbach (EDLN) Zone 1","type_code":"KONTROLLZONE"}},{"type":"Feature","geometry":{"coordinates":[[[[6.55653944,51.21572391],[6.53024256,51.22893989],[6.52997474,51.23020663],[6.52906146,51.23188357],[6.5276418,51.23341541],[6.5257709,51.23474257],[6.52352148,51.23581344],[6.52098101,51.23658639],[6.51824829,51.23703134],[6.51801801,51.23705393],[6.51800421,51.23705524],[6.51798848,51.23711269],[6.51700424,51.2387357],[6.51554111,51.24020959],[6.51365367,51.24147934],[6.51141237,51.24249752],[6.50890089,51.24322612],[6.508645,51.24328225],[6.50795173,51.2434343],[6.50772962,51.24348174],[6.50755296,51.24351846],[6.50563238,51.2438269],[6.50541694,51.24385168],[6.50067261,51.2444024],[6.49932425,51.2450576],[6.49691612,51.24582518],[6.49640864,51.24591712],[6.4701743,51.25906044],[6.4710596,51.25954934],[6.48077914,51.26308356],[6.49141205,51.26535925],[6.50254895,51.26628876],[6.51376089,51.26583628],[6.52461602,51.26401921],[6.5346963,51.26090754],[6.54361374,51.25662108],[6.55102536,51.25132484],[6.55664645,51.24522267],[6.56026147,51.23854936],[6.56173226,51.23156154],[6.56100327,51.22452785],[6.55810349,51.21771856],[6.55653944,51.21572391]]],[[[6.51755877,51.19534777],[6.5064386,51.1944199],[6.49524399,51.19487193],[6.48440417,51.1966865],[6.47433483,51.19979402],[6.46542231,51.20407531],[6.45800883,51.20936613],[6.4523794,51.21546346],[6.44875082,51.22213327],[6.4472633,51.22911944],[6.44797496,51.23615359],[6.45085944,51.24296537],[6.45241525,51.24495521],[6.47295951,51.23466558],[6.47301044,51.23443111],[6.4731378,51.23390909],[6.47313758,51.23373493],[6.47332056,51.23315956],[6.47333516,51.23284329],[6.47390847,51.23120324],[6.47495755,51.22965874],[6.47582509,51.2288455],[6.47611577,51.22853113],[6.47630576,51.2283949],[6.47644575,51.22826367],[6.47683721,51.22801382],[6.4779349,51.22722669],[6.47877967,51.22681634],[6.47894808,51.22647195],[6.47898063,51.22641209],[6.47930915,51.22586654],[6.4793508,51.22580362],[6.47978703,51.22520709],[6.47983376,51.2251489],[6.48038849,51.22452161],[6.48044021,51.22446826],[6.48112956,51.22382189],[6.48118613,51.22377352],[6.48191108,51.22320358],[6.48195987,51.22316825],[6.48259382,51.22273846],[6.48264924,51.22270327],[6.48324253,51.22234744],[6.48330527,51.22231191],[6.48383319,51.22202727],[6.48390522,51.22199031],[6.48413507,51.2218748],[6.48556479,51.22117135],[6.4861012,51.2209199],[6.4861992,51.22087616],[6.48733763,51.22041732],[6.48744113,51.22037982],[6.48865589,51.21998693],[6.48876422,51.2199559],[6.49003826,51.21963641],[6.49015067,51.21961207],[6.49137655,51.21938457],[6.4914731,51.21936956],[6.49267925,51.21921626],[6.49277489,51.21920677],[6.49406174,51.21911633],[6.494156,51.2191124],[6.49551149,51.21909636],[6.49560406,51.21909802],[6.49607086,51.21911352],[6.49857649,51.21849358],[6.49866295,51.2184781],[6.49873502,51.21846533],[6.49883217,51.21844829],[6.49914165,51.21839633],[6.4993329,51.21836566],[6.50010034,51.21825659],[6.50025635,51.21823723],[6.50126992,51.21813503],[6.50140435,51.21812456],[6.50232823,51.21807165],[6.50241715,51.21806838],[6.50248372,51.21806686],[6.50290657,51.21785489],[6.50292818,51.21784408],[6.50311913,51.21774874],[6.50359547,51.21752094],[6.50372203,51.21746301],[6.5043388,51.21719588],[6.50440247,51.21716983],[6.50503673,51.21692476],[6.505095,51.21690354],[6.50590301,51.2166306],[6.5059585,51.21661327],[6.50693809,51.21633567],[6.50699167,51.21632198],[6.50812438,51.2160669],[6.50818316,51.21605538],[6.50922296,51.21587843],[6.50928979,51.21586874],[6.5102925,51.21574678],[6.51050581,51.21572576],[6.51076821,51.21569994],[6.53876512,51.20163254],[6.53788932,51.20114934],[6.52817812,51.19761995],[6.51755877,51.19534777]]]],"type":"MultiPolygon"},"properties":{"upper_limit_alt_ref":"MSL","upper_limit_altitude":2000.0,"lower_limit_altitude":207.021004,"lower_limit_alt_ref":"MSL","legal_ref":"NfL 2026-1-3981","generated_name_EN":"Moenchengladbach (EDLN) zone 2","lower_limit_unit":"ft","type_code_detail":"U_CONTROL_ZONE_2","external_reference":"130_4000","name":["Moenchengladbach (EDLN) Zone 2"],"upper_limit_unit":"ft","generated_name_DE":"Moenchengladbach (EDLN) Zone 2","type_code":"KONTROLLZONE"}},{"type":"Feature","geometry":{"coordinates":[[[6.54000646,51.18125066],[6.52408251,51.17784369],[6.50740851,51.17645252],[6.49062308,51.17713039],[6.48461012,51.17813696],[6.47323014,51.18372551],[6.45440917,51.1929615],[6.43558067,51.20219445],[6.42850123,51.20566346],[6.42633408,51.20800941],[6.42088613,51.21801281],[6.41864859,51.22849144],[6.41970958,51.23904283],[6.42403055,51.24926143],[6.43144741,51.25875424],[6.44167655,51.26715591],[6.4543255,51.27414292],[6.46890793,51.27944607],[6.4848624,51.28286092],[6.50157403,51.28425581],[6.51839845,51.28357691],[6.52729262,51.28208811],[6.53301374,51.27891838],[6.54489892,51.27233043],[6.5567807,51.26574127],[6.56865908,51.25915089],[6.56653818,51.25809857],[6.56441738,51.25704621],[6.56229668,51.25599381],[6.56017607,51.25494137],[6.55805556,51.25388889],[6.56796047,51.24558715],[6.57786181,51.23728456],[6.58775959,51.22898112],[6.58983914,51.22723575],[6.589252,51.22160422],[6.5848966,51.21139124],[6.57745511,51.20190778],[6.5672149,51.19351775],[6.55457012,51.18654293],[6.54000646,51.18125066]],[[6.4523794,51.21546346],[6.45800883,51.20936613],[6.46542231,51.20407531],[6.47433483,51.19979402],[6.48440417,51.1966865],[6.49524399,51.19487193],[6.5064386,51.1944199],[6.51755877,51.19534777],[6.52817812,51.19761995],[6.53788932,51.20114934],[6.53876512,51.20163254],[6.55814529,51.19189474],[6.57602849,51.20592933],[6.55653944,51.21572391],[6.55810349,51.21771856],[6.56100327,51.22452785],[6.56173226,51.23156154],[6.56026147,51.23854936],[6.55664645,51.24522267],[6.55102536,51.25132484],[6.54361374,51.25662108],[6.5346963,51.26090754],[6.52461602,51.26401921],[6.51376089,51.26583628],[6.50254895,51.26628876],[6.49141205,51.26535925],[6.48077914,51.26308356],[6.4710596,51.25954934],[6.4701743,51.25906044],[6.45075699,51.26878844],[6.43288891,51.25473503],[6.45241525,51.24495521],[6.45085944,51.24296537],[6.44797496,51.23615359],[6.4472633,51.22911944],[6.44875082,51.22213327],[6.4523794,51.21546346]]],"type":"Polygon"},"properties":{"upper_limit_alt_ref":"MSL","upper_limit_altitude":2000.0,"lower_limit_altitude":272.63780399999996,"lower_limit_alt_ref":"MSL","legal_ref":"NfL 2026-1-3981","generated_name_EN":"Moenchengladbach (EDLN) zone 3","lower_limit_unit":"ft","type_code_detail":"U_CONTROL_ZONE_3","external_reference":"130_6000","name":["Moenchengladbach (EDLN) Zone 3"],"upper_limit_unit":"ft","generated_name_DE":"Moenchengladbach (EDLN) Zone 3","type_code":"KONTROLLZONE"}},{"type":"Feature","geometry":{"coordinates":[[[[6.62731512,51.19575889],[6.63719511,51.18745122],[6.64707155,51.1791427],[6.65694444,51.17083333],[6.6479664,51.16750311],[6.63898966,51.16417219],[6.6300142,51.16084058],[6.62104004,51.15750828],[6.61206717,51.15417529],[6.6030956,51.15084161],[6.59412531,51.14750724],[6.58515632,51.14417219],[6.57618863,51.14083644],[6.56722222,51.1375],[6.54843883,51.14675117],[6.52964793,51.15599931],[6.51084952,51.16524441],[6.49204359,51.17448648],[6.48461012,51.17813696],[6.49062308,51.17713039],[6.50740851,51.17645252],[6.52408251,51.17784369],[6.54000646,51.18125066],[6.55457012,51.18654293],[6.5672149,51.19351775],[6.57745511,51.20190778],[6.5848966,51.21139124],[6.589252,51.22160422],[6.58983914,51.22723575],[6.59765381,51.22067684],[6.60754447,51.2123717],[6.61743158,51.20406572],[6.62731512,51.19575889]]],[[[6.37814008,51.23346893],[6.37723002,51.23706285],[6.37631982,51.24065676],[6.37540948,51.24425067],[6.374499,51.24784456],[6.37358837,51.25143845],[6.3726776,51.25503232],[6.37176669,51.25862619],[6.37085564,51.26222004],[6.36994444,51.26581389],[6.37791299,51.27173497],[6.38588359,51.27765551],[6.39385624,51.28357549],[6.40183094,51.28949493],[6.40980769,51.29541381],[6.41778649,51.30133215],[6.42576734,51.30724994],[6.43375025,51.31316718],[6.44173521,51.31908386],[6.44972222,51.325],[6.46163123,51.31842056],[6.47353682,51.31183991],[6.48543901,51.30525803],[6.4973378,51.29867494],[6.50923318,51.29209064],[6.52112516,51.28550512],[6.52729262,51.28208811],[6.51839845,51.28357691],[6.50157403,51.28425581],[6.4848624,51.28286092],[6.46890793,51.27944607],[6.4543255,51.27414292],[6.44167655,51.26715591],[6.43144741,51.25875424],[6.42403055,51.24926143],[6.41970958,51.23904283],[6.41864859,51.22849144],[6.42088613,51.21801281],[6.42633408,51.20800941],[6.42850123,51.20566346],[6.41674465,51.21142435],[6.39790109,51.2206512],[6.37905,51.229875],[6.37814008,51.23346893]]]],"type":"MultiPolygon"},"properties":{"upper_limit_alt_ref":"MSL","upper_limit_altitude":2000.0,"lower_limit_altitude":453.084004,"lower_limit_alt_ref":"MSL","legal_ref":"NfL 2026-1-3981","generated_name_EN":"Moenchengladbach (EDLN) zone 4","lower_limit_unit":"ft","type_code_detail":"U_CONTROL_ZONE_4","external_reference":"2069_ctr","name":["Moenchengladbach (EDLN) Zone 4"],"upper_limit_unit":"ft","generated_name_DE":"Moenchengladbach (EDLN) Zone 4","type_code":"KONTROLLZONE"}},{"type":"Feature","geometry":{"coordinates":[[[8.65057194,51.61416553],[8.6498882,51.61367683],[8.64973882,51.61357752],[8.64931593,51.61330793],[8.6490369,51.61313735],[8.64893768,51.61307584],[8.6485932,51.6128606],[8.64853054,51.61282168],[8.64813254,51.61257601],[8.64811071,51.61256257],[8.64736393,51.61210356],[8.64698339,51.61186686],[8.64469668,51.61070911],[8.64208017,51.60986446],[8.64020008,51.60953555],[8.63882613,51.60850558],[8.63872681,51.60825993],[8.63767941,51.60681266],[8.63696449,51.60616217],[8.63684193,51.60602145],[8.63666036,51.60588543],[8.63623965,51.60550262],[8.63565538,51.60513256],[8.63503079,51.60466464],[8.63447026,51.60438192],[8.63445243,51.60437063],[8.63424881,51.60426263],[8.63424266,51.60426713],[8.63282912,51.60355414],[8.6303217,51.60273268],[8.62902182,51.60249307],[8.62675186,51.60179623],[8.62515534,51.60152663],[8.62262683,51.60049213],[8.62183937,51.60019193],[8.62159416,51.60010503],[8.61905024,51.59939623],[8.61731826,51.59914664],[8.61603052,51.5986021],[8.61479991,51.59808169],[8.61474833,51.59805988],[8.61213925,51.59718546],[8.60929858,51.59666109],[8.60634588,51.59650886],[8.60599729,51.59653569],[8.60483849,51.59615439],[8.60212849,51.59565095],[8.59931293,51.59548614],[8.5973721,51.59561042],[8.55071295,51.57655251],[8.53487503,51.59158696],[8.58191798,51.61080423],[8.58227745,51.61152619],[8.58362403,51.61307322],[8.58542887,51.61442732],[8.58762286,51.61553662],[8.58982727,51.61644374],[8.59162539,51.61718379],[8.59335233,51.6178969],[8.59342466,51.61792657],[8.59824967,51.61989289],[8.60038719,51.62076557],[8.60044082,51.62078735],[8.60117579,51.62108451],[8.60167254,51.62128534],[8.60825791,51.62396813],[8.60860092,51.62412594],[8.60885767,51.62423222],[8.60934357,51.62438112],[8.60953549,51.62445948],[8.61136087,51.62581635],[8.61141663,51.62584927],[8.61252203,51.62643887],[8.61259252,51.62647278],[8.61355686,51.62689871],[8.61546896,51.62767197],[8.61576988,51.62779601],[8.61668231,51.62815734],[8.61672412,51.62817389],[8.61931443,51.6292332],[8.61999711,51.62951282],[8.62001747,51.62952114],[8.62281266,51.63066171],[8.62283452,51.63067061],[8.62441454,51.63131273],[8.62455337,51.63136915],[8.62467282,51.63141717],[8.62609223,51.63198164],[8.62629494,51.63206079],[8.62636333,51.632087],[8.62699898,51.63231697],[8.62705638,51.63233654],[8.6279519,51.63261713],[8.6280055,51.63263249],[8.62914529,51.63292328],[8.62919641,51.63293477],[8.6304952,51.63318421],[8.63054637,51.63319242],[8.63175684,51.63335254],[8.63181229,51.63335834],[8.63287858,51.63344467],[8.63293894,51.63344814],[8.63384317,51.63348238],[8.63391003,51.63348361],[8.63490305,51.63348055],[8.63499655,51.63347826],[8.63662815,51.63338038],[8.63670746,51.63337278],[8.6371062,51.6333042],[8.68203282,51.651585],[8.69784316,51.63653082],[8.65371171,51.61857638],[8.65346685,51.61778712],[8.65345633,51.61776066],[8.65296188,51.61676709],[8.6529469,51.6167422],[8.65234411,51.61588021],[8.6523297,51.61586223],[8.65176804,51.61522706],[8.65173818,51.61519629],[8.65060229,51.61418888],[8.65057194,51.61416553]]],"type":"Polygon"},"properties":{"upper_limit_alt_ref":"MSL","upper_limit_altitude":2500.0,"lower_limit_altitude":0.0,"lower_limit_alt_ref":"AGL","legal_ref":"NfL 2026-1-3981","generated_name_EN":"Paderborn/Lippstadt (EDLP) zone 1","lower_limit_unit":"m","type_code_detail":"U_CONTROL_ZONE_1","external_reference":"DFSDEFPFHXX51613889086161110000220","name":["Paderborn/Lippstadt (EDLP) Zone 1"],"upper_limit_unit":"ft","generated_name_DE":"Paderborn/Lippstadt (EDLP) Zone 1","type_code":"KONTROLLZONE"}},{"type":"Feature","geometry":{"coordinates":[[[[8.66449651,51.59425375],[8.65735625,51.58878289],[8.64864141,51.58428422],[8.63868672,51.58093034],[8.62787417,51.57884985],[8.61661845,51.57812253],[8.60535113,51.57877628],[8.59450421,51.58078601],[8.58449368,51.58407468],[8.57762564,51.58754499],[8.5973721,51.59561042],[8.59931293,51.59548614],[8.60212849,51.59565095],[8.60483849,51.59615439],[8.60599729,51.59653569],[8.60634588,51.59650886],[8.60929858,51.59666109],[8.61213925,51.59718546],[8.61474833,51.59805988],[8.61479991,51.59808169],[8.61603052,51.5986021],[8.61731826,51.59914664],[8.61905024,51.59939623],[8.62159416,51.60010503],[8.62183937,51.60019193],[8.62262683,51.60049213],[8.62515534,51.60152663],[8.62675186,51.60179623],[8.62902182,51.60249307],[8.6303217,51.60273268],[8.63282912,51.60355414],[8.63424266,51.60426713],[8.63424881,51.60426263],[8.63445243,51.60437063],[8.63447026,51.60438192],[8.63503079,51.60466464],[8.63565538,51.60513256],[8.63623965,51.60550262],[8.63666036,51.60588543],[8.63684193,51.60602145],[8.63696449,51.60616217],[8.63767941,51.60681266],[8.63872681,51.60825993],[8.63882613,51.60850558],[8.64020008,51.60953555],[8.64208017,51.60986446],[8.64469668,51.61070911],[8.64698339,51.61186686],[8.64736393,51.61210356],[8.64811071,51.61256257],[8.64813254,51.61257601],[8.64853054,51.61282168],[8.6485932,51.6128606],[8.64893768,51.61307584],[8.6490369,51.61313735],[8.64931593,51.61330793],[8.64973882,51.61357752],[8.6498882,51.61367683],[8.65057194,51.61416553],[8.65060229,51.61418888],[8.65173818,51.61519629],[8.65176804,51.61522706],[8.6523297,51.61586223],[8.65234411,51.61588021],[8.6529469,51.6167422],[8.65296188,51.61676709],[8.65345633,51.61776066],[8.65346685,51.61778712],[8.65371171,51.61857638],[8.67081549,51.62553488],[8.67292473,51.62127608],[8.6740852,51.61426262],[8.67302558,51.60724299],[8.66978758,51.60048687],[8.66449651,51.59425375]]],[[[8.55958859,51.62090566],[8.56281163,51.62766475],[8.56809261,51.6339024],[8.57522915,51.63937864],[8.58394723,51.64388272],[8.59391161,51.64724123],[8.60473883,51.64932486],[8.61601197,51.65005334],[8.62729681,51.64939861],[8.63815868,51.6473859],[8.64817932,51.64409271],[8.65506395,51.64061127],[8.6371062,51.6333042],[8.63670746,51.63337278],[8.63662815,51.63338038],[8.63499655,51.63347826],[8.63490305,51.63348055],[8.63391003,51.63348361],[8.63384317,51.63348238],[8.63293894,51.63344814],[8.63287858,51.63344467],[8.63181229,51.63335834],[8.63175684,51.63335254],[8.63054637,51.63319242],[8.6304952,51.63318421],[8.62919641,51.63293477],[8.62914529,51.63292328],[8.6280055,51.63263249],[8.6279519,51.63261713],[8.62705638,51.63233654],[8.62699898,51.63231697],[8.62636333,51.632087],[8.62629494,51.63206079],[8.62609223,51.63198164],[8.62467282,51.63141717],[8.62455337,51.63136915],[8.62441454,51.63131273],[8.62283452,51.63067061],[8.62281266,51.63066171],[8.62001747,51.62952114],[8.61999711,51.62951282],[8.61931443,51.6292332],[8.61672412,51.62817389],[8.61668231,51.62815734],[8.61576988,51.62779601],[8.61546896,51.62767197],[8.61355686,51.62689871],[8.61259252,51.62647278],[8.61252203,51.62643887],[8.61141663,51.62584927],[8.61136087,51.62581635],[8.60953549,51.62445948],[8.60934357,51.62438112],[8.60885767,51.62423222],[8.60860092,51.62412594],[8.60825791,51.62396813],[8.60167254,51.62128534],[8.60117579,51.62108451],[8.60044082,51.62078735],[8.60038719,51.62076557],[8.59824967,51.61989289],[8.59342466,51.61792657],[8.59335233,51.6178969],[8.59162539,51.61718379],[8.58982727,51.61644374],[8.58762286,51.61553662],[8.58542887,51.61442732],[8.58362403,51.61307322],[8.58227745,51.61152619],[8.58191798,51.61080423],[8.56184806,51.60260557],[8.55972438,51.60687276],[8.55854649,51.61388505],[8.55958859,51.62090566]]]],"type":"MultiPolygon"},"properties":{"upper_limit_alt_ref":"MSL","upper_limit_altitude":2500.0,"lower_limit_altitude":779.1995,"lower_limit_alt_ref":"MSL","legal_ref":"NfL 2026-1-3981","generated_name_EN":"Paderborn/Lippstadt (EDLP) zone 2","lower_limit_unit":"ft","type_code_detail":"U_CONTROL_ZONE_2","external_reference":"132_4000","name":["Paderborn/Lippstadt (EDLP) Zone 2"],"upper_limit_unit":"ft","generated_name_DE":"Paderborn/Lippstadt (EDLP) Zone 2","type_code":"KONTROLLZONE"}},{"type":"Feature","geometry":{"coordinates":[[[[8.63158773,51.56168135],[8.62987198,51.56098632],[8.61676968,51.56013969],[8.59987525,51.56111995],[8.58361046,51.56413344],[8.56859845,51.56906474],[8.55541482,51.57572492],[8.55304205,51.57750383],[8.57762564,51.58754499],[8.58449368,51.58407468],[8.59450421,51.58078601],[8.60535113,51.57877628],[8.61661845,51.57812253],[8.62787417,51.57884985],[8.63868672,51.58093034],[8.64864141,51.58428422],[8.65735625,51.58878289],[8.66449651,51.59425375],[8.66978758,51.60048687],[8.67302558,51.60724299],[8.6740852,51.61426262],[8.67292473,51.62127608],[8.67081549,51.62553488],[8.69565288,51.63563972],[8.69623617,51.63496756],[8.70123607,51.62485986],[8.70297024,51.61433925],[8.70137424,51.60381017],[8.69651166,51.59367712],[8.68908216,51.58493059],[8.66279115,51.5743062],[8.63158773,51.56168135]]],[[[8.53604776,51.63444392],[8.54396542,51.64380209],[8.54873353,51.64746229],[8.57531299,51.65819453],[8.59523572,51.66622914],[8.5989437,51.66694274],[8.61585996,51.6680359],[8.6327938,51.66705344],[8.64909223,51.66403325],[8.66412697,51.65909177],[8.67731896,51.65241949],[8.67969545,51.65063392],[8.65506395,51.64061127],[8.64817932,51.64409271],[8.63815868,51.6473859],[8.62729681,51.64939861],[8.61601197,51.65005334],[8.60473883,51.64932486],[8.59391161,51.64724123],[8.58394723,51.64388272],[8.57522915,51.63937864],[8.56809261,51.6339024],[8.56281163,51.62766475],[8.55958859,51.62090566],[8.55854649,51.61388505],[8.55972438,51.60687276],[8.56184806,51.60260557],[8.53705725,51.59247841],[8.53646853,51.59315426],[8.5314356,51.6032549],[8.52966224,51.61377289],[8.53121882,51.62430417],[8.53604776,51.63444392]]]],"type":"MultiPolygon"},"properties":{"upper_limit_alt_ref":"MSL","upper_limit_altitude":2500.0,"lower_limit_altitude":844.8163,"lower_limit_alt_ref":"MSL","legal_ref":"NfL 2026-1-3981","generated_name_EN":"Paderborn/Lippstadt (EDLP) zone 3","lower_limit_unit":"ft","type_code_detail":"U_CONTROL_ZONE_3","external_reference":"132_6000","name":["Paderborn/Lippstadt (EDLP) Zone 3"],"upper_limit_unit":"ft","generated_name_DE":"Paderborn/Lippstadt (EDLP) Zone 3","type_code":"KONTROLLZONE"}},{"type":"Feature","geometry":{"coordinates":[[[[8.5069468,51.51109886],[8.47582972,51.4984325],[8.4670583,51.50682418],[8.45828366,51.51521519],[8.4495058,51.52360553],[8.4407247,51.5319952],[8.43194038,51.54038421],[8.42315283,51.54877254],[8.41436205,51.5571602],[8.40556803,51.5655472],[8.39677077,51.57393352],[8.38797028,51.58231917],[8.41915068,51.59498587],[8.45034843,51.60764427],[8.48156352,51.62029434],[8.51279598,51.63293608],[8.5440458,51.64556948],[8.54873353,51.64746229],[8.54396542,51.64380209],[8.53604776,51.63444392],[8.53121882,51.62430417],[8.52966224,51.61377289],[8.5314356,51.6032549],[8.53646853,51.59315426],[8.53705725,51.59247841],[8.53487503,51.59158696],[8.55071295,51.57655251],[8.55304205,51.57750383],[8.55541482,51.57572492],[8.56859845,51.56906474],[8.58361046,51.56413344],[8.59987525,51.56111995],[8.61676968,51.56013969],[8.62987198,51.56098632],[8.60040159,51.54904819],[8.56923273,51.53640671],[8.53808113,51.52375693],[8.5069468,51.51109886]]],[[[8.70055556,51.70861111],[8.70929229,51.70022519],[8.71802579,51.69183861],[8.72675607,51.68345137],[8.73548311,51.67506347],[8.74420694,51.66667491],[8.75292754,51.65828569],[8.76164493,51.64989581],[8.77035909,51.64150527],[8.77907004,51.63311408],[8.78777778,51.62472222],[8.75650517,51.61213074],[8.72524987,51.5995309],[8.69401186,51.58692271],[8.68908216,51.58493059],[8.69651166,51.59367712],[8.70137424,51.60381017],[8.70297024,51.61433925],[8.70123607,51.62485986],[8.69623617,51.63496756],[8.69565288,51.63563972],[8.69784316,51.63653082],[8.68203282,51.651585],[8.67969545,51.65063392],[8.67731896,51.65241949],[8.66412697,51.65909177],[8.64909223,51.66403325],[8.6327938,51.66705344],[8.61585996,51.6680359],[8.5989437,51.66694274],[8.59523572,51.66622914],[8.60659755,51.67081123],[8.6378995,51.68341957],[8.66921883,51.69601953],[8.70055556,51.70861111]]]],"type":"MultiPolygon"},"properties":{"upper_limit_alt_ref":"MSL","upper_limit_altitude":2500.0,"lower_limit_altitude":1025.2625,"lower_limit_alt_ref":"MSL","legal_ref":"NfL 2026-1-3981","generated_name_EN":"Paderborn/Lippstadt (EDLP) zone 4","lower_limit_unit":"ft","type_code_detail":"U_CONTROL_ZONE_4","external_reference":"988_ctr","name":["Paderborn/Lippstadt (EDLP) Zone 4"],"upper_limit_unit":"ft","generated_name_DE":"Paderborn/Lippstadt (EDLP) Zone 4","type_code":"KONTROLLZONE"}},{"type":"Feature","geometry":{"coordinates":[[[6.16346163,51.58917004],[6.16200758,51.58765921],[6.16006661,51.58633479],[6.15845101,51.58543234],[6.15622573,51.58441082],[6.15372864,51.5836724],[6.15105139,51.58324417],[6.1482922,51.58314185],[6.14555233,51.58336918],[6.14293229,51.58391783],[6.14052822,51.58476766],[6.13843801,51.58588234],[6.13582752,51.58541],[6.1330542,51.58525513],[6.13028478,51.58543498],[6.12762235,51.58594285],[6.12648838,51.58632001],[6.12636958,51.58647096],[6.1260317,51.58690006],[6.12599149,51.58696571],[6.12596994,51.58700258],[6.12423753,51.58920668],[6.12421291,51.58923801],[6.12297675,51.59082311],[6.12294037,51.59086979],[6.12291162,51.59090667],[6.12260532,51.59130157],[6.12148943,51.59273544],[6.11928549,51.59366349],[6.11926066,51.59367249],[6.11923261,51.59367995],[6.11920108,51.59368593],[6.11916538,51.59369057],[6.11903449,51.5936988],[6.11746034,51.59378668],[6.11733726,51.59379336],[6.11726407,51.59379985],[6.11721091,51.59380742],[6.11716411,51.59381714],[6.11712282,51.59382919],[6.11708674,51.59384367],[6.11489301,51.5948714],[6.11485019,51.59489121],[6.11482093,51.59490472],[6.11233159,51.59607019],[6.11190637,51.59626926],[6.1118098,51.59631429],[6.11169159,51.59636923],[6.1096086,51.59734101],[6.10958844,51.59735092],[6.10722714,51.59845326],[6.10720406,51.59846407],[6.10505165,51.59945022],[6.10415922,51.59985818],[6.10403938,51.5999145],[6.10391991,51.59997255],[6.10365176,51.60010311],[6.10333026,51.6002526],[6.10324277,51.60029657],[6.10315095,51.60034517],[6.10293961,51.60046417],[6.10286034,51.60051008],[6.10275536,51.60056948],[6.10264555,51.60062531],[6.10160603,51.60110798],[6.10051603,51.60161317],[6.10037761,51.6016771],[6.09838497,51.60260097],[6.09832442,51.60263068],[6.09736128,51.60310337],[6.09474847,51.60431532],[6.09464897,51.60436125],[6.09142024,51.60585585],[6.09140052,51.60586921],[6.09138799,51.60588779],[6.09138236,51.60591165],[6.09138288,51.60594396],[6.09138711,51.60597581],[6.09139454,51.60600237],[6.09145261,51.60616052],[6.09173855,51.60694135],[6.09217915,51.60852471],[6.09220092,51.60858581],[6.09265976,51.60989142],[6.09305472,51.61101641],[6.09327836,51.61165079],[6.09338554,51.61194369],[6.09353094,51.6123202],[6.09356776,51.61241628],[6.09359168,51.61248637],[6.09359808,51.61250936],[6.10344235,51.61229735],[6.10412637,51.61319252],[6.10584608,51.61462137],[6.10798567,51.61581033],[6.11046069,51.61671246],[6.11317341,51.61729213],[6.11549207,51.61763181],[6.11690153,51.61795356],[6.11774065,51.61814511],[6.12042761,51.61858137],[6.12319907,51.61868926],[6.12595243,51.61846479],[6.12764774,51.61811167],[6.12850053,51.6180258],[6.12996117,51.61875473],[6.13241342,51.61955641],[6.13506654,51.62005177],[6.13782284,51.62022255],[6.14243466,51.6202314],[6.14541804,51.62004319],[6.14827455,51.61947533],[6.15048439,51.61869276],[6.15368175,51.6191432],[6.15446843,51.61918549],[6.15504767,51.61920933],[6.15539509,51.61921927],[6.15630925,51.61925095],[6.15905069,51.61918338],[6.16172205,51.61879413],[6.16422683,51.61809728],[6.16600377,51.6173231],[6.16747219,51.61682778],[6.16961556,51.61572815],[6.1713809,51.61439332],[6.17270119,51.61287465],[6.17380347,51.61227804],[6.17577519,51.61186456],[6.17580717,51.61185525],[6.17773417,51.61117755],[6.17884366,51.61063289],[6.23236841,51.60942183],[6.23130969,51.59145889],[6.17797186,51.59266608],[6.17716987,51.59234539],[6.17714383,51.59233615],[6.17570457,51.59188996],[6.17567797,51.59188283],[6.17425927,51.59156599],[6.17241064,51.59062787],[6.16978449,51.58977979],[6.16693594,51.58928308],[6.16398466,51.58915861],[6.16346163,51.58917004]]],"type":"Polygon"},"properties":{"upper_limit_alt_ref":"MSL","upper_limit_altitude":3000.0,"lower_limit_altitude":0.0,"lower_limit_alt_ref":"AGL","legal_ref":"NfL 2026-1-3981","generated_name_EN":"Niederrhein (EDLV) zone 1","lower_limit_unit":"m","type_code_detail":"U_CONTROL_ZONE_1","external_reference":"DFSDEFPFHXX51603213061417800000220","name":["Niederrhein (EDLV) Zone 1"],"upper_limit_unit":"ft","generated_name_DE":"Niederrhein (EDLV) Zone 1","type_code":"KONTROLLZONE"}},{"type":"Feature","geometry":{"coordinates":[[[[6.18453514,51.57800008],[6.17607541,51.57332257],[6.16631533,51.56976256],[6.1556295,51.56745659],[6.15496164,51.56739914],[6.15290222,51.56822215],[6.15104996,51.56896248],[6.14928693,51.56966762],[6.14738841,51.57041515],[6.14719203,51.57049483],[6.14703121,51.5705657],[6.14690096,51.57062911],[6.14678355,51.57069275],[6.14361906,51.57250958],[6.14361185,51.57251408],[6.14079853,51.57415155],[6.13940226,51.57509158],[6.13818442,51.57591184],[6.13771945,51.57622428],[6.13722424,51.57655742],[6.13514683,51.57794221],[6.13499298,51.5780568],[6.13457395,51.57836892],[6.13419106,51.57865427],[6.1328175,51.57955735],[6.13054697,51.58110407],[6.12849009,51.58377671],[6.12648838,51.58632001],[6.12762235,51.58594285],[6.13028478,51.58543498],[6.1330542,51.58525513],[6.13582752,51.58541],[6.13843801,51.58588234],[6.14052822,51.58476766],[6.14293229,51.58391783],[6.14555233,51.58336918],[6.1482922,51.58314185],[6.15105139,51.58324417],[6.15372864,51.5836724],[6.15622573,51.58441082],[6.15845101,51.58543234],[6.16006661,51.58633479],[6.16200758,51.58765921],[6.16346163,51.58917004],[6.16398466,51.58915861],[6.16693594,51.58928308],[6.16978449,51.58977979],[6.17241064,51.59062787],[6.17425927,51.59156599],[6.17567797,51.59188283],[6.17570457,51.59188996],[6.17714383,51.59233615],[6.17716987,51.59234539],[6.17797186,51.59266608],[6.19727252,51.59222925],[6.19631558,51.58995381],[6.19136951,51.58361567],[6.18453514,51.57800008]]],[[[6.09511124,51.62169257],[6.09513432,51.62168356],[6.09722633,51.62088279],[6.09839449,51.62222463],[6.0984133,51.62224618],[6.09893733,51.62284794],[6.09928766,51.62325031],[6.1000086,51.62407749],[6.10159583,51.6274008],[6.10161035,51.62743224],[6.10187131,51.62797839],[6.10822752,51.63149627],[6.11799592,51.63506122],[6.12869547,51.63737081],[6.1399142,51.63833608],[6.15122002,51.63791984],[6.16217744,51.63613811],[6.17236446,51.6330595],[6.18138897,51.62880255],[6.18890385,51.62353115],[6.19462042,51.6174482],[6.19831946,51.61078774],[6.19845149,51.61018924],[6.17884366,51.61063289],[6.17773417,51.61117755],[6.17580717,51.61185525],[6.17577519,51.61186456],[6.17380347,51.61227804],[6.17270119,51.61287465],[6.1713809,51.61439332],[6.16961556,51.61572815],[6.16747219,51.61682778],[6.16600377,51.6173231],[6.16422683,51.61809728],[6.16172205,51.61879413],[6.15905069,51.61918338],[6.15630925,51.61925095],[6.15539509,51.61921927],[6.15504767,51.61920933],[6.15446843,51.61918549],[6.15368175,51.6191432],[6.15048439,51.61869276],[6.14827455,51.61947533],[6.14541804,51.62004319],[6.14243466,51.6202314],[6.13782284,51.62022255],[6.13506654,51.62005177],[6.13241342,51.61955641],[6.12996117,51.61875473],[6.12850053,51.6180258],[6.12764774,51.61811167],[6.12595243,51.61846479],[6.12319907,51.61868926],[6.12042761,51.61858137],[6.11774065,51.61814511],[6.11690153,51.61795356],[6.11549207,51.61763181],[6.11317341,51.61729213],[6.11046069,51.61671246],[6.10798567,51.61581033],[6.10584608,51.61462137],[6.10412637,51.61319252],[6.10344235,51.61229735],[6.09359808,51.61250936],[6.0936094,51.61255006],[6.09362104,51.61260864],[6.09362817,51.61267355],[6.0936355,51.6128391],[6.09364333,51.61291511],[6.09365186,51.61296035],[6.09366379,51.61300683],[6.0936981,51.61310449],[6.09374687,51.61321027],[6.09381454,51.61333382],[6.09386235,51.61341467],[6.09391307,51.61350107],[6.09394501,51.61356296],[6.09396824,51.61361982],[6.09398272,51.61367253],[6.09412131,51.61436091],[6.09413588,51.6144319],[6.09429583,51.61497825],[6.09434238,51.61511883],[6.09435004,51.61515933],[6.09435115,51.61519571],[6.09433404,51.61529909],[6.09426474,51.61599123],[6.0942592,51.61609999],[6.09425926,51.61613055],[6.09426095,51.61624649],[6.09426459,51.61635097],[6.09427287,51.61647074],[6.09429365,51.61669497],[6.0943734,51.61754878],[6.09435365,51.61777079],[6.09398462,51.62152451],[6.09398037,51.62156496],[6.09398042,51.62159102],[6.09393722,51.6220157],[6.09404207,51.62210199],[6.09511124,51.62169257]]]],"type":"MultiPolygon"},"properties":{"upper_limit_alt_ref":"MSL","upper_limit_altitude":3000.0,"lower_limit_altitude":187.664048,"lower_limit_alt_ref":"MSL","legal_ref":"NfL 2026-1-3981","generated_name_EN":"Niederrhein (EDLV) zone 2","lower_limit_unit":"ft","type_code_detail":"U_CONTROL_ZONE_2","external_reference":"4107_4000","name":["Niederrhein (EDLV) Zone 2"],"upper_limit_unit":"ft","generated_name_DE":"Niederrhein (EDLV) Zone 2","type_code":"KONTROLLZONE"}},{"type":"Feature","geometry":{"coordinates":[[[[6.17922839,51.55374629],[6.16578253,51.55425752],[6.1649447,51.55543724],[6.16492749,51.55546154],[6.16474529,51.55571796],[6.16423604,51.55643772],[6.16266081,51.5586546],[6.16138386,51.56045309],[6.16003648,51.56234155],[6.15964904,51.56288407],[6.15929889,51.5633744],[6.15844788,51.56456469],[6.15823104,51.56486797],[6.15806326,51.5651027],[6.1574357,51.56598155],[6.15700833,51.56658333],[6.15496473,51.56739941],[6.1556295,51.56745659],[6.16631533,51.56976256],[6.17607541,51.57332257],[6.18453514,51.57800008],[6.19136951,51.58361567],[6.19631558,51.58995381],[6.19727252,51.59222925],[6.22668197,51.59156363],[6.2233759,51.58371381],[6.21595254,51.57420815],[6.20569904,51.56578674],[6.19301008,51.55877252],[6.17922839,51.55374629]]],[[[6.09392531,51.62214686],[6.09399163,51.62212131],[6.09404207,51.62210199],[6.09393807,51.62201639],[6.09392531,51.62214686]]],[[[6.22640064,51.61496428],[6.22759606,51.60952981],[6.19845149,51.61018924],[6.19831946,51.61078774],[6.19462042,51.6174482],[6.18890385,51.62353115],[6.18138897,51.62880255],[6.17236446,51.6330595],[6.16217744,51.63613811],[6.15122002,51.63791984],[6.1399142,51.63833608],[6.12869547,51.63737081],[6.11799592,51.63506122],[6.10822752,51.63149627],[6.10187236,51.62797897],[6.102612,51.62952814],[6.10274359,51.62980319],[6.10308911,51.63059024],[6.1033763,51.63124529],[6.10385132,51.63232875],[6.10497079,51.63487945],[6.10498241,51.63490731],[6.10580722,51.63679045],[6.10607296,51.6373951],[6.10694729,51.63940852],[6.10772437,51.64120002],[6.10804248,51.64193135],[6.10842021,51.64222131],[6.10935292,51.6429382],[6.10985449,51.6433237],[6.11168397,51.64472859],[6.11168254,51.64472994],[6.11168333,51.64473056],[6.11035732,51.64597866],[6.10950316,51.64678352],[6.10941524,51.64686629],[6.10967365,51.64699508],[6.11441056,51.64933667],[6.11475444,51.64948566],[6.11482386,51.64951615],[6.11495983,51.64957534],[6.11620088,51.65011519],[6.11631513,51.65016091],[6.11633828,51.65017077],[6.11628502,51.65025083],[6.11636893,51.65029298],[6.11717623,51.65070203],[6.1172529,51.6507397],[6.11725126,51.65074092],[6.11725278,51.65074167],[6.116525,51.65138889],[6.11652222,51.65139722],[6.13718411,51.65110455],[6.15784573,51.65080825],[6.17850708,51.65050831],[6.18052848,51.65047861],[6.18747511,51.64837915],[6.20101384,51.64199176],[6.21228553,51.6340826],[6.22085724,51.62495633],[6.22640064,51.61496428]]]],"type":"MultiPolygon"},"properties":{"upper_limit_alt_ref":"MSL","upper_limit_altitude":3000.0,"lower_limit_altitude":253.28084800000002,"lower_limit_alt_ref":"MSL","legal_ref":"NfL 2026-1-3981","generated_name_EN":"Niederrhein (EDLV) zone 3","lower_limit_unit":"ft","type_code_detail":"U_CONTROL_ZONE_3","external_reference":"4107_6000","name":["Niederrhein (EDLV) Zone 3"],"upper_limit_unit":"ft","generated_name_DE":"Niederrhein (EDLV) Zone 3","type_code":"KONTROLLZONE"}},{"type":"Feature","geometry":{"coordinates":[[[7.64435187,51.51671208],[7.64369526,51.51634169],[7.64333901,51.51549666],[7.64208662,51.5139003],[7.64035549,51.51248883],[7.6382133,51.51131739],[7.63574375,51.51043174],[7.63304332,51.50986648],[7.63292383,51.50984944],[7.63289914,51.50984593],[7.63090231,51.50956346],[7.63061616,51.50952295],[7.63001248,51.50943773],[7.62926339,51.50933136],[7.62852333,51.50922621],[7.62819416,51.50917946],[7.62816625,51.50917551],[7.62778796,51.50912228],[7.62737599,51.50906385],[7.62724518,51.50904499],[7.62663032,51.50895515],[7.62646803,51.50893206],[7.62564649,51.50881825],[7.62498639,51.50872221],[7.62496418,51.50871136],[7.62438613,51.50842102],[7.62422792,51.5083415],[7.62419234,51.50832368],[7.62411949,51.50828729],[7.62401679,51.50823649],[7.62378001,51.50812043],[7.62349022,51.50798206],[7.62311946,51.50780962],[7.62193265,51.50725786],[7.62176889,51.50718141],[7.62060061,51.50663592],[7.61908354,51.50591918],[7.61749405,51.50516819],[7.61599517,51.50445997],[7.61565535,51.50430423],[7.61502577,51.50402443],[7.6147616,51.50390979],[7.61393133,51.50355797],[7.61383322,51.50351676],[7.61309143,51.50320794],[7.61279162,51.50308645],[7.61244509,51.50294981],[7.61239681,51.50293086],[7.61118253,51.50245623],[7.610418,51.50215739],[7.60978168,51.50190866],[7.60943408,51.50177166],[7.60941726,51.50176504],[7.60768812,51.50108561],[7.60753219,51.5010227],[7.60741255,51.50097495],[7.60618729,51.50049118],[7.60614585,51.50047488],[7.60599313,51.50041503],[7.60558848,51.50025517],[7.60536783,51.50016973],[7.60521557,51.50011195],[7.60469317,51.49992294],[7.60455059,51.49987382],[7.60392312,51.49967001],[7.60378621,51.49962817],[7.60305823,51.49942115],[7.60292527,51.49938609],[7.60207057,51.49918043],[7.6018969,51.49914255],[7.60127931,51.49901753],[7.60100638,51.49896649],[7.60096724,51.49895921],[7.60059347,51.49889003],[7.5989248,51.49858221],[7.5961175,51.49824878],[7.59325999,51.49826775],[7.59046468,51.49863837],[7.58784154,51.49934606],[7.58775447,51.49938377],[7.55003388,51.48608139],[7.53585629,51.50173392],[7.58229824,51.51811103],[7.58313289,51.5195975],[7.58453754,51.52109292],[7.58637615,51.52239239],[7.5885804,51.52344757],[7.58905958,51.5235962],[7.58923088,51.52385755],[7.59073881,51.52529489],[7.59265755,51.52652707],[7.59491705,51.52750909],[7.59510595,51.52757544],[7.59767716,51.52828245],[7.60041949,51.52866479],[7.60322865,51.52870791],[7.6033796,51.52869169],[7.60355068,51.52874751],[7.60454566,51.52908876],[7.60460631,51.52910944],[7.60591007,51.52955149],[7.60788087,51.53022317],[7.60800673,51.53026556],[7.60870867,51.53049917],[7.60875409,51.53051475],[7.6087873,51.53052622],[7.6097018,51.53084016],[7.60976259,51.5308609],[7.61138035,51.53140992],[7.61169019,51.53151532],[7.61211026,51.53165808],[7.61214578,51.53167012],[7.61309421,51.5319903],[7.61364341,51.53217713],[7.61473482,51.53255101],[7.61484944,51.53258986],[7.61515145,51.5326911],[7.61560848,51.53284439],[7.61640292,51.53311643],[7.61648976,51.53314593],[7.61693758,51.53329679],[7.61784726,51.53370273],[7.61938439,51.53413253],[7.6207551,51.53459831],[7.62077054,51.53460355],[7.62125233,51.53476678],[7.62390372,51.53546145],[7.62672351,51.53581401],[7.62959941,51.53581042],[7.63179047,51.53553078],[7.67895286,51.55209882],[7.69309765,51.5364289],[7.6480569,51.52060867],[7.64790765,51.52030448],[7.64788002,51.52025423],[7.64743271,51.51954112],[7.64740243,51.51949831],[7.64670941,51.5186447],[7.64667532,51.51860773],[7.64566808,51.51765971],[7.64562973,51.51762814],[7.64439148,51.51673707],[7.64435187,51.51671208]]],"type":"Polygon"},"properties":{"upper_limit_alt_ref":"MSL","upper_limit_altitude":2500.0,"lower_limit_altitude":0.0,"lower_limit_alt_ref":"AGL","legal_ref":"NfL 2026-1-3981","generated_name_EN":"Dortmund (EDLW) zone 1","lower_limit_unit":"m","type_code_detail":"U_CONTROL_ZONE_1","external_reference":"DFSDEFPFHXX51518333076121670000220","name":["Dortmund (EDLW) Zone 1"],"upper_limit_unit":"ft","generated_name_DE":"Dortmund (EDLW) Zone 1","type_code":"KONTROLLZONE"}},{"type":"Feature","geometry":{"coordinates":[[[[7.66074691,51.49889303],[7.65374304,51.49336219],[7.64514683,51.48878996],[7.63528848,51.48535173],[7.62454633,51.48317936],[7.61333237,51.48235614],[7.60207658,51.48291364],[7.59121053,51.48483046],[7.58115091,51.48803311],[7.57228373,51.49239875],[7.57087257,51.49343027],[7.58775447,51.49938377],[7.58784154,51.49934606],[7.59046468,51.49863837],[7.59325999,51.49826775],[7.5961175,51.49824878],[7.5989248,51.49858221],[7.60059347,51.49889003],[7.60096724,51.49895921],[7.60100638,51.49896649],[7.60127931,51.49901753],[7.6018969,51.49914255],[7.60207057,51.49918043],[7.60292527,51.49938609],[7.60305823,51.49942115],[7.60378621,51.49962817],[7.60392312,51.49967001],[7.60455059,51.49987382],[7.60469317,51.49992294],[7.60521557,51.50011195],[7.60536783,51.50016973],[7.60558848,51.50025517],[7.60599313,51.50041503],[7.60614585,51.50047488],[7.60618729,51.50049118],[7.60741255,51.50097495],[7.60753219,51.5010227],[7.60768812,51.50108561],[7.60941726,51.50176504],[7.60943408,51.50177166],[7.60978168,51.50190866],[7.610418,51.50215739],[7.61118253,51.50245623],[7.61239681,51.50293086],[7.61244509,51.50294981],[7.61279162,51.50308645],[7.61309143,51.50320794],[7.61383322,51.50351676],[7.61393133,51.50355797],[7.6147616,51.50390979],[7.61502577,51.50402443],[7.61565535,51.50430423],[7.61599517,51.50445997],[7.61749405,51.50516819],[7.61908354,51.50591918],[7.62060061,51.50663592],[7.62176889,51.50718141],[7.62193265,51.50725786],[7.62311946,51.50780962],[7.62349022,51.50798206],[7.62378001,51.50812043],[7.62401679,51.50823649],[7.62411949,51.50828729],[7.62419234,51.50832368],[7.62422792,51.5083415],[7.62438613,51.50842102],[7.62496418,51.50871136],[7.62498639,51.50872221],[7.62564649,51.50881825],[7.62646803,51.50893206],[7.62663032,51.50895515],[7.62724518,51.50904499],[7.62737599,51.50906385],[7.62778796,51.50912228],[7.62816625,51.50917551],[7.62819416,51.50917946],[7.62852333,51.50922621],[7.62926339,51.50933136],[7.63001248,51.50943773],[7.63061616,51.50952295],[7.63090231,51.50956346],[7.63289914,51.50984593],[7.63292383,51.50984944],[7.63304332,51.50986648],[7.63574375,51.51043174],[7.6382133,51.51131739],[7.64035549,51.51248883],[7.64208662,51.5139003],[7.64333901,51.51549666],[7.64369526,51.51634169],[7.64435187,51.51671208],[7.64439148,51.51673707],[7.64562973,51.51762814],[7.64566808,51.51765971],[7.64667532,51.51860773],[7.64670941,51.5186447],[7.64740243,51.51949831],[7.64743271,51.51954112],[7.64788002,51.52025423],[7.64790765,51.52030448],[7.6480569,51.52060867],[7.66776026,51.52752933],[7.66856214,51.52598253],[7.66987416,51.51898022],[7.66897123,51.51195278],[7.66588904,51.50517021],[7.66074691,51.49889303]]],[[[7.55549462,51.52464465],[7.5585616,51.53142997],[7.56369317,51.53771152],[7.57069272,51.54324766],[7.57929151,51.54782533],[7.58915896,51.5512683],[7.59991533,51.553444],[7.61114648,51.55426862],[7.62241979,51.55371039],[7.63330105,51.55179081],[7.64337123,51.5485838],[7.65224274,51.54421285],[7.65362488,51.54320116],[7.63179047,51.53553078],[7.62959941,51.53581042],[7.62672351,51.53581401],[7.62390372,51.53546145],[7.62125233,51.53476678],[7.62077054,51.53460355],[7.6207551,51.53459831],[7.61938439,51.53413253],[7.61784726,51.53370273],[7.61693758,51.53329679],[7.61648976,51.53314593],[7.61640292,51.53311643],[7.61560848,51.53284439],[7.61515145,51.5326911],[7.61484944,51.53258986],[7.61473482,51.53255101],[7.61364341,51.53217713],[7.61309421,51.5319903],[7.61214578,51.53167012],[7.61211026,51.53165808],[7.61169019,51.53151532],[7.61138035,51.53140992],[7.60976259,51.5308609],[7.6097018,51.53084016],[7.6087873,51.53052622],[7.60875409,51.53051475],[7.60870867,51.53049917],[7.60800673,51.53026556],[7.60788087,51.53022317],[7.60591007,51.52955149],[7.60460631,51.52910944],[7.60454566,51.52908876],[7.60355068,51.52874751],[7.6033796,51.52869169],[7.60322865,51.52870791],[7.60041949,51.52866479],[7.59767716,51.52828245],[7.59510595,51.52757544],[7.59491705,51.52750909],[7.59265755,51.52652707],[7.59073881,51.52529489],[7.58923088,51.52385755],[7.58905958,51.5235962],[7.5885804,51.52344757],[7.58637615,51.52239239],[7.58453754,51.52109292],[7.58313289,51.5195975],[7.58229824,51.51811103],[7.55673038,51.50909488],[7.55593842,51.51061556],[7.55460922,51.51761647],[7.55549462,51.52464465]]]],"type":"MultiPolygon"},"properties":{"upper_limit_alt_ref":"MSL","upper_limit_altitude":2500.0,"lower_limit_altitude":505.24936,"lower_limit_alt_ref":"MSL","legal_ref":"NfL 2026-1-3981","generated_name_EN":"Dortmund (EDLW) zone 2","lower_limit_unit":"ft","type_code_detail":"U_CONTROL_ZONE_2","external_reference":"135_4000","name":["Dortmund (EDLW) Zone 2"],"upper_limit_unit":"ft","generated_name_DE":"Dortmund (EDLW) Zone 2","type_code":"KONTROLLZONE"}},{"type":"Feature","geometry":{"coordinates":[[[7.64886597,51.4782218],[7.61024516,51.46455779],[7.59700031,51.46521384],[7.58070691,51.46808805],[7.56562145,51.47289038],[7.5523223,51.47943686],[7.54131997,51.48747657],[7.53303762,51.49670125],[7.52779467,51.50675701],[7.52579443,51.51725784],[7.52711595,51.52780038],[7.53171071,51.53797939],[7.53940408,51.54740336],[7.54862967,51.55470302],[7.57164259,51.56280595],[7.59530192,51.57112342],[7.61059858,51.57224659],[7.62751515,51.57140897],[7.64384275,51.56852856],[7.65895199,51.5637164],[7.67226086,51.55715799],[7.68325737,51.54910605],[7.69151926,51.5398707],[7.69673021,51.52980745],[7.69869179,51.51930347],[7.69733082,51.50876258],[7.69270185,51.49858978],[7.68706741,51.49171632],[7.64886597,51.4782218]],[[7.69309765,51.5364289],[7.67895286,51.55209882],[7.65362488,51.54320116],[7.65224274,51.54421285],[7.64337123,51.5485838],[7.63330105,51.55179081],[7.62241979,51.55371039],[7.61114648,51.55426862],[7.59991533,51.553444],[7.58915896,51.5512683],[7.57929151,51.54782533],[7.57069272,51.54324766],[7.56369317,51.53771152],[7.5585616,51.53142997],[7.55549462,51.52464465],[7.55460922,51.51761647],[7.55593842,51.51061556],[7.55673038,51.50909488],[7.53585629,51.50173392],[7.55003388,51.48608139],[7.57087257,51.49343027],[7.57228373,51.49239875],[7.58115091,51.48803311],[7.59121053,51.48483046],[7.60207658,51.48291364],[7.61333237,51.48235614],[7.62454633,51.48317936],[7.63528848,51.48535173],[7.64514683,51.48878996],[7.65374304,51.49336219],[7.66074691,51.49889303],[7.66588904,51.50517021],[7.66897123,51.51195278],[7.66987416,51.51898022],[7.66856214,51.52598253],[7.66776026,51.52752933],[7.69309765,51.5364289]]],"type":"Polygon"},"properties":{"upper_limit_alt_ref":"MSL","upper_limit_altitude":2500.0,"lower_limit_altitude":570.86616,"lower_limit_alt_ref":"MSL","legal_ref":"NfL 2026-1-3981","generated_name_EN":"Dortmund (EDLW) zone 3","lower_limit_unit":"ft","type_code_detail":"U_CONTROL_ZONE_3","external_reference":"135_6000","name":["Dortmund (EDLW) Zone 3"],"upper_limit_unit":"ft","generated_name_DE":"Dortmund (EDLW) Zone 3","type_code":"KONTROLLZONE"}},{"type":"Feature","geometry":{"coordinates":[[[9.53307542,47.66579863],[9.53287667,47.66571982],[9.53285848,47.66571318],[9.53277078,47.66566927],[9.53175341,47.66520735],[9.53110026,47.6649394],[9.53082739,47.66483044],[9.53056105,47.66472696],[9.53046348,47.66469168],[9.53029098,47.66458723],[9.5302091,47.66454458],[9.52946171,47.66418238],[9.52884125,47.66390309],[9.52802655,47.66357539],[9.5278149,47.66348087],[9.52752943,47.66335796],[9.52741306,47.66329611],[9.52718987,47.66319608],[9.52671305,47.66302059],[9.52671433,47.66301921],[9.52617652,47.66279002],[9.52579835,47.66259447],[9.52375515,47.66192707],[9.52374445,47.6619196],[9.52359041,47.66182586],[9.52191061,47.66095647],[9.52136159,47.66071651],[9.51989674,47.66007179],[9.51977564,47.66001912],[9.51911155,47.65973368],[9.51879084,47.6596289],[9.51845806,47.65944557],[9.51825879,47.65937631],[9.518037,47.65926442],[9.51737678,47.65895192],[9.51600719,47.65834454],[9.51595698,47.6583222],[9.51372855,47.65752402],[9.5113174,47.65702397],[9.50915373,47.65686519],[9.5082923,47.65653315],[9.50819472,47.6564959],[9.50750656,47.6562358],[9.50492559,47.65548932],[9.50217039,47.65512496],[9.50104373,47.65513859],[9.50087662,47.65508603],[9.49830618,47.6546669],[9.49566386,47.65459912],[9.49525791,47.65464365],[9.44991533,47.63702849],[9.43663501,47.65262608],[9.48394061,47.67100487],[9.48408527,47.67118993],[9.48432769,47.67148641],[9.48438007,47.67154771],[9.48583647,47.67293166],[9.48765196,47.67410613],[9.48867659,47.67465365],[9.48873942,47.67468702],[9.48882039,47.67472976],[9.48951407,47.67507213],[9.48967925,47.67514826],[9.48970928,47.67516579],[9.48972331,47.67517343],[9.49024734,47.67559011],[9.4903526,47.67565361],[9.49262571,47.67675817],[9.49318103,47.67697209],[9.49384032,47.67825132],[9.49524523,47.679833],[9.49709828,47.68118794],[9.49932162,47.6822592],[9.50142397,47.68306646],[9.50144143,47.68307316],[9.50170105,47.68317249],[9.50172976,47.68318344],[9.50274291,47.68356885],[9.50321834,47.68384435],[9.50561271,47.68473528],[9.50822602,47.68527742],[9.51012694,47.6853965],[9.51081059,47.68547829],[9.51234376,47.68554205],[9.51403622,47.68550755],[9.51423975,47.68555267],[9.51431713,47.68556977],[9.5155275,47.68583705],[9.51581581,47.68590855],[9.51613826,47.68598536],[9.51729924,47.68625065],[9.51746533,47.68628778],[9.51754166,47.68630447],[9.51756786,47.68631074],[9.51884241,47.68661592],[9.51897283,47.68664663],[9.52046934,47.68699318],[9.52048149,47.68699623],[9.52110571,47.68714137],[9.52139506,47.68720327],[9.52255762,47.68745856],[9.52501604,47.6878293],[9.52744773,47.68787919],[9.57387712,47.70585661],[9.58712975,47.6902434],[9.54177705,47.67268483],[9.54140735,47.67200136],[9.54001724,47.67047059],[9.53941746,47.67003581],[9.5387702,47.66920175],[9.53705927,47.66778982],[9.53496191,47.66664004],[9.53422843,47.66631528],[9.53396282,47.66618197],[9.53379985,47.66610745],[9.53307542,47.66579863]]],"type":"Polygon"},"properties":{"upper_limit_alt_ref":"MSL","upper_limit_altitude":4500.0,"lower_limit_altitude":0.0,"lower_limit_alt_ref":"AGL","legal_ref":"NfL 2026-1-3981","generated_name_EN":"Friedrichshafen (EDNY) zone 1","lower_limit_unit":"m","type_code_detail":"U_CONTROL_ZONE_1","external_reference":"DFSDEFPFHXX47671333095115000000220","name":["Friedrichshafen (EDNY) Zone 1"],"upper_limit_unit":"ft","generated_name_DE":"Friedrichshafen (EDNY) Zone 1","type_code":"KONTROLLZONE"}},{"type":"Feature","geometry":{"coordinates":[[[[9.55557646,47.65111582],[9.54889551,47.64569401],[9.54077901,47.64125659],[9.5315387,47.63797383],[9.52152921,47.63597167],[9.51113451,47.63532689],[9.50075328,47.63606423],[9.49078366,47.63815542],[9.48160812,47.64152024],[9.47357883,47.64602962],[9.4734218,47.64616053],[9.49525791,47.65464365],[9.49566386,47.65459912],[9.49830618,47.6546669],[9.50087662,47.65508603],[9.50104373,47.65513859],[9.50217039,47.65512496],[9.50492559,47.65548932],[9.50750656,47.6562358],[9.50819472,47.6564959],[9.5082923,47.65653315],[9.50915373,47.65686519],[9.5113174,47.65702397],[9.51372855,47.65752402],[9.51595698,47.6583222],[9.51600719,47.65834454],[9.51737678,47.65895192],[9.518037,47.65926442],[9.51825879,47.65937631],[9.51845806,47.65944557],[9.51879084,47.6596289],[9.51911155,47.65973368],[9.51977564,47.66001912],[9.51989674,47.66007179],[9.52136159,47.66071651],[9.52191061,47.66095647],[9.52359041,47.66182586],[9.52374445,47.6619196],[9.52375515,47.66192707],[9.52579835,47.66259447],[9.52617652,47.66279002],[9.52671433,47.66301921],[9.52671305,47.66302059],[9.52718987,47.66319608],[9.52741306,47.66329611],[9.52752943,47.66335796],[9.5278149,47.66348087],[9.52802655,47.66357539],[9.52884125,47.66390309],[9.52946171,47.66418238],[9.5302091,47.66454458],[9.53029098,47.66458723],[9.53046348,47.66469168],[9.53056105,47.66472696],[9.53082739,47.66483044],[9.53110026,47.6649394],[9.53175341,47.66520735],[9.53277078,47.66566927],[9.53285848,47.66571318],[9.53287667,47.66571982],[9.53307542,47.66579863],[9.53379985,47.66610745],[9.53396282,47.66618197],[9.53422843,47.66631528],[9.53496191,47.66664004],[9.53705927,47.66778982],[9.5387702,47.66920175],[9.53941746,47.67003581],[9.54001724,47.67047059],[9.54140735,47.67200136],[9.54177705,47.67268483],[9.56265052,47.68076612],[9.56382014,47.67809264],[9.56476831,47.67106649],[9.56366891,47.6640504],[9.56056498,47.65731394],[9.55557646,47.65111582]]],[[[9.45928811,47.67855868],[9.4623803,47.6852979],[9.4673611,47.69150006],[9.47403952,47.69692658],[9.48215907,47.70136867],[9.49140755,47.70465534],[9.50142908,47.70666006],[9.51183784,47.70730566],[9.52223304,47.70656727],[9.53221439,47.70447333],[9.54139765,47.70110447],[9.54942947,47.69659037],[9.54959304,47.69645383],[9.52744773,47.68787919],[9.52501604,47.6878293],[9.52255762,47.68745856],[9.52139506,47.68720327],[9.52110571,47.68714137],[9.52048149,47.68699623],[9.52046934,47.68699318],[9.51897283,47.68664663],[9.51884241,47.68661592],[9.51756786,47.68631074],[9.51754166,47.68630447],[9.51746533,47.68628778],[9.51729924,47.68625065],[9.51613826,47.68598536],[9.51581581,47.68590855],[9.5155275,47.68583705],[9.51431713,47.68556977],[9.51423975,47.68555267],[9.51403622,47.68550755],[9.51234376,47.68554205],[9.51081059,47.68547829],[9.51012694,47.6853965],[9.50822602,47.68527742],[9.50561271,47.68473528],[9.50321834,47.68384435],[9.50274291,47.68356885],[9.50172976,47.68318344],[9.50170105,47.68317249],[9.50144143,47.68307316],[9.50142397,47.68306646],[9.49932162,47.6822592],[9.49709828,47.68118794],[9.49524523,47.679833],[9.49384032,47.67825132],[9.49318103,47.67697209],[9.49262571,47.67675817],[9.4903526,47.67565361],[9.49024734,47.67559011],[9.48972331,47.67517343],[9.48970928,47.67516579],[9.48967925,47.67514826],[9.48951407,47.67507213],[9.48882039,47.67472976],[9.48873942,47.67468702],[9.48867659,47.67465365],[9.48765196,47.67410613],[9.48583647,47.67293166],[9.48438007,47.67154771],[9.48432769,47.67148641],[9.48408527,47.67118993],[9.48394061,47.67100487],[9.46034239,47.66183668],[9.45916491,47.66451621],[9.45820267,47.67154155],[9.45928811,47.67855868]]]],"type":"MultiPolygon"},"properties":{"upper_limit_alt_ref":"MSL","upper_limit_altitude":4500.0,"lower_limit_altitude":1449.475112,"lower_limit_alt_ref":"MSL","legal_ref":"NfL 2026-1-3981","generated_name_EN":"Friedrichshafen (EDNY) zone 2","lower_limit_unit":"ft","type_code_detail":"U_CONTROL_ZONE_2","external_reference":"224_4000","name":["Friedrichshafen (EDNY) Zone 2"],"upper_limit_unit":"ft","generated_name_DE":"Friedrichshafen (EDNY) Zone 2","type_code":"KONTROLLZONE"}},{"type":"Feature","geometry":{"coordinates":[[[[9.43747221,47.65096273],[9.43685321,47.65236982],[9.44906642,47.63802553],[9.44477596,47.64160108],[9.43747221,47.65096273]]],[[[9.54782338,47.62456988],[9.53783945,47.62055789],[9.52654588,47.61829892],[9.51095911,47.61733206],[9.49539249,47.61843768],[9.48044245,47.62157343],[9.46668203,47.62661915],[9.45463904,47.63338146],[9.45015233,47.63712056],[9.4734218,47.64616053],[9.47357883,47.64602962],[9.48160812,47.64152024],[9.49078366,47.63815542],[9.50075328,47.63606423],[9.51113451,47.63532689],[9.52152921,47.63597167],[9.5315387,47.63797383],[9.54077901,47.64125659],[9.54889551,47.64569401],[9.55557646,47.65111582],[9.56056498,47.65731394],[9.56366891,47.6640504],[9.56476831,47.67106649],[9.56382014,47.67809264],[9.56265052,47.68076612],[9.58629955,47.68992198],[9.58999229,47.68147179],[9.59140927,47.67093226],[9.58975493,47.66040853],[9.58509464,47.65030486],[9.577609,47.6410092],[9.56758663,47.63287825],[9.5650002,47.63146445],[9.54782338,47.62456988]]],[[[9.45668217,47.70506839],[9.49546608,47.72018252],[9.50797344,47.72504959],[9.5120141,47.72530021],[9.52761214,47.72419223],[9.54258858,47.72105028],[9.55636637,47.71599547],[9.56841504,47.70922256],[9.5728994,47.70547804],[9.54959304,47.69645383],[9.54942947,47.69659037],[9.54139765,47.70110447],[9.53221439,47.70447333],[9.52223304,47.70656727],[9.51183784,47.70730566],[9.50142908,47.70666006],[9.49140755,47.70465534],[9.48215907,47.70136867],[9.47403952,47.69692658],[9.4673611,47.69150006],[9.4623803,47.6852979],[9.45928811,47.67855868],[9.45820267,47.67154155],[9.45916491,47.66451621],[9.46034239,47.66183668],[9.43672508,47.65266107],[9.43300949,47.66110716],[9.43156086,47.67164484],[9.43318377,47.68217094],[9.43781765,47.69228079],[9.44415846,47.70018082],[9.45668217,47.70506839]]],[[[9.57736,47.70175336],[9.57827126,47.70099244],[9.58116415,47.69727161],[9.57736,47.70175336]]]],"type":"MultiPolygon"},"properties":{"upper_limit_alt_ref":"MSL","upper_limit_altitude":4500.0,"lower_limit_altitude":1515.091912,"lower_limit_alt_ref":"MSL","legal_ref":"NfL 2026-1-3981","generated_name_EN":"Friedrichshafen (EDNY) zone 3","lower_limit_unit":"ft","type_code_detail":"U_CONTROL_ZONE_3","external_reference":"224_6000","name":["Friedrichshafen (EDNY) Zone 3"],"upper_limit_unit":"ft","generated_name_DE":"Friedrichshafen (EDNY) Zone 3","type_code":"KONTROLLZONE"}},{"type":"Feature","geometry":{"coordinates":[[[[9.45567662,47.58780453],[9.45430934,47.58899827],[9.452942,47.590192],[9.45099063,47.5913503],[9.44903917,47.59250857],[9.44708763,47.5936668],[9.445136,47.594825],[9.43410824,47.59865419],[9.42307887,47.60248231],[9.4120479,47.60630937],[9.40101531,47.61013537],[9.38998111,47.6139603],[9.37894531,47.61778417],[9.3679079,47.62160697],[9.35686887,47.62542871],[9.34582824,47.62924939],[9.334786,47.633069],[9.33271581,47.63378543],[9.33064556,47.63450182],[9.32857525,47.63521817],[9.32650489,47.63593448],[9.32443447,47.63665076],[9.322364,47.637367],[9.31690047,47.63925477],[9.31143655,47.64114229],[9.30597223,47.64302954],[9.30050752,47.64491653],[9.30177072,47.64448061],[9.34046496,47.65964722],[9.37918162,47.67480072],[9.41792068,47.68994112],[9.44415846,47.70018082],[9.43781765,47.69228079],[9.43318377,47.68217094],[9.43156086,47.67164484],[9.43300949,47.66110716],[9.43672508,47.65266107],[9.43663501,47.65262608],[9.43685321,47.65236982],[9.43747221,47.65096273],[9.44477596,47.64160108],[9.44906642,47.63802553],[9.44991533,47.63702849],[9.45015233,47.63712056],[9.45463904,47.63338146],[9.46668203,47.62661915],[9.48044245,47.62157343],[9.49539249,47.61843768],[9.51095911,47.61733206],[9.52654588,47.61829892],[9.53783945,47.62055789],[9.51717323,47.61225328],[9.48653748,47.59992846],[9.45591611,47.58759544],[9.45567662,47.58780453]]],[[[9.6508261,47.78050734],[9.68972222,47.79555556],[9.69703849,47.78705771],[9.70435238,47.77855938],[9.71166388,47.77006057],[9.718973,47.76156129],[9.72627974,47.75306153],[9.7335841,47.74456129],[9.74088608,47.73606057],[9.74818569,47.72755938],[9.75548292,47.7190577],[9.76277778,47.71055556],[9.73202677,47.69829664],[9.70129018,47.68602946],[9.670568,47.67375403],[9.63986024,47.66147035],[9.60916689,47.64917842],[9.57848793,47.63687826],[9.5650002,47.63146445],[9.56758663,47.63287825],[9.577609,47.6410092],[9.58509464,47.65030486],[9.58975493,47.66040853],[9.59140927,47.67093226],[9.58999229,47.68147179],[9.58629955,47.68992198],[9.58712975,47.6902434],[9.58116415,47.69727161],[9.57827126,47.70099244],[9.57736,47.70175336],[9.57387712,47.70585661],[9.5728994,47.70547804],[9.56841504,47.70922256],[9.55636637,47.71599547],[9.54258858,47.72105028],[9.52761214,47.72419223],[9.5120141,47.72530021],[9.50797344,47.72504959],[9.53427243,47.73528349],[9.57310121,47.7503713],[9.61195243,47.76544592],[9.6508261,47.78050734]]]],"type":"MultiPolygon"},"properties":{"upper_limit_alt_ref":"MSL","upper_limit_altitude":4500.0,"lower_limit_altitude":1695.5381119999997,"lower_limit_alt_ref":"MSL","legal_ref":"NfL 2026-1-3981","generated_name_EN":"Friedrichshafen (EDNY) zone 4","lower_limit_unit":"ft","type_code_detail":"U_CONTROL_ZONE_4","external_reference":"10799_ctr","name":["Friedrichshafen (EDNY) Zone 4"],"upper_limit_unit":"ft","generated_name_DE":"Friedrichshafen (EDNY) Zone 4","type_code":"KONTROLLZONE"}},{"type":"Feature","geometry":{"coordinates":[[[8.10688492,48.78083937],[8.10622053,48.7801392],[8.10537687,48.77940551],[8.10472374,48.77852854],[8.10451637,48.77830724],[8.10443221,48.77823407],[8.10428639,48.778026],[8.10406303,48.77778158],[8.10289083,48.77672334],[8.10200871,48.77552548],[8.10141752,48.77488209],[8.10137285,48.77483285],[8.10028512,48.77387229],[8.09916681,48.77238297],[8.09900663,48.77221291],[8.09831826,48.77162085],[8.09796877,48.77109621],[8.09778961,48.77089032],[8.09716985,48.77024342],[8.09684589,48.76993513],[8.0953017,48.76872648],[8.09486217,48.76761091],[8.09466952,48.76727253],[8.09461725,48.76716338],[8.09447677,48.76683658],[8.0943638,48.76658749],[8.0942479,48.76634477],[8.09319803,48.76472148],[8.09283005,48.76436634],[8.09273845,48.7640906],[8.09171503,48.76251944],[8.09026029,48.76110476],[8.0900746,48.76098251],[8.0889125,48.75997322],[8.0868384,48.75877656],[8.08665551,48.75869094],[8.08456825,48.75788734],[8.08430075,48.75782287],[8.0837162,48.75737874],[8.08216231,48.7565052],[8.0819501,48.75640298],[8.08011308,48.75565771],[8.07983517,48.75556413],[8.07932313,48.75540052],[8.07911376,48.75533715],[8.07562133,48.7546361],[8.0754594,48.7546188],[8.07325994,48.75453806],[8.04737571,48.72687978],[8.02424629,48.73634374],[8.05202149,48.76603581],[8.05200457,48.76721698],[8.05203349,48.76732628],[8.05198657,48.76757544],[8.05221443,48.76941497],[8.05224044,48.76947318],[8.05230776,48.77018024],[8.05298373,48.77187413],[8.05414364,48.77344929],[8.05496218,48.77433071],[8.05656401,48.77572872],[8.05787757,48.77650154],[8.05918399,48.77791366],[8.05952446,48.77835805],[8.06105225,48.77992466],[8.06147357,48.78020607],[8.06191231,48.7812056],[8.06292776,48.7824782],[8.0629021,48.78248793],[8.06415838,48.78393401],[8.06419083,48.7839217],[8.06556456,48.78530393],[8.06771977,48.7866819],[8.06800542,48.78682794],[8.06857034,48.78718983],[8.06967446,48.78860368],[8.07229794,48.79109013],[8.07239483,48.79118076],[8.07272765,48.79148802],[8.07275132,48.79150911],[8.07302018,48.79177931],[8.07302197,48.79178112],[8.07326503,48.79202538],[8.0736356,48.79237906],[8.07407069,48.79277381],[8.0741282,48.79282598],[8.07420433,48.79295732],[8.07423369,48.79300798],[8.07468997,48.79361472],[8.0772008,48.79511674],[8.08044156,48.79720644],[8.08356176,48.79937483],[8.08583976,48.80106595],[8.08828474,48.80299412],[8.09017386,48.80457267],[8.09086669,48.80517266],[8.09267202,48.80679348],[8.09484089,48.8088609],[8.09670782,48.81075932],[8.10024664,48.81447151],[8.10128308,48.81561871],[8.1021131,48.81663851],[8.10282176,48.81759935],[8.10367888,48.81890703],[8.10434498,48.82007369],[8.10493139,48.82125887],[8.10550247,48.82263299],[8.10574836,48.82334868],[8.11369305,48.83181548],[8.13685004,48.82233388],[8.10997699,48.79370994],[8.11026053,48.79303811],[8.11048293,48.79141092],[8.11025621,48.78978399],[8.10958791,48.78821099],[8.10877211,48.7871107],[8.10900249,48.78596047],[8.10882513,48.78418919],[8.10812487,48.78247541],[8.10692906,48.78088587],[8.10688492,48.78083937]]],"type":"Polygon"},"properties":{"upper_limit_alt_ref":"MSL","upper_limit_altitude":2500.0,"lower_limit_altitude":0.0,"lower_limit_alt_ref":"AGL","legal_ref":"NfL 2026-1-3981","generated_name_EN":"Karlsruhe/Baden-Baden (EDSB) zone 1","lower_limit_unit":"m","type_code_detail":"U_CONTROL_ZONE_1","external_reference":"DFSDEFPFHXX48779333080805000000220","name":["Karlsruhe/Baden-Baden (EDSB) Zone 1"],"upper_limit_unit":"ft","generated_name_DE":"Karlsruhe/Baden-Baden (EDSB) Zone 1","type_code":"KONTROLLZONE"}},{"type":"Feature","geometry":{"coordinates":[[[[8.12611375,48.75971531],[8.11944123,48.75421154],[8.11127445,48.7496737],[8.10192713,48.74627589],[8.091758,48.74414846],[8.08115718,48.74337298],[8.0705312,48.74397919],[8.06446683,48.74514229],[8.07325994,48.75453806],[8.0754594,48.7546188],[8.07562133,48.7546361],[8.07911376,48.75533715],[8.07932313,48.75540052],[8.07983517,48.75556413],[8.08011308,48.75565771],[8.0819501,48.75640298],[8.08216231,48.7565052],[8.0837162,48.75737874],[8.08430075,48.75782287],[8.08456825,48.75788734],[8.08665551,48.75869094],[8.0868384,48.75877656],[8.0889125,48.75997322],[8.0900746,48.76098251],[8.09026029,48.76110476],[8.09171503,48.76251944],[8.09273845,48.7640906],[8.09283005,48.76436634],[8.09319803,48.76472148],[8.0942479,48.76634477],[8.0943638,48.76658749],[8.09447677,48.76683658],[8.09461725,48.76716338],[8.09466952,48.76727253],[8.09486217,48.76761091],[8.0953017,48.76872648],[8.09684589,48.76993513],[8.09716985,48.77024342],[8.09778961,48.77089032],[8.09796877,48.77109621],[8.09831826,48.77162085],[8.09900663,48.77221291],[8.09916681,48.77238297],[8.10028512,48.77387229],[8.10137285,48.77483285],[8.10141752,48.77488209],[8.10200871,48.77552548],[8.10289083,48.77672334],[8.10406303,48.77778158],[8.10428639,48.778026],[8.10443221,48.77823407],[8.10451637,48.77830724],[8.10472374,48.77852854],[8.10537687,48.77940551],[8.10622053,48.7801392],[8.10688492,48.78083937],[8.10692906,48.78088587],[8.10812487,48.78247541],[8.10882513,48.78418919],[8.10900249,48.78596047],[8.10877211,48.7871107],[8.10958791,48.78821099],[8.11025621,48.78978399],[8.11048293,48.79141092],[8.11026053,48.79303811],[8.10997699,48.79370994],[8.11976711,48.80413793],[8.12541943,48.79969375],[8.13055989,48.79351144],[8.13377499,48.78678523],[8.13494187,48.7797738],[8.13401654,48.77274664],[8.1310354,48.76597377],[8.12611375,48.75971531]]],[[[8.02724232,48.77189484],[8.02606065,48.7789051],[8.02673708,48.78412714],[8.02706576,48.78460102],[8.02758893,48.78520266],[8.02819335,48.78577006],[8.02887397,48.78629847],[8.03026733,48.78719986],[8.03177753,48.78801497],[8.03339242,48.7887372],[8.03509891,48.78936073],[8.03688325,48.78988051],[8.03873103,48.79029235],[8.04066109,48.7905972],[8.04262525,48.79078429],[8.04460705,48.79085203],[8.04658994,48.79079986],[8.04855732,48.79062822],[8.05049275,48.79033855],[8.05238,48.78993326],[8.05399221,48.78953223],[8.05524123,48.78926524],[8.05652273,48.78907707],[8.05782533,48.78896941],[8.05913748,48.7889432],[8.06044755,48.78899868],[8.0617439,48.78913536],[8.06395027,48.78950452],[8.06610104,48.78999653],[8.0681806,48.7906078],[8.07017381,48.7913339],[8.07206622,48.79216954],[8.07384403,48.79310866],[8.07468997,48.79361472],[8.07423369,48.79300798],[8.07420433,48.79295732],[8.0741282,48.79282598],[8.07407069,48.79277381],[8.0736356,48.79237906],[8.07326503,48.79202538],[8.07302197,48.79178112],[8.07302018,48.79177931],[8.07275132,48.79150911],[8.07272765,48.79148802],[8.07239483,48.79118076],[8.07229794,48.79109013],[8.06967446,48.78860368],[8.06857034,48.78718983],[8.06800542,48.78682794],[8.06771977,48.7866819],[8.06556456,48.78530393],[8.06419083,48.7839217],[8.06415838,48.78393401],[8.0629021,48.78248793],[8.06292776,48.7824782],[8.06191231,48.7812056],[8.06147357,48.78020607],[8.06105225,48.77992466],[8.05952446,48.77835805],[8.05918399,48.77791366],[8.05787757,48.77650154],[8.05656401,48.77572872],[8.05496218,48.77433071],[8.05414364,48.77344929],[8.05298373,48.77187413],[8.05230776,48.77018024],[8.05224044,48.76947318],[8.05221443,48.76941497],[8.05198657,48.76757544],[8.05203349,48.76732628],[8.05200457,48.76721698],[8.05202149,48.76603581],[8.04127706,48.75454986],[8.03561823,48.75899352],[8.03046976,48.76517158],[8.02724232,48.77189484]]]],"type":"MultiPolygon"},"properties":{"upper_limit_alt_ref":"MSL","upper_limit_altitude":2500.0,"lower_limit_altitude":491.14174799999995,"lower_limit_alt_ref":"MSL","legal_ref":"NfL 2026-1-3981","generated_name_EN":"Karlsruhe/Baden-Baden (EDSB) zone 2","lower_limit_unit":"ft","type_code_detail":"U_CONTROL_ZONE_2","external_reference":"2078_4000","name":["Karlsruhe/Baden-Baden (EDSB) Zone 2"],"upper_limit_unit":"ft","generated_name_DE":"Karlsruhe/Baden-Baden (EDSB) Zone 2","type_code":"KONTROLLZONE"}},{"type":"Feature","geometry":{"coordinates":[[[[8.00600584,48.75895221],[8.00793509,48.75918944],[8.00943605,48.75945856],[8.0108988,48.75980775],[8.01231359,48.76023467],[8.01295536,48.76047192],[8.013122,48.760497],[8.01328358,48.76059326],[8.01367099,48.76073649],[8.01496194,48.76130985],[8.01617786,48.76195095],[8.01646305,48.76211768],[8.01674317,48.76228814],[8.01701807,48.76246227],[8.01846588,48.76348198],[8.01977581,48.76458016],[8.02093818,48.76574869],[8.02194439,48.76697894],[8.02253552,48.76787896],[8.022563,48.76791],[8.02256694,48.7679268],[8.02278696,48.76826179],[8.02345967,48.76958777],[8.02395752,48.77094705],[8.0242768,48.77232958],[8.02586271,48.78195699],[8.02602418,48.78264262],[8.02609833,48.78283762],[8.02664417,48.78340988],[8.02606065,48.7789051],[8.02724232,48.77189484],[8.03046976,48.76517158],[8.03561823,48.75899352],[8.04127706,48.75454986],[8.02673497,48.73900417],[8.02349842,48.74071594],[8.0131907,48.74880763],[8.00546499,48.75807313],[8.00507339,48.75888804],[8.00600584,48.75895221]]],[[[8.06555161,48.72629226],[8.05019098,48.72923828],[8.04973068,48.72939615],[8.06446683,48.74514229],[8.0705312,48.74397919],[8.08115718,48.74337298],[8.091758,48.74414846],[8.10192713,48.74627589],[8.11127445,48.7496737],[8.11944123,48.75421154],[8.12611375,48.75971531],[8.1310354,48.76597377],[8.13401654,48.77274664],[8.13494187,48.7797738],[8.13377499,48.78678523],[8.13055989,48.79351144],[8.12541943,48.79969375],[8.11976711,48.80413793],[8.13435331,48.81967448],[8.13759032,48.81796072],[8.1478925,48.80985796],[8.15560018,48.8005829],[8.1604182,48.79049249],[8.16216297,48.7799749],[8.16083089,48.76989991],[8.14599097,48.75405293],[8.13094026,48.73796858],[8.12947566,48.7364022],[8.12664774,48.73483118],[8.11262975,48.72973606],[8.09738068,48.72654601],[8.08148498,48.72538323],[8.06555161,48.72629226]]],[[[8.11133237,48.82929965],[8.10574836,48.82334868],[8.10586056,48.82367525],[8.10617985,48.82481367],[8.10638579,48.82574153],[8.1064589,48.82613678],[8.10656298,48.82673565],[8.10716063,48.83016978],[8.11087006,48.82945829],[8.11133237,48.82929965]]]],"type":"MultiPolygon"},"properties":{"upper_limit_alt_ref":"MSL","upper_limit_altitude":2500.0,"lower_limit_altitude":556.7585479999999,"lower_limit_alt_ref":"MSL","legal_ref":"NfL 2026-1-3981","generated_name_EN":"Karlsruhe/Baden-Baden (EDSB) zone 3","lower_limit_unit":"ft","type_code_detail":"U_CONTROL_ZONE_3","external_reference":"2078_6000","name":["Karlsruhe/Baden-Baden (EDSB) Zone 3"],"upper_limit_unit":"ft","generated_name_DE":"Karlsruhe/Baden-Baden (EDSB) Zone 3","type_code":"KONTROLLZONE"}},{"type":"Feature","geometry":{"coordinates":[[[[10.4312408,52.26406178],[10.401389,52.2625],[10.40000291,52.27250015],[10.3986162,52.28250027],[10.39722887,52.29250035],[10.39584091,52.3025004],[10.39445232,52.31250042],[10.39306311,52.3225004],[10.39167328,52.33250035],[10.39028281,52.34250027],[10.38889172,52.35250015],[10.3875,52.3625],[10.41735177,52.36406175],[10.44720564,52.36561595],[10.4770616,52.36716261],[10.50691963,52.36870173],[10.52783295,52.36977441],[10.52693018,52.36961952],[10.51152942,52.36483227],[10.49795416,52.35829613],[10.48672669,52.35026299],[10.47827812,52.34104226],[10.47293191,52.33098892],[10.47089162,52.32048976],[10.47223333,52.30994844],[10.47690314,52.29976996],[10.48471954,52.29034512],[10.49538075,52.28203554],[10.50847647,52.27515984],[10.52350378,52.26998155],[10.5280397,52.26907271],[10.52080872,52.26870182],[10.49095067,52.26716269],[10.4610947,52.26561601],[10.4312408,52.26406178]]],[[[10.686111,52.377778],[10.68750272,52.36777815],[10.68889381,52.35777827],[10.69028428,52.34777835],[10.69167412,52.3377784],[10.69306333,52.32777842],[10.69445191,52.3177784],[10.69583987,52.30777835],[10.69722721,52.29777827],[10.69861392,52.28777815],[10.7,52.277778],[10.67012972,52.27628419],[10.64026145,52.27478282],[10.61039521,52.2732739],[10.60302403,52.2728996],[10.60615191,52.27387142],[10.61971674,52.2803953],[10.63095006,52.28841584],[10.63941985,52.29762555],[10.64479943,52.30767111],[10.6462895,52.31518741],[10.65006126,52.31539648],[10.64742909,52.33330213],[10.64358734,52.33308919],[10.64094598,52.33889467],[10.63315468,52.34832956],[10.6225039,52.35665141],[10.60940234,52.36353971],[10.59435381,52.36872902],[10.57793782,52.37201931],[10.57543477,52.37220383],[10.59650613,52.37327383],[10.6263724,52.37478276],[10.65624069,52.37628416],[10.686111,52.377778]]]],"type":"MultiPolygon"},"properties":{"upper_limit_alt_ref":"MSL","upper_limit_altitude":2200.0,"lower_limit_altitude":624.015768,"lower_limit_alt_ref":"MSL","legal_ref":"NfL 2026-1-3981","generated_name_EN":"Braunschweig-Wolfsburg (EDVE) zone 4","lower_limit_unit":"ft","type_code_detail":"U_CONTROL_ZONE_4","external_reference":"918_ctr","name":["Braunschweig-Wolfsburg (EDVE) Zone 4"],"upper_limit_unit":"ft","generated_name_DE":"Braunschweig-Wolfsburg (EDVE) Zone 4","type_code":"KONTROLLZONE"}},{"type":"Feature","geometry":{"coordinates":[[[[8.07083333,48.67361111],[8.05973113,48.67811595],[8.04862695,48.68261971],[8.03752079,48.6871224],[8.02641265,48.69162401],[8.01530253,48.69612455],[8.00419043,48.70062401],[7.99307635,48.7051224],[7.98196029,48.70961971],[7.97084225,48.71411595],[7.95972222,48.71861111],[7.962436,48.720812],[7.96251461,48.72091411],[7.96262263,48.72100139],[7.96303847,48.72134765],[7.96343871,48.72170188],[7.96382299,48.72206376],[7.96447914,48.72276914],[7.96491689,48.72323972],[7.96584275,48.72447726],[7.96659269,48.72576588],[7.9670198,48.72676564],[7.967258,48.727075],[7.96726016,48.72745071],[7.96754093,48.72845238],[7.96773115,48.72982748],[7.96772939,48.73120832],[7.96731533,48.73704252],[7.96731699,48.73733051],[7.96732879,48.73938161],[7.96734059,48.74143271],[7.96735239,48.74348381],[7.9673642,48.7455349],[7.9673756,48.74751589],[7.96752046,48.74816406],[7.96776971,48.7491615],[7.96816345,48.750737],[7.96855721,48.7523125],[7.968951,48.753888],[7.96999993,48.75507576],[7.9710489,48.75626352],[7.97209793,48.75745126],[7.97314695,48.75863894],[7.97314708,48.75863902],[7.97566966,48.75926058],[7.97819238,48.75988211],[7.98071516,48.76050358],[7.98258764,48.76096481],[7.98302581,48.76100832],[7.98390902,48.76104471],[7.98560909,48.7608413],[7.98798016,48.76055754],[7.9903512,48.76027374],[7.99168087,48.76011456],[7.99506729,48.75952623],[7.99627268,48.75931677],[7.99818904,48.75903757],[8.00013306,48.7588607],[8.00209225,48.75878732],[8.00405405,48.75881789],[8.00507339,48.75888804],[8.00546499,48.75807313],[8.0131907,48.74880763],[8.02349842,48.74071594],[8.02673497,48.73900417],[8.02424629,48.73634374],[8.04737571,48.72687978],[8.04973068,48.72939615],[8.05019098,48.72923828],[8.06555161,48.72629226],[8.08148498,48.72538323],[8.09738068,48.72654601],[8.11262975,48.72973606],[8.12664774,48.73483118],[8.12947566,48.7364022],[8.11589915,48.72188222],[8.10086764,48.70579385],[8.0858457,48.68970348],[8.07083333,48.67361111]]],[[[8.10935869,48.83927318],[8.11014885,48.84115651],[8.11100598,48.84293408],[8.11240211,48.84582915],[8.11379841,48.84872419],[8.11519487,48.85161922],[8.11659149,48.85451423],[8.11798827,48.85740922],[8.11938521,48.86030419],[8.12078231,48.86319915],[8.12217957,48.86609408],[8.12242871,48.8666102],[8.12264679,48.86701092],[8.12353077,48.86872229],[8.12433929,48.87021993],[8.12463927,48.87070435],[8.12570162,48.87241968],[8.12611111,48.87305556],[8.13564548,48.869198],[8.14517839,48.86533965],[8.15470983,48.86148052],[8.16423981,48.85762059],[8.17376832,48.85375987],[8.18329536,48.84989837],[8.19282094,48.84603607],[8.20234506,48.84217298],[8.2118677,48.83830911],[8.22138889,48.83444444],[8.20629002,48.81837018],[8.1912008,48.80229389],[8.17612123,48.78621559],[8.16105129,48.77013526],[8.16083089,48.76989991],[8.16216297,48.7799749],[8.1604182,48.79049249],[8.15560018,48.8005829],[8.1478925,48.80985796],[8.13759032,48.81796072],[8.13435331,48.81967448],[8.13685004,48.82233388],[8.11369305,48.83181548],[8.11133237,48.82929965],[8.11087006,48.82945829],[8.10716063,48.83016978],[8.10769955,48.83326645],[8.10771019,48.83332756],[8.10775768,48.83354144],[8.10779503,48.83370962],[8.10834344,48.83617933],[8.1088697,48.83778313],[8.10935869,48.83927318]]]],"type":"MultiPolygon"},"properties":{"upper_limit_alt_ref":"MSL","upper_limit_altitude":2500.0,"lower_limit_altitude":737.204748,"lower_limit_alt_ref":"MSL","legal_ref":"NfL 2026-1-3981","generated_name_EN":"Karlsruhe/Baden-Baden (EDSB) zone 4","lower_limit_unit":"ft","type_code_detail":"U_CONTROL_ZONE_4","external_reference":"10797_ctr","name":["Karlsruhe/Baden-Baden (EDSB) Zone 4"],"upper_limit_unit":"ft","generated_name_DE":"Karlsruhe/Baden-Baden (EDSB) Zone 4","type_code":"KONTROLLZONE"}},{"type":"Feature","geometry":{"coordinates":[[[7.80540704,48.36900794],[7.80543563,48.36904368],[7.80547889,48.36909745],[7.80552966,48.36925018],[7.80661038,48.37087887],[7.80815153,48.37233379],[7.80873942,48.37270453],[7.80891129,48.37319498],[7.8092215,48.37376711],[7.80985362,48.37474686],[7.81055139,48.37567282],[7.81166585,48.37689755],[7.81173682,48.37696313],[7.81339794,48.37822922],[7.81538382,48.37926721],[7.81662346,48.3796951],[7.81680807,48.37992718],[7.81926118,48.38301069],[7.81935457,48.38313908],[7.81966386,48.38365631],[7.82111168,48.38514066],[7.8216087,48.38555449],[7.82285079,48.3864269],[7.8228797,48.38646179],[7.82320144,48.38684778],[7.82368288,48.38744668],[7.82370481,48.38747384],[7.8246924,48.38869227],[7.82477409,48.38879312],[7.8262438,48.39024774],[7.82810934,48.39148483],[7.83029982,48.39245736],[7.83137833,48.39275492],[7.85745486,48.42499438],[7.8812489,48.4164589],[7.85600406,48.3852665],[7.85637588,48.38464298],[7.85685411,48.3828955],[7.85680753,48.38111949],[7.85623802,48.3793842],[7.85516782,48.37775728],[7.8536387,48.37630214],[7.85216438,48.37515858],[7.85201455,48.37504432],[7.85149528,48.37465501],[7.85147006,48.37463615],[7.85121263,48.37444423],[7.85024426,48.37326338],[7.84961288,48.37247319],[7.84955228,48.3723982],[7.84831385,48.37088295],[7.84775336,48.37019715],[7.84759256,48.3700004],[7.8465758,48.36864202],[7.84641249,48.36843087],[7.84486732,48.36649605],[7.84402601,48.36537845],[7.84350728,48.36475269],[7.84303168,48.36422924],[7.84294725,48.36411537],[7.84283513,48.3639676],[7.84272067,48.36382013],[7.84159921,48.36237486],[7.84140177,48.36204989],[7.84065467,48.36109457],[7.84057147,48.36098986],[7.84020464,48.36053549],[7.84046555,48.35993486],[7.84069133,48.35817787],[7.84039847,48.35642529],[7.83959828,48.35474445],[7.83905421,48.35389953],[7.83825396,48.35265199],[7.83756224,48.35156987],[7.83733005,48.35120083],[7.83608543,48.34966187],[7.8344178,48.34831241],[7.83239016,48.34720343],[7.83007909,48.34637679],[7.82757186,48.34586369],[7.82496312,48.34568351],[7.82406326,48.34573849],[7.79805459,48.3135004],[7.77429523,48.32201911],[7.80048903,48.35450534],[7.80026117,48.35527847],[7.80026622,48.35703777],[7.80078497,48.35876277],[7.80179763,48.36038748],[7.80335733,48.36232843],[7.80316967,48.3629393],[7.80315651,48.36470839],[7.80366319,48.36644498],[7.80467017,48.3680819],[7.80540704,48.36900794]]],"type":"Polygon"},"properties":{"upper_limit_alt_ref":"MSL","upper_limit_altitude":2500.0,"lower_limit_altitude":0.0,"lower_limit_alt_ref":"AGL","legal_ref":"NfL 2026-1-3981","generated_name_EN":"Lahr (EDTL) zone 1","lower_limit_unit":"m","type_code_detail":"U_CONTROL_ZONE_1","external_reference":"DFSDEFPFHXX48369333078276670000220","name":["Lahr (EDTL) Zone 1"],"upper_limit_unit":"ft","generated_name_DE":"Lahr (EDTL) Zone 1","type_code":"KONTROLLZONE"}},{"type":"Feature","geometry":{"coordinates":[[[[7.87306146,48.34971029],[7.86646954,48.34419212],[7.85839076,48.33963672],[7.84913544,48.33621888],[7.83905882,48.33406972],[7.82854746,48.33327164],[7.81800448,48.33385527],[7.81494742,48.33443929],[7.82406326,48.34573849],[7.82496312,48.34568351],[7.82757186,48.34586369],[7.83007909,48.34637679],[7.83239016,48.34720343],[7.8344178,48.34831241],[7.83608543,48.34966187],[7.83733005,48.35120083],[7.83756224,48.35156987],[7.83825396,48.35265199],[7.83905421,48.35389953],[7.83959828,48.35474445],[7.84039847,48.35642529],[7.84069133,48.35817787],[7.84046555,48.35993486],[7.84020464,48.36053549],[7.84057147,48.36098986],[7.84065467,48.36109457],[7.84140177,48.36204989],[7.84159921,48.36237486],[7.84272067,48.36382013],[7.84283513,48.3639676],[7.84294725,48.36411537],[7.84303168,48.36422924],[7.84350728,48.36475269],[7.84402601,48.36537845],[7.84486732,48.36649605],[7.84641249,48.36843087],[7.8465758,48.36864202],[7.84759256,48.3700004],[7.84775336,48.37019715],[7.84831385,48.37088295],[7.84955228,48.3723982],[7.84961288,48.37247319],[7.85024426,48.37326338],[7.85121263,48.37444423],[7.85147006,48.37463615],[7.85149528,48.37465501],[7.85201455,48.37504432],[7.85216438,48.37515858],[7.8536387,48.37630214],[7.85516782,48.37775728],[7.85623802,48.3793842],[7.85680753,48.38111949],[7.85685411,48.3828955],[7.85637588,48.38464298],[7.85600406,48.3852665],[7.86436164,48.39559308],[7.86533958,48.39507462],[7.87217891,48.38968851],[7.87730775,48.38351698],[7.88052947,48.37679743],[7.88172093,48.36978827],[7.88083716,48.36275891],[7.87791298,48.35597946],[7.87306146,48.34971029]]],[[[7.77816504,48.35496314],[7.77493134,48.36167974],[7.77372545,48.36868768],[7.77459454,48.37571773],[7.77750604,48.38249968],[7.7823488,48.38877277],[7.78893719,48.3942957],[7.79701825,48.39885595],[7.80628128,48.40227801],[7.81636989,48.40443012],[7.82689568,48.40522941],[7.83745333,48.4046451],[7.84052146,48.40405894],[7.83137833,48.39275492],[7.83029982,48.39245736],[7.82810934,48.39148483],[7.8262438,48.39024774],[7.82477409,48.38879312],[7.8246924,48.38869227],[7.82370481,48.38747384],[7.82368288,48.38744668],[7.82320144,48.38684778],[7.8228797,48.38646179],[7.82285079,48.3864269],[7.8216087,48.38555449],[7.82111168,48.38514066],[7.81966386,48.38365631],[7.81935457,48.38313908],[7.81926118,48.38301069],[7.81680807,48.37992718],[7.81662346,48.3796951],[7.81538382,48.37926721],[7.81339794,48.37822922],[7.81173682,48.37696313],[7.81166585,48.37689755],[7.81055139,48.37567282],[7.80985362,48.37474686],[7.8092215,48.37376711],[7.80891129,48.37319498],[7.80873942,48.37270453],[7.80815153,48.37233379],[7.80661038,48.37087887],[7.80552966,48.36925018],[7.80547889,48.36909745],[7.80543563,48.36904368],[7.80540704,48.36900794],[7.80467017,48.3680819],[7.80366319,48.36644498],[7.80315651,48.36470839],[7.80316967,48.3629393],[7.80335733,48.36232843],[7.80179763,48.36038748],[7.80078497,48.35876277],[7.80026622,48.35703777],[7.80026117,48.35527847],[7.80048903,48.35450534],[7.79112646,48.34289364],[7.7901432,48.34341458],[7.7833016,48.34879583],[7.77816504,48.35496314]]]],"type":"MultiPolygon"},"properties":{"upper_limit_alt_ref":"MSL","upper_limit_altitude":2500.0,"lower_limit_altitude":593.175872,"lower_limit_alt_ref":"MSL","legal_ref":"NfL 2026-1-3981","generated_name_EN":"Lahr (EDTL) zone 2","lower_limit_unit":"ft","type_code_detail":"U_CONTROL_ZONE_2","external_reference":"47_4000","name":["Lahr (EDTL) Zone 2"],"upper_limit_unit":"ft","generated_name_DE":"Lahr (EDTL) Zone 2","type_code":"KONTROLLZONE"}},{"type":"Feature","geometry":{"coordinates":[[[[7.82895939,48.31528205],[7.81315041,48.31615723],[7.80192772,48.31830119],[7.81494742,48.33443929],[7.81800448,48.33385527],[7.82854746,48.33327164],[7.83905882,48.33406972],[7.84913544,48.33621888],[7.85839076,48.33963672],[7.86646954,48.34419212],[7.87306146,48.34971029],[7.87791298,48.35597946],[7.88083716,48.36275891],[7.88172093,48.36978827],[7.88052947,48.37679743],[7.87730775,48.38351698],[7.87217891,48.38968851],[7.86533958,48.39507462],[7.86436164,48.39559308],[7.8773233,48.41160845],[7.88416246,48.40798206],[7.89442058,48.39990108],[7.90211095,48.3906422],[7.90693902,48.38056178],[7.90872079,48.37004758],[7.9077663,48.3624872],[7.89502419,48.34668785],[7.88127882,48.32963143],[7.88048425,48.32864471],[7.87371157,48.32482653],[7.85983148,48.31970135],[7.84472103,48.31647871],[7.82895939,48.31528205]]],[[[7.74672762,48.3683967],[7.74766184,48.37598583],[7.75507611,48.38517313],[7.76456516,48.39692515],[7.77405858,48.40867637],[7.77508817,48.40995015],[7.78165275,48.41365537],[7.7955502,48.41879004],[7.81068761,48.42201931],[7.82648171,48.42321871],[7.84232371,48.42234198],[7.85357141,48.42019311],[7.84052146,48.40405894],[7.83745333,48.4046451],[7.82689568,48.40522941],[7.81636989,48.40443012],[7.80628128,48.40227801],[7.79701825,48.39885595],[7.78893719,48.3942957],[7.7823488,48.38877277],[7.77750604,48.38249968],[7.77459454,48.37571773],[7.77372545,48.36868768],[7.77493134,48.36167974],[7.77816504,48.35496314],[7.7833016,48.34879583],[7.7901432,48.34341458],[7.79112646,48.34289364],[7.77820621,48.32686961],[7.77136784,48.33049201],[7.76110461,48.33856207],[7.75339689,48.34781145],[7.74854185,48.35788525],[7.74672762,48.3683967]]]],"type":"MultiPolygon"},"properties":{"upper_limit_alt_ref":"MSL","upper_limit_altitude":2500.0,"lower_limit_altitude":658.792672,"lower_limit_alt_ref":"MSL","legal_ref":"NfL 2026-1-3981","generated_name_EN":"Lahr (EDTL) zone 3","lower_limit_unit":"ft","type_code_detail":"U_CONTROL_ZONE_3","external_reference":"47_6000","name":["Lahr (EDTL) Zone 3"],"upper_limit_unit":"ft","generated_name_DE":"Lahr (EDTL) Zone 3","type_code":"KONTROLLZONE"}},{"type":"Feature","geometry":{"coordinates":[[[[7.82638889,48.26138889],[7.81364891,48.26586748],[7.8009067,48.27034467],[7.78816226,48.27482043],[7.7754156,48.27929478],[7.76266671,48.28376771],[7.7499156,48.28823923],[7.73716226,48.29270933],[7.7244067,48.29717801],[7.71164891,48.30164527],[7.69888889,48.30611111],[7.69907588,48.30639346],[7.69923997,48.30650227],[7.69928889,48.30653471],[7.69980097,48.30687428],[7.70085491,48.30745129],[7.70254688,48.30837755],[7.70406066,48.30920621],[7.70526131,48.30976679],[7.70784842,48.31076592],[7.70871922,48.3110093],[7.71150752,48.31178854],[7.71429591,48.31256771],[7.71708438,48.31334681],[7.71987294,48.31412585],[7.72019405,48.31421554],[7.7212617,48.31448111],[7.72888149,48.31633096],[7.73112985,48.31695984],[7.73327739,48.31772971],[7.73530432,48.31863346],[7.73719191,48.31966276],[7.73819813,48.32030163],[7.73915045,48.32097627],[7.740046,48.32168464],[7.74137996,48.32290889],[7.74254465,48.32420771],[7.74353076,48.32557071],[7.74433039,48.32698701],[7.74493711,48.32844529],[7.74534606,48.32993387],[7.74555398,48.33144087],[7.74555917,48.33295422],[7.7455017,48.33339262],[7.745523,48.333514],[7.74546116,48.33370189],[7.74536155,48.33446183],[7.74496273,48.33595164],[7.74359297,48.34000913],[7.74283148,48.34226435],[7.7362281,48.3618117],[7.74559143,48.3734203],[7.74766184,48.37598583],[7.74672762,48.3683967],[7.74854185,48.35788525],[7.75339689,48.34781145],[7.76110461,48.33856207],[7.77136784,48.33049201],[7.77820621,48.32686961],[7.77429523,48.32201911],[7.79805459,48.3135004],[7.80192772,48.31830119],[7.81315041,48.31615723],[7.82895939,48.31528205],[7.84472103,48.31647871],[7.85983148,48.31970135],[7.87371157,48.32482653],[7.88048425,48.32864471],[7.86754262,48.31257333],[7.85381557,48.29551354],[7.84009766,48.27845206],[7.82638889,48.26138889]]],[[[7.81207605,48.45567314],[7.82159139,48.46742031],[7.83111111,48.47916667],[7.84439997,48.47445136],[7.85768637,48.46973451],[7.8709703,48.46501613],[7.88425177,48.46029621],[7.89753078,48.45557475],[7.91080733,48.45085176],[7.92408141,48.44612723],[7.93735303,48.44140117],[7.95062219,48.43667357],[7.96388889,48.43194444],[7.95009753,48.41489653],[7.9363154,48.3978469],[7.92254247,48.38079558],[7.90877874,48.36374256],[7.9077663,48.3624872],[7.90872079,48.37004758],[7.90693902,48.38056178],[7.90211095,48.3906422],[7.89442058,48.39990108],[7.88416246,48.40798206],[7.8773233,48.41160845],[7.8812489,48.4164589],[7.85745486,48.42499438],[7.85357141,48.42019311],[7.84232371,48.42234198],[7.82648171,48.42321871],[7.81068761,48.42201931],[7.7955502,48.41879004],[7.78165275,48.41365537],[7.77508817,48.40995015],[7.78355638,48.42042677],[7.79305855,48.43217637],[7.80256511,48.44392516],[7.81207605,48.45567314]]]],"type":"MultiPolygon"},"properties":{"upper_limit_alt_ref":"MSL","upper_limit_altitude":2500.0,"lower_limit_altitude":839.238872,"lower_limit_alt_ref":"MSL","legal_ref":"NfL 2026-1-3981","generated_name_EN":"Lahr (EDTL) zone 4","lower_limit_unit":"ft","type_code_detail":"U_CONTROL_ZONE_4","external_reference":"4847_ctr","name":["Lahr (EDTL) Zone 4"],"upper_limit_unit":"ft","generated_name_DE":"Lahr (EDTL) Zone 4","type_code":"KONTROLLZONE"}},{"type":"Feature","geometry":{"coordinates":[[[10.57752593,52.30935811],[10.57739873,52.30928323],[10.57508561,52.30836078],[10.57253159,52.30772021],[10.56982705,52.30738419],[10.5696622,52.30737346],[10.56909781,52.3073589],[10.56784236,52.30723784],[10.56542352,52.30728282],[10.56541604,52.30728016],[10.56496359,52.30704444],[10.56331126,52.30647835],[10.56333529,52.30645062],[10.5630629,52.30636194],[10.56271811,52.30627513],[10.56247359,52.30619135],[10.56233299,52.30615366],[10.56231818,52.30617442],[10.56039687,52.30569059],[10.55756816,52.30535178],[10.554686,52.30535859],[10.55186163,52.30571076],[10.55151965,52.30579878],[10.5493495,52.305407],[10.54647977,52.30524888],[10.54636943,52.30524947],[10.54333753,52.30546027],[10.54044235,52.30605105],[10.5394178,52.30641884],[10.53811987,52.30651738],[10.53529249,52.3071055],[10.53271794,52.30803238],[10.53136057,52.30878445],[10.47480602,52.30559146],[10.47210351,52.32349373],[10.52977164,52.32674915],[10.53089146,52.32747306],[10.53337849,52.32852816],[10.53579947,52.32934295],[10.53585501,52.32936154],[10.53880172,52.33034304],[10.54144163,52.33102704],[10.54424827,52.33138349],[10.54547759,52.33139006],[10.54592668,52.33147694],[10.54828023,52.33230462],[10.54835238,52.33232462],[10.54862042,52.33239694],[10.54983948,52.33271699],[10.55245297,52.33323191],[10.55517731,52.33343953],[10.5579171,52.33333257],[10.56057638,52.33291479],[10.56306201,52.33220081],[10.56528694,52.33121564],[10.5657276,52.33093022],[10.56614403,52.33097147],[10.56890425,52.33092378],[10.56923422,52.33087928],[10.5703404,52.3309987],[10.57172601,52.33107234],[10.57176387,52.33107432],[10.57338625,52.33115793],[10.57441077,52.33122415],[10.5746568,52.33123876],[10.57832025,52.33143727],[10.58055004,52.33145383],[10.58275816,52.33126315],[10.58313534,52.33121242],[10.58691798,52.33035598],[10.58709514,52.33029782],[10.58719484,52.3303088],[10.58819648,52.33035778],[10.59105447,52.33032637],[10.59184694,52.33022132],[10.64742909,52.33330213],[10.65006126,52.31539648],[10.59446831,52.31231488],[10.59358052,52.31209453],[10.59067799,52.31176495],[10.58987912,52.3117245],[10.58825737,52.31102446],[10.58799776,52.31092979],[10.58540466,52.31018369],[10.58262446,52.30976071],[10.5793343,52.30946514],[10.57834488,52.30939718],[10.57752593,52.30935811]]],"type":"Polygon"},"properties":{"upper_limit_alt_ref":"MSL","upper_limit_altitude":2200.0,"lower_limit_altitude":0.0,"lower_limit_alt_ref":"AGL","legal_ref":"NfL 2026-1-3981","generated_name_EN":"Braunschweig-Wolfsburg (EDVE) zone 1","lower_limit_unit":"m","type_code_detail":"U_CONTROL_ZONE_1","external_reference":"DFSDEFPFHXX52318828105482120000220","name":["Braunschweig-Wolfsburg (EDVE) Zone 1"],"upper_limit_unit":"ft","generated_name_DE":"Braunschweig-Wolfsburg (EDVE) Zone 1","type_code":"KONTROLLZONE"}},{"type":"Feature","geometry":{"coordinates":[[[[10.60694089,52.29873574],[10.59945265,52.29338732],[10.59040826,52.28903671],[10.58015504,52.2858508],[10.56908637,52.28395177],[10.55762672,52.28341244],[10.54621541,52.28425349],[10.53528997,52.28644269],[10.5252694,52.28989611],[10.51653827,52.29448131],[10.50943194,52.30002239],[10.50422378,52.30630674],[10.50380147,52.3072285],[10.53136057,52.30878445],[10.53271794,52.30803238],[10.53529249,52.3071055],[10.53811987,52.30651738],[10.5394178,52.30641884],[10.54044235,52.30605105],[10.54333753,52.30546027],[10.54636943,52.30524947],[10.54647977,52.30524888],[10.5493495,52.305407],[10.55151965,52.30579878],[10.55186163,52.30571076],[10.554686,52.30535859],[10.55756816,52.30535178],[10.56039687,52.30569059],[10.56231818,52.30617442],[10.56233299,52.30615366],[10.56247359,52.30619135],[10.56271811,52.30627513],[10.5630629,52.30636194],[10.56333529,52.30645062],[10.56331126,52.30647835],[10.56496359,52.30704444],[10.56541604,52.30728016],[10.56542352,52.30728282],[10.56784236,52.30723784],[10.56909781,52.3073589],[10.5696622,52.30737346],[10.56982705,52.30738419],[10.57253159,52.30772021],[10.57508561,52.30836078],[10.57739873,52.30928323],[10.57752593,52.30935811],[10.57834488,52.30939718],[10.5793343,52.30946514],[10.58262446,52.30976071],[10.58540466,52.31018369],[10.58799776,52.31092979],[10.58825737,52.31102446],[10.58987912,52.3117245],[10.59067799,52.31176495],[10.59358052,52.31209453],[10.59446831,52.31231488],[10.61655594,52.31353923],[10.61616776,52.31157468],[10.61258507,52.30487677],[10.60694089,52.29873574]]],[[[10.51079199,52.33996719],[10.51827763,52.34532122],[10.52732665,52.34967728],[10.53759103,52.35286766],[10.54867568,52.3547695],[10.56015372,52.35530954],[10.571583,52.35446701],[10.58252328,52.35227435],[10.59255328,52.34881603],[10.60128701,52.34422524],[10.6083887,52.3386787],[10.6135857,52.33238989],[10.61401393,52.33144999],[10.59184694,52.33022132],[10.59105447,52.33032637],[10.58819648,52.33035778],[10.58719484,52.3303088],[10.58709514,52.33029782],[10.58691798,52.33035598],[10.58313534,52.33121242],[10.58275816,52.33126315],[10.58055004,52.33145383],[10.57832025,52.33143727],[10.5746568,52.33123876],[10.57441077,52.33122415],[10.57338625,52.33115793],[10.57176387,52.33107432],[10.57172601,52.33107234],[10.5703404,52.3309987],[10.56923422,52.33087928],[10.56890425,52.33092378],[10.56614403,52.33097147],[10.5657276,52.33093022],[10.56528694,52.33121564],[10.56306201,52.33220081],[10.56057638,52.33291479],[10.5579171,52.33333257],[10.55517731,52.33343953],[10.55245297,52.33323191],[10.54983948,52.33271699],[10.54862042,52.33239694],[10.54835238,52.33232462],[10.54828023,52.33230462],[10.54592668,52.33147694],[10.54547759,52.33139006],[10.54424827,52.33138349],[10.54144163,52.33102704],[10.53880172,52.33034304],[10.53585501,52.32936154],[10.53579947,52.32934295],[10.53337849,52.32852816],[10.53089146,52.32747306],[10.52977164,52.32674915],[10.50120263,52.3251364],[10.50158938,52.3271199],[10.50515724,52.33382126],[10.51079199,52.33996719]]]],"type":"MultiPolygon"},"properties":{"upper_limit_alt_ref":"MSL","upper_limit_altitude":2200.0,"lower_limit_altitude":377.952768,"lower_limit_alt_ref":"MSL","legal_ref":"NfL 2026-1-3981","generated_name_EN":"Braunschweig-Wolfsburg (EDVE) zone 2","lower_limit_unit":"ft","type_code_detail":"U_CONTROL_ZONE_2","external_reference":"232_4000","name":["Braunschweig-Wolfsburg (EDVE) Zone 2"],"upper_limit_unit":"ft","generated_name_DE":"Braunschweig-Wolfsburg (EDVE) Zone 2","type_code":"KONTROLLZONE"}},{"type":"Feature","geometry":{"coordinates":[[[10.61971674,52.2803953],[10.60615191,52.27387142],[10.60302403,52.2728996],[10.580531,52.27175742],[10.55066884,52.2702334],[10.5280397,52.26907271],[10.52350378,52.26998155],[10.50847647,52.27515984],[10.49538075,52.28203554],[10.48471954,52.29034512],[10.47690314,52.29976996],[10.47223333,52.30994844],[10.47089162,52.32048976],[10.47293191,52.33098892],[10.47827812,52.34104226],[10.48672669,52.35026299],[10.49795416,52.35829613],[10.51152942,52.36483227],[10.52693018,52.36961952],[10.52783295,52.36977441],[10.53677974,52.37023331],[10.56664191,52.37175734],[10.57543477,52.37220383],[10.57793782,52.37201931],[10.59435381,52.36872902],[10.60940234,52.36353971],[10.6225039,52.35665141],[10.63315468,52.34832956],[10.64094598,52.33889467],[10.64358734,52.33308919],[10.61401393,52.33144999],[10.6135857,52.33238989],[10.6083887,52.3386787],[10.60128701,52.34422524],[10.59255328,52.34881603],[10.58252328,52.35227435],[10.571583,52.35446701],[10.56015372,52.35530954],[10.54867568,52.3547695],[10.53759103,52.35286766],[10.52732665,52.34967728],[10.51827763,52.34532122],[10.51079199,52.33996719],[10.50515724,52.33382126],[10.50158938,52.3271199],[10.50120263,52.3251364],[10.47210351,52.32349373],[10.47480602,52.30559146],[10.50380147,52.3072285],[10.50422378,52.30630674],[10.50943194,52.30002239],[10.51653827,52.29448131],[10.5252694,52.28989611],[10.53528997,52.28644269],[10.54621541,52.28425349],[10.55762672,52.28341244],[10.56908637,52.28395177],[10.58015504,52.2858508],[10.59040826,52.28903671],[10.59945265,52.29338732],[10.60694089,52.29873574],[10.61258507,52.30487677],[10.61616776,52.31157468],[10.61655594,52.31353923],[10.6462895,52.31518741],[10.64479943,52.30767111],[10.63941985,52.29762555],[10.63095006,52.28841584],[10.61971674,52.2803953]]],"type":"Polygon"},"properties":{"upper_limit_alt_ref":"MSL","upper_limit_altitude":2200.0,"lower_limit_altitude":443.56956799999995,"lower_limit_alt_ref":"MSL","legal_ref":"NfL 2026-1-3981","generated_name_EN":"Braunschweig-Wolfsburg (EDVE) zone 3","lower_limit_unit":"ft","type_code_detail":"U_CONTROL_ZONE_3","external_reference":"232_6000","name":["Braunschweig-Wolfsburg (EDVE) Zone 3"],"upper_limit_unit":"ft","generated_name_DE":"Braunschweig-Wolfsburg (EDVE) Zone 3","type_code":"KONTROLLZONE"}}]}