{"type":"FeatureCollection","name":"dipul_luftverkehr_flugbeschraenkungsgebiete","crs":{"type":"name","properties":{"name":"urn:ogc:def:crs:OGC:1.3:CRS84"}},"features":[{"type":"Feature","geometry":{"coordinates":[[[13.00383367,51.7243066],[13.0098893,51.7241689],[13.01594489,51.72403088],[13.02200044,51.72389254],[13.02805596,51.7237539],[13.03411145,51.72361494],[13.04016689,51.72347568],[13.0462223,51.7233361],[13.05227767,51.7231962],[13.058333,51.723056],[13.058333,51.72464329],[13.058333,51.72623057],[13.058333,51.72781786],[13.058333,51.72940515],[13.058333,51.73099243],[13.058333,51.73257972],[13.058333,51.734167],[13.06635987,51.73475277],[13.07438694,51.73533799],[13.08241423,51.73592266],[13.09044172,51.73650678],[13.09846942,51.73709035],[13.10649732,51.73767338],[13.11452543,51.73825586],[13.12255375,51.73883779],[13.13058227,51.73941917],[13.138611,51.74],[13.14152891,51.73791703],[13.14444655,51.73583399],[13.14736392,51.73375087],[13.15028102,51.73166768],[13.15319785,51.72958441],[13.15611442,51.72750108],[13.15903072,51.72541767],[13.16194675,51.72333418],[13.16486251,51.72125063],[13.167778,51.719167],[13.17100027,51.7190563],[13.17422253,51.71894551],[13.17744477,51.71883463],[13.18066699,51.71872366],[13.1838892,51.7186126],[13.18711139,51.71850146],[13.19033357,51.71839023],[13.19355573,51.71827891],[13.19677787,51.7181675],[13.2,51.718056],[13.2,51.71125044],[13.2,51.70444486],[13.2,51.69763928],[13.2,51.6908337],[13.2,51.6840281],[13.2,51.6772225],[13.2,51.67041688],[13.2,51.66361126],[13.2,51.65680564],[13.2,51.65],[13.19165571,51.643336],[13.18331386,51.6366714],[13.17497445,51.63000619],[13.16663749,51.62334039],[13.15830298,51.61667399],[13.1499709,51.61000699],[13.14164127,51.60333939],[13.13331407,51.59667119],[13.12498932,51.59000239],[13.116667,51.583333],[13.1050003,51.583333],[13.0933336,51.583333],[13.0816669,51.583333],[13.0700002,51.583333],[13.0583335,51.583333],[13.0466668,51.583333],[13.0350001,51.583333],[13.0233334,51.583333],[13.0116667,51.583333],[13,51.583333],[12.99977842,51.59744426],[12.9995567,51.61155548],[12.99933485,51.62566666],[12.99911286,51.63977781],[12.99889072,51.65388893],[12.99866846,51.66800001],[12.99844605,51.68211106],[12.99822351,51.69622208],[12.99800082,51.71033306],[12.997778,51.724444],[13.00383367,51.7243066]]],"type":"Polygon"},"properties":{"upper_limit_alt_ref":"MSL","upper_limit_altitude":1500.0,"lower_limit_altitude":0.0,"lower_limit_alt_ref":"AGL","legal_ref":"§ 17, Abs. 1 LuftVO","generated_name_EN":"Holzdorf","lower_limit_unit":"m","type_code_detail":"RESTRICTED","external_reference":"653","name":["Holzdorf"],"upper_limit_unit":"ft","generated_name_DE":"Holzdorf","type_code":"FLUGBESCHRAENKUNGSGEBIET"}},{"type":"Feature","geometry":{"coordinates":[[[7.61386556,49.25496182],[7.61522717,49.25488985],[7.61658091,49.25477012],[7.61792288,49.25460298],[7.61924919,49.25438892],[7.62055603,49.25412856],[7.62183961,49.25382264],[7.62309624,49.25347204],[7.6243223,49.25307779],[7.62551423,49.25264101],[7.62666861,49.25216297],[7.6277821,49.25164505],[7.6288515,49.25108874],[7.62987371,49.25049564],[7.6308458,49.24986748],[7.63176495,49.24920605],[7.63262852,49.24851327],[7.63343401,49.24779114],[7.63417912,49.24704174],[7.63486168,49.24626724],[7.63547974,49.24546986],[7.63603152,49.24465191],[7.63651542,49.24381574],[7.63693005,49.24296377],[7.63727423,49.24209846],[7.63754696,49.2412223],[7.63774746,49.24033781],[7.63787516,49.23944756],[7.63792969,49.2385541],[7.6379109,49.23766001],[7.63781884,49.23676787],[7.63765379,49.23588025],[7.63741623,49.23499971],[7.63710684,49.23412879],[7.63672652,49.23327],[7.63627637,49.23242582],[7.63575769,49.23159867],[7.63517199,49.23079094],[7.63452094,49.23000496],[7.63380643,49.229243],[7.63303053,49.22850725],[7.63219546,49.22779983],[7.63130364,49.22712278],[7.63035765,49.22647805],[7.6293602,49.22586749],[7.62831418,49.22529288],[7.6272226,49.22475585],[7.6260886,49.22425797],[7.62491546,49.22380065],[7.62370655,49.22338523],[7.62246536,49.2230129],[7.62119546,49.22268473],[7.61990052,49.22240166],[7.61858426,49.22216452],[7.61725047,49.22197397],[7.615903,49.22183059],[7.61454573,49.22173476],[7.61318257,49.22168678],[7.61181743,49.22168678],[7.61045427,49.22173476],[7.609097,49.22183059],[7.60774953,49.22197397],[7.60641574,49.22216452],[7.60509948,49.22240166],[7.60380454,49.22268473],[7.60253464,49.2230129],[7.60129345,49.22338523],[7.60008454,49.22380065],[7.5989114,49.22425797],[7.5977774,49.22475585],[7.59668582,49.22529288],[7.5956398,49.22586749],[7.59464235,49.22647805],[7.59369636,49.22712278],[7.59280454,49.22779983],[7.59196947,49.22850725],[7.59119357,49.229243],[7.59047906,49.23000496],[7.58982801,49.23079094],[7.58924231,49.23159867],[7.58872363,49.23242582],[7.58827348,49.23327],[7.58789316,49.23412879],[7.58758377,49.23499971],[7.58734621,49.23588025],[7.58718116,49.23676787],[7.5870891,49.23766001],[7.58707031,49.2385541],[7.58712484,49.23944756],[7.58725254,49.24033781],[7.58745304,49.2412223],[7.58772577,49.24209846],[7.58806995,49.24296377],[7.58848458,49.24381574],[7.58896848,49.24465191],[7.58952026,49.24546986],[7.59013832,49.24626724],[7.59082088,49.24704174],[7.59156599,49.24779114],[7.59237148,49.24851327],[7.59323505,49.24920605],[7.5941542,49.24986748],[7.59512629,49.25049564],[7.5961485,49.25108874],[7.5972179,49.25164505],[7.59833139,49.25216297],[7.59948577,49.25264101],[7.6006777,49.25307779],[7.60190376,49.25347204],[7.60316039,49.25382264],[7.60444397,49.25412856],[7.60575081,49.25438892],[7.60707712,49.25460298],[7.60841909,49.25477012],[7.60977283,49.25488985],[7.61113444,49.25496182],[7.6125,49.25498584],[7.61386556,49.25496182]]],"type":"Polygon"},"properties":{"upper_limit_alt_ref":"MSL","upper_limit_altitude":3300.0,"lower_limit_altitude":0.0,"lower_limit_alt_ref":"AGL","legal_ref":"§ 17, Abs. 1 LuftVO","generated_name_EN":"Pirmasens","lower_limit_unit":"m","type_code_detail":"RESTRICTED","external_reference":"2523","name":["Pirmasens"],"upper_limit_unit":"ft","generated_name_DE":"Pirmasens","type_code":"FLUGBESCHRAENKUNGSGEBIET"}},{"type":"Feature","geometry":{"coordinates":[[[9.85705291,54.46458565],[9.86493974,54.46611523],[9.87282716,54.4676443],[9.88071517,54.46917285],[9.88860376,54.47070089],[9.89649295,54.47222841],[9.90438272,54.47375541],[9.91227308,54.4752819],[9.92016402,54.47680787],[9.92805556,54.47833333],[9.93719088,54.48011422],[9.94632699,54.48189442],[9.9554639,54.48367392],[9.9646016,54.48545274],[9.97374009,54.48723086],[9.98287937,54.4890083],[9.99201945,54.49078504],[10.00116032,54.49256109],[10.01030199,54.49433644],[10.01944444,54.49611111],[10.02083382,54.49450007],[10.0222231,54.49288902],[10.02361226,54.49127795],[10.02500131,54.48966686],[10.02639025,54.48805576],[10.02777909,54.48644464],[10.02916781,54.48483351],[10.03055643,54.48322235],[10.03194494,54.48161118],[10.03333333,54.48],[10.03838889,54.48],[10.04344444,54.48],[10.0485,54.48],[10.05355556,54.48],[10.05861111,54.48],[10.06366667,54.48],[10.06872222,54.48],[10.07377778,54.48],[10.07883333,54.48],[10.08388889,54.48],[10.08416669,54.47851852],[10.08444446,54.47703704],[10.08472222,54.47555556],[10.06276429,54.47276794],[10.04080935,54.46997634],[10.01885739,54.46718075],[9.99690844,54.46438117],[9.97496248,54.4615776],[9.95301952,54.45877005],[9.93107957,54.45595851],[9.90914262,54.45314299],[9.88720869,54.45032349],[9.86527778,54.4475],[9.86312513,54.44833339],[9.8609724,54.44916674],[9.85881958,54.45000006],[9.85666667,54.45083333],[9.85490767,54.4520371],[9.85314856,54.45324084],[9.85138935,54.45444456],[9.84963004,54.45564825],[9.84787063,54.45685192],[9.84611111,54.45805556],[9.84712955,54.45972223],[9.84814807,54.4613889],[9.84916667,54.46305556],[9.85705291,54.46458565]]],"type":"Polygon"},"properties":{"upper_limit_alt_ref":"MSL","upper_limit_altitude":1000.0,"lower_limit_altitude":0.0,"lower_limit_alt_ref":"AGL","legal_ref":"§ 17, Abs. 1 LuftVO","generated_name_EN":"Eckernfoerder Bucht A","lower_limit_unit":"m","type_code_detail":"RESTRICTED","external_reference":"14704","name":["Eckernfoerder Bucht A"],"upper_limit_unit":"ft","generated_name_DE":"Eckernfoerder Bucht A","type_code":"FLUGBESCHRAENKUNGSGEBIET"}},{"type":"Feature","geometry":{"coordinates":[[[9.92621769,54.49733565],[9.93410306,54.49994857],[9.94198944,54.50256097],[9.94987682,54.50517286],[9.9577652,54.50778422],[9.96565459,54.51039508],[9.97354499,54.51300542],[9.9814364,54.51561524],[9.98932881,54.51822454],[9.99722222,54.52083333],[9.99944565,54.5183613],[10.00166881,54.51588922],[10.00389171,54.51341711],[10.00611433,54.51094495],[10.00833669,54.50847275],[10.01055877,54.5060005],[10.01278059,54.50352822],[10.01500215,54.50105589],[10.01722343,54.49858352],[10.01944444,54.49611111],[10.01030199,54.49433644],[10.00116032,54.49256109],[9.99201945,54.49078504],[9.98287937,54.4890083],[9.97374009,54.48723086],[9.9646016,54.48545274],[9.9554639,54.48367392],[9.94632699,54.48189442],[9.93719088,54.48011422],[9.92805556,54.47833333],[9.92708368,54.47997226],[9.92611173,54.48161118],[9.92513971,54.48325009],[9.9241676,54.48488899],[9.92319542,54.48652788],[9.92222316,54.48816677],[9.92125082,54.48980564],[9.9202784,54.49144451],[9.91930591,54.49308337],[9.91833333,54.49472222],[9.92621769,54.49733565]]],"type":"Polygon"},"properties":{"upper_limit_alt_ref":"MSL","upper_limit_altitude":1000.0,"lower_limit_altitude":0.0,"lower_limit_alt_ref":"AGL","legal_ref":"§ 17, Abs. 1 LuftVO","generated_name_EN":"Eckernfoerder Bucht C","lower_limit_unit":"m","type_code_detail":"RESTRICTED","external_reference":"14706","name":["Eckernfoerder Bucht C"],"upper_limit_unit":"ft","generated_name_DE":"Eckernfoerder Bucht C","type_code":"FLUGBESCHRAENKUNGSGEBIET"}},{"type":"Feature","geometry":{"coordinates":[[[14.47342675,51.4841266],[14.49351793,51.48158308],[14.51360688,51.47903613],[14.53369359,51.47648573],[14.55377805,51.47393189],[14.57386028,51.47137462],[14.59394025,51.4688139],[14.61401798,51.46624974],[14.63409345,51.46368214],[14.65416667,51.46111111],[14.65416667,51.45811112],[14.65416667,51.45511112],[14.65416667,51.45211113],[14.65416667,51.44911113],[14.65416667,51.44611113],[14.65416667,51.44311113],[14.65416667,51.44011113],[14.65416667,51.43711112],[14.65416667,51.43411112],[14.65416667,51.43111111],[14.64947294,51.43188974],[14.64477905,51.43266817],[14.64008501,51.43344642],[14.6353908,51.43422448],[14.63069644,51.43500235],[14.62600191,51.43578003],[14.62130723,51.43655753],[14.61661239,51.43733484],[14.61191738,51.43811196],[14.60722222,51.43888889],[14.60099966,51.4386126],[14.59477717,51.43833598],[14.58855476,51.43805902],[14.58233243,51.43778174],[14.57611017,51.43750413],[14.56988798,51.43722619],[14.56366587,51.43694791],[14.55744384,51.43666931],[14.55122188,51.43639037],[14.545,51.43611111],[14.54144336,51.43455604],[14.53788696,51.43300087],[14.5343308,51.43144558],[14.53077488,51.42989019],[14.5272192,51.42833469],[14.52366377,51.42677908],[14.52010858,51.42522336],[14.51655362,51.42366753],[14.51299891,51.4221116],[14.50944444,51.42055556],[14.50927787,51.42350001],[14.50911128,51.42644446],[14.50894467,51.42938891],[14.50877803,51.43233335],[14.50861138,51.4352778],[14.5084447,51.43822224],[14.508278,51.44116668],[14.50811128,51.44411112],[14.50794454,51.44705556],[14.50777778,51.45],[14.50233726,51.45366781],[14.49689587,51.45733537],[14.49145361,51.46100268],[14.48601047,51.46466973],[14.48056647,51.46833652],[14.47512159,51.47200306],[14.46967583,51.47566935],[14.46422921,51.47933537],[14.45878171,51.48300115],[14.45333333,51.48666667],[14.47342675,51.4841266]]],"type":"Polygon"},"properties":{"upper_limit_alt_ref":"MSL","upper_limit_altitude":2900.0,"lower_limit_altitude":0.0,"lower_limit_alt_ref":"AGL","legal_ref":"§ 17, Abs. 1 LuftVO","generated_name_EN":"Oberlausitz C","lower_limit_unit":"m","type_code_detail":"RESTRICTED","external_reference":"7959","name":["Oberlausitz C"],"upper_limit_unit":"ft","generated_name_DE":"Oberlausitz C","type_code":"FLUGBESCHRAENKUNGSGEBIET"}},{"type":"Feature","geometry":{"coordinates":[[[11.08000218,51.34500076],[11.08500387,51.34277931],[11.09000508,51.34055765],[11.0950058,51.33833577],[11.10000604,51.33611368],[11.1050058,51.33389137],[11.11000508,51.33166885],[11.11500387,51.32944611],[11.12000218,51.32722316],[11.125,51.325],[11.1227772,51.32361129],[11.12055453,51.32222254],[11.11833199,51.32083375],[11.11610959,51.31944491],[11.11388732,51.31805603],[11.11166519,51.31666711],[11.10944319,51.31527815],[11.10722133,51.31388914],[11.1049996,51.31250009],[11.102778,51.311111],[11.09833592,51.31388956],[11.0938933,51.31666796],[11.08945014,51.31944618],[11.08500644,51.32222424],[11.08056221,51.32500212],[11.07611744,51.32777984],[11.07167214,51.33055738],[11.0672263,51.33333476],[11.06277992,51.33611197],[11.058333,51.338889],[11.06041604,51.33993076],[11.06249918,51.34097247],[11.06458242,51.34201415],[11.06666574,51.3430558],[11.06874917,51.3440974],[11.07083268,51.34513897],[11.07291629,51.34618051],[11.075,51.347222],[11.08000218,51.34500076]]],"type":"Polygon"},"properties":{"upper_limit_alt_ref":"MSL","upper_limit_altitude":2700.0,"lower_limit_altitude":0.0,"lower_limit_alt_ref":"AGL","legal_ref":"§ 17, Abs. 1 LuftVO","generated_name_EN":"Bad Frankenhausen","lower_limit_unit":"m","type_code_detail":"RESTRICTED","external_reference":"624","name":["Bad Frankenhausen"],"upper_limit_unit":"ft","generated_name_DE":"Bad Frankenhausen","type_code":"FLUGBESCHRAENKUNGSGEBIET"}},{"type":"Feature","geometry":{"coordinates":[[[6.26261725,50.58312085],[6.27883743,50.57235108],[6.29505021,50.56157902],[6.3112556,50.55080469],[6.32745361,50.54002808],[6.34364423,50.5292492],[6.35982747,50.51846805],[6.37600335,50.50768463],[6.39217186,50.49689895],[6.408333,50.486111],[6.40583053,50.4808335],[6.40332861,50.47555593],[6.40082726,50.47027831],[6.39832646,50.46500064],[6.39582621,50.4597229],[6.39332652,50.4544451],[6.39082739,50.44916725],[6.38832882,50.44388933],[6.3858308,50.43861136],[6.38333333,50.43333333],[6.3809259,50.43305561],[6.37851849,50.43277783],[6.37611111,50.4325],[6.37608056,50.43239167],[6.37650556,50.43414444],[6.3768111,50.43546389],[6.37711667,50.43678333],[6.37744722,50.43824167],[6.37763333,50.43951944],[6.37646944,50.43979167],[6.37748333,50.44035],[6.37734722,50.44156389],[6.376975,50.44297222],[6.37661944,50.44435278],[6.37640278,50.44548889],[6.37591667,50.44708611],[6.37592222,50.44733611],[6.37586944,50.44763333],[6.37571111,50.44810278],[6.37555278,50.4487],[6.37543889,50.44912222],[6.37528333,50.44956389],[6.37511667,50.45013611],[6.37498333,50.45062222],[6.37479444,50.45116389],[6.37456111,50.45165833],[6.37435278,50.45215556],[6.37413611,50.45253333],[6.37388333,50.45299444],[6.37350278,50.45358889],[6.37315833,50.45401111],[6.37271111,50.45455556],[6.37215278,50.45518889],[6.37184444,50.45558889],[6.37069167,50.45540833],[6.36949444,50.45516111],[6.36843333,50.45494444],[6.36745556,50.45479722],[6.36574444,50.45449722],[6.36467222,50.454275],[6.36389444,50.45416389],[6.36294167,50.45396389],[6.36248056,50.45404167],[6.36181944,50.454225],[6.36121389,50.45432222],[6.36056111,50.45450833],[6.35996944,50.45481389],[6.35941389,50.45508333],[6.35895833,50.45538333],[6.35844444,50.45568333],[6.35784722,50.45601667],[6.35726389,50.45630833],[6.35671944,50.45658611],[6.35603333,50.45641667],[6.35573611,50.45629444],[6.35530278,50.45616389],[6.35472222,50.45615833],[6.35422778,50.45618333],[6.35369722,50.45616389],[6.35311944,50.45618611],[6.35250278,50.45621389],[6.35211944,50.45629167],[6.35180278,50.45645278],[6.35146111,50.45654722],[6.35083333,50.45663611],[6.35030833,50.45676667],[6.34985833,50.45698333],[6.34948889,50.45728889],[6.34917778,50.45762778],[6.34888611,50.45795278],[6.34859722,50.45823889],[6.34826111,50.45849167],[6.34787222,50.458625],[6.34707222,50.45871389],[6.34645833,50.45877222],[6.34596389,50.45879444],[6.34548333,50.45900833],[6.3451,50.45930556],[6.34475,50.45956389],[6.34437778,50.45998333],[6.34411389,50.46026667],[6.34379167,50.46066111],[6.34344722,50.46089444],[6.34310556,50.46110278],[6.34251667,50.46126667],[6.34205,50.46143056],[6.34161111,50.46161389],[6.34100556,50.46189444],[6.34068333,50.46218611],[6.34016667,50.46268333],[6.34030278,50.46293611],[6.34049444,50.46334722],[6.34074444,50.46383056],[6.34109722,50.46426389],[6.34120278,50.46434444],[6.34139444,50.46454722],[6.34153611,50.46472778],[6.34168056,50.46498611],[6.34179722,50.46528333],[6.34203889,50.46555278],[6.34228889,50.46585556],[6.34251944,50.46626389],[6.34269722,50.46663611],[6.34289444,50.46696389],[6.34314444,50.46738056],[6.34344444,50.46781944],[6.34365278,50.46825556],[6.34379167,50.46853611],[6.34381389,50.46876389],[6.34365,50.46895556],[6.3434,50.46905556],[6.34334722,50.46918333],[6.343325,50.46934722],[6.34318611,50.46946389],[6.34304722,50.46957222],[6.34317778,50.46983056],[6.34310556,50.47002778],[6.34285556,50.47013611],[6.34253333,50.47025556],[6.34245833,50.47059167],[6.34220556,50.47082778],[6.34194167,50.47104167],[6.34173611,50.47132778],[6.34164444,50.47159722],[6.34141389,50.47182778],[6.34103611,50.47193889],[6.3407,50.47200833],[6.34041667,50.47207222],[6.34012222,50.47203611],[6.33987222,50.47195556],[6.33967778,50.47201944],[6.33934167,50.47205],[6.33902222,50.47209444],[6.33865278,50.47213056],[6.33849444,50.47225],[6.33831111,50.47229444],[6.33820278,50.4724],[6.33798889,50.47257222],[6.33786944,50.47283611],[6.33793611,50.47290278],[6.33803333,50.47296944],[6.33793889,50.47306944],[6.33785556,50.47320278],[6.3379,50.47325556],[6.33770833,50.47329444],[6.33756944,50.47334167],[6.33759444,50.47339167],[6.33775833,50.47341389],[6.33793333,50.47343889],[6.33791944,50.47356667],[6.33798333,50.47380278],[6.33800278,50.47404444],[6.33794167,50.47420556],[6.33773889,50.47443056],[6.33756111,50.47458611],[6.33754444,50.47468333],[6.33786944,50.474825],[6.33805,50.47495],[6.338175,50.47515278],[6.33822778,50.47531389],[6.338375,50.47539722],[6.33856667,50.47545833],[6.33876389,50.47550833],[6.33889722,50.47561944],[6.33908056,50.475775],[6.33919444,50.47588611],[6.33938056,50.47591944],[6.33948333,50.47594722],[6.33963333,50.47605278],[6.33977778,50.47619722],[6.33990833,50.47632222],[6.33996944,50.47640278],[6.34015,50.47658056],[6.34029167,50.47667778],[6.34047222,50.47678611],[6.34046944,50.47689722],[6.34044722,50.47698056],[6.34051389,50.47704167],[6.34069167,50.47714722],[6.34091389,50.47725278],[6.34111389,50.47746111],[6.3411,50.47761389],[6.341025,50.47770833],[6.34102778,50.47785278],[6.34106944,50.47805],[6.34131389,50.47811667],[6.34143056,50.47822222],[6.34143611,50.47846389],[6.34138889,50.47861111],[6.34129444,50.47886667],[6.34125278,50.47911389],[6.34129722,50.47929722],[6.34121111,50.47951667],[6.34119444,50.47982778],[6.34117222,50.48010833],[6.34111667,50.48033889],[6.34100278,50.48051111],[6.34088889,50.48076944],[6.34098889,50.48100278],[6.34116111,50.48122778],[6.34117778,50.48140556],[6.34109722,50.48173333],[6.34105833,50.48193889],[6.34106111,50.48224167],[6.34111667,50.48247222],[6.34102778,50.48254722],[6.34098056,50.4827],[6.34100278,50.48282778],[6.34118333,50.48286944],[6.34139444,50.482925],[6.34153611,50.48304444],[6.34155,50.48327222],[6.34165278,50.48342778],[6.34191944,50.48362222],[6.34206111,50.48366389],[6.34246667,50.48386389],[6.343,50.48418056],[6.34361111,50.48443611],[6.34404722,50.48460278],[6.34431944,50.48475833],[6.34462778,50.48504444],[6.34506944,50.48537222],[6.34562778,50.48575278],[6.34609722,50.486075],[6.34641111,50.48628333],[6.34678889,50.48640278],[6.34725278,50.48653333],[6.34757778,50.48664722],[6.34795,50.48684722],[6.34818333,50.48694722],[6.3486,50.48696111],[6.34894722,50.48708889],[6.349325,50.48721111],[6.34965278,50.48736111],[6.34973333,50.48761111],[6.34983333,50.487825],[6.35,50.48791389],[6.35028611,50.48786944],[6.35068611,50.48783056],[6.35117222,50.487975],[6.35120278,50.48824167],[6.35095833,50.48828056],[6.35069722,50.48836667],[6.35040833,50.48850278],[6.35005278,50.4886],[6.349725,50.48860833],[6.34946944,50.48871944],[6.34916944,50.48877222],[6.34883056,50.488925],[6.34848889,50.48898333],[6.34816667,50.48919444],[6.34784722,50.489275],[6.34755,50.48923333],[6.34723889,50.48913056],[6.34700278,50.48907778],[6.34636389,50.48909167],[6.34599444,50.48918056],[6.34519167,50.48917778],[6.34497778,50.48926667],[6.34458056,50.48929722],[6.34371944,50.48935556],[6.34289722,50.48939722],[6.34214722,50.48945278],[6.34148056,50.48947778],[6.34096111,50.48952778],[6.34000833,50.48952778],[6.33931667,50.48956667],[6.33859444,50.48936667],[6.33787222,50.48914167],[6.337125,50.48898611],[6.33665833,50.48897778],[6.33598889,50.48905],[6.33539444,50.4891],[6.33498333,50.48903611],[6.33477222,50.489075],[6.33469722,50.489175],[6.33466944,50.48932778],[6.33454722,50.48955556],[6.33428056,50.48987222],[6.33389167,50.49021111],[6.33353333,50.4906],[6.33318889,50.49094444],[6.33306389,50.49116389],[6.33299722,50.49135833],[6.33299722,50.49172778],[6.33279444,50.49198889],[6.33243611,50.49220278],[6.331825,50.49255556],[6.33111389,50.49275278],[6.33017222,50.49286667],[6.32958611,50.49295833],[6.32898889,50.49319167],[6.32818889,50.49338611],[6.32672222,50.49354444],[6.3253,50.49361111],[6.32427222,50.49368056],[6.323475,50.49378333],[6.32286111,50.49391944],[6.32251389,50.49425833],[6.32196111,50.49496667],[6.32103333,50.49468333],[6.32008056,50.49502778],[6.31788056,50.49578056],[6.31666111,50.49627778],[6.31648333,50.49654167],[6.31614722,50.49670556],[6.31538333,50.49711667],[6.31500278,50.49733056],[6.31467778,50.49754167],[6.31445278,50.49776667],[6.31423333,50.49815833],[6.31394444,50.49861389],[6.31408889,50.49875833],[6.31425,50.49894167],[6.31423056,50.49911667],[6.31412222,50.49922778],[6.31375556,50.49933611],[6.31322222,50.49943056],[6.31283611,50.49956389],[6.31194444,50.49999167],[6.31096944,50.50049444],[6.30911389,50.50146389],[6.30821944,50.50123333],[6.30738889,50.50101944],[6.30655556,50.50073889],[6.30573889,50.50046111],[6.30481667,50.50016667],[6.30371944,50.49979444],[6.30340556,50.499675],[6.30318611,50.49948333],[6.30293333,50.499325],[6.30278056,50.49925],[6.30264444,50.49928611],[6.30259167,50.49936944],[6.30252778,50.49961667],[6.30245556,50.49985833],[6.30223889,50.49966667],[6.30184167,50.49938333],[6.30140278,50.49911389],[6.30081111,50.4989],[6.29896944,50.49844444],[6.29858333,50.49819722],[6.29801944,50.49774444],[6.29743611,50.49745833],[6.29676389,50.49783889],[6.29641389,50.49796667],[6.29599444,50.49800833],[6.29533889,50.49799722],[6.29391111,50.49807222],[6.29251389,50.49819167],[6.29096944,50.49836111],[6.28928611,50.49850833],[6.28714168,50.49873613],[6.28499722,50.49896389],[6.28484167,50.49899444],[6.2839,50.50029167],[6.28268611,50.50175],[6.28151667,50.50321389],[6.28056667,50.50324444],[6.28004722,50.50329444],[6.27941111,50.50319444],[6.27878333,50.50313056],[6.27820833,50.50308611],[6.27746667,50.50294722],[6.27658056,50.50273889],[6.27589167,50.50258333],[6.27530278,50.50244444],[6.27478611,50.50230278],[6.27339444,50.50299722],[6.27238889,50.50347778],[6.27134167,50.50395556],[6.26978611,50.50459167],[6.26901944,50.50405],[6.26816667,50.50347778],[6.26778056,50.50325278],[6.26731389,50.50298056],[6.26661389,50.50265],[6.26614722,50.5024],[6.265775,50.50203889],[6.26566944,50.50177222],[6.2652,50.50146389],[6.26471111,50.50109444],[6.26435833,50.50071389],[6.26404722,50.50048889],[6.26363611,50.50024167],[6.26336389,50.49999722],[6.26320278,50.49980833],[6.26296389,50.49966389],[6.26279444,50.49943889],[6.26256667,50.49921667],[6.26231389,50.49896111],[6.26202222,50.49883056],[6.26172222,50.49885556],[6.26108333,50.49885833],[6.260525,50.49900278],[6.25985833,50.499225],[6.25916111,50.49932778],[6.25847778,50.4994],[6.25785,50.49933611],[6.257375,50.49927778],[6.25696667,50.49929167],[6.25635278,50.49921944],[6.25591944,50.49915278],[6.2554,50.49921667],[6.25498889,50.499275],[6.25476111,50.4993],[6.25463333,50.49934722],[6.25451667,50.49954167],[6.25445833,50.49968056],[6.25458889,50.49981944],[6.25471944,50.49997222],[6.25483611,50.50013333],[6.25479167,50.500225],[6.25461944,50.50021944],[6.25449722,50.50010556],[6.25436944,50.50014444],[6.25431389,50.50041111],[6.25447222,50.50065],[6.25458056,50.50089444],[6.25451667,50.50116389],[6.25456667,50.50127778],[6.25475556,50.50148333],[6.25436389,50.50176111],[6.25423333,50.50197222],[6.25392222,50.50267778],[6.25376667,50.50281389],[6.25338056,50.50297222],[6.25181111,50.50357778],[6.25038056,50.50327778],[6.24923333,50.50301944],[6.2493,50.50279444],[6.24763611,50.50216944],[6.24644722,50.50167778],[6.24555278,50.50134167],[6.24408056,50.50067778],[6.24293056,50.50010556],[6.24199167,50.49961944],[6.24159444,50.49894722],[6.24119444,50.49919444],[6.238825,50.49889444],[6.23857778,50.49869722],[6.23817222,50.49853889],[6.237725,50.49848056],[6.23693056,50.49847222],[6.23608056,50.49851389],[6.23544167,50.49851667],[6.23470556,50.49845556],[6.23420556,50.49837222],[6.23398056,50.49815278],[6.23388333,50.497975],[6.23374167,50.49776389],[6.23350556,50.49775278],[6.23323333,50.49787778],[6.23309167,50.49800278],[6.23219444,50.49790556],[6.23187778,50.49773056],[6.23143889,50.49757222],[6.23099167,50.49742222],[6.23068889,50.497425],[6.23043333,50.49745278],[6.23026111,50.49756111],[6.22963889,50.49720278],[6.22929444,50.496725],[6.22878889,50.49625556],[6.22819722,50.49584167],[6.22794722,50.49569167],[6.22807222,50.49556667],[6.22756667,50.49501944],[6.22704167,50.49523611],[6.22648611,50.49448056],[6.22620556,50.49465278],[6.22559444,50.49482222],[6.22495833,50.49496667],[6.22458889,50.49506667],[6.22428333,50.49534722],[6.2231042,50.4965389],[6.221925,50.49773056],[6.22126944,50.49783611],[6.22003333,50.49872222],[6.2213,50.499675],[6.22167222,50.49945556],[6.22187778,50.49959444],[6.22223333,50.49990556],[6.22243889,50.50020278],[6.22258611,50.50057222],[6.22264167,50.50100556],[6.22256111,50.50150556],[6.22248056,50.50171389],[6.22224167,50.5019],[6.22174444,50.50222778],[6.22128333,50.50254444],[6.22110833,50.50271944],[6.22114444,50.50293056],[6.22092778,50.50310556],[6.22066944,50.50335833],[6.22045,50.50360278],[6.220275,50.50377778],[6.22020556,50.50401389],[6.22006667,50.504225],[6.21991667,50.50446667],[6.21995278,50.50464722],[6.21995556,50.50492778],[6.21987222,50.50526667],[6.219525,50.50559167],[6.21911667,50.50579444],[6.21878889,50.50585],[6.21841667,50.50588056],[6.21800278,50.50594167],[6.21788056,50.50597222],[6.21783889,50.50604444],[6.2177,50.50614722],[6.21748889,50.50626389],[6.21738611,50.50642778],[6.21712222,50.50668611],[6.21677222,50.50693056],[6.21660833,50.50719722],[6.21645278,50.50766389],[6.21635556,50.50802778],[6.21615556,50.50827778],[6.21584444,50.50841389],[6.21561667,50.50845],[6.21545278,50.50850556],[6.21525833,50.50870556],[6.21518056,50.50895556],[6.21511111,50.50924722],[6.21500833,50.5096],[6.21492778,50.50991944],[6.21481667,50.51006111],[6.21460556,50.51021111],[6.21430833,50.51051667],[6.21399167,50.51094167],[6.21374444,50.51130556],[6.213625,50.51151944],[6.21339444,50.51167778],[6.21341389,50.51186944],[6.21351111,50.51202222],[6.21339444,50.51216389],[6.21331944,50.51232778],[6.21342222,50.51255556],[6.21341389,50.51272222],[6.21319444,50.51303056],[6.21141111,50.51290833],[6.21116111,50.51323056],[6.21014722,50.51313889],[6.20910833,50.51470833],[6.21071248,50.51515418],[6.21231667,50.5156],[6.211925,50.51588333],[6.21155278,50.51614444],[6.2111,50.51629722],[6.21045833,50.51641944],[6.209725,50.51662778],[6.20903056,50.51687222],[6.20836944,50.51727222],[6.20784722,50.51778611],[6.20745833,50.51839444],[6.20705556,50.51900556],[6.20678056,50.51958889],[6.20671389,50.51996389],[6.20671944,50.52018056],[6.20660833,50.52031389],[6.20626667,50.52033611],[6.20586389,50.52098333],[6.20514444,50.52092778],[6.204675,50.52084167],[6.20448889,50.52087222],[6.20423611,50.52103056],[6.20376111,50.52098611],[6.20313333,50.52090278],[6.20229722,50.52083333],[6.20166667,50.52081667],[6.20119722,50.52096944],[6.20084167,50.52110833],[6.2004,50.52112222],[6.20012778,50.52121111],[6.19996111,50.52135278],[6.19955278,50.52143056],[6.19920556,50.52133889],[6.19878056,50.52131667],[6.19814444,50.52139722],[6.19777222,50.52140833],[6.19726111,50.52131389],[6.19656389,50.52136944],[6.19615833,50.521425],[6.19593056,50.52131111],[6.19582222,50.52108889],[6.19523611,50.52116667],[6.19464444,50.52126944],[6.19406389,50.52124444],[6.19353056,50.52119722],[6.19291667,50.52114167],[6.19242778,50.52110556],[6.19220278,50.52105833],[6.19196389,50.52120278],[6.19161111,50.52156944],[6.19109167,50.52218333],[6.19063333,50.52263333],[6.19045833,50.52304444],[6.19045278,50.52352222],[6.19043611,50.52388056],[6.19026667,50.52416111],[6.19000278,50.52448056],[6.18966944,50.52475],[6.18900556,50.52510556],[6.18821389,50.52554167],[6.18746389,50.52605833],[6.18722778,50.52630278],[6.18719167,50.52676667],[6.18726667,50.52709444],[6.18741111,50.52728889],[6.18790278,50.52763611],[6.18854444,50.52815833],[6.18968611,50.52905],[6.19033333,50.52951111],[6.19085,50.52995278],[6.19163889,50.53058333],[6.19186667,50.53075833],[6.19215278,50.53088889],[6.193025,50.53099444],[6.19308056,50.5309],[6.19361389,50.53095278],[6.19413889,50.53098611],[6.19519444,50.53100833],[6.19613056,50.53111944],[6.19619722,50.53171667],[6.19651111,50.53264167],[6.19717778,50.53369167],[6.19776667,50.534525],[6.19814167,50.53527222],[6.19781389,50.53576389],[6.19714167,50.53628611],[6.19574444,50.5362],[6.19469167,50.53664444],[6.19373611,50.53707222],[6.19273333,50.53750556],[6.19185833,50.53795556],[6.19140833,50.5382],[6.19046944,50.53873611],[6.18980556,50.53910556],[6.18942222,50.53940556],[6.189075,50.53980278],[6.188875,50.54010556],[6.18855833,50.54057222],[6.18660558,50.54107779],[6.18465278,50.54158333],[6.18431667,50.54157222],[6.18386111,50.54148333],[6.18318611,50.54146667],[6.18254444,50.54134167],[6.18186389,50.54132778],[6.18103611,50.541175],[6.18041667,50.54111944],[6.17953056,50.54131389],[6.17912222,50.54156667],[6.178025,50.54161111],[6.17808372,50.54338453],[6.17814244,50.54515794],[6.17820116,50.54693135],[6.17825989,50.54870477],[6.17831863,50.55047818],[6.17837737,50.55225159],[6.17843611,50.554025],[6.17722642,50.55504584],[6.17601667,50.55606667],[6.17415278,50.556475],[6.17441944,50.55751389],[6.17468056,50.5579],[6.17503333,50.55795278],[6.17545,50.55801389],[6.17576944,50.55809444],[6.17609444,50.55815833],[6.17639722,50.55828333],[6.17700833,50.55852778],[6.17736944,50.558675],[6.17774722,50.55883611],[6.17799722,50.558975],[6.178325,50.55916667],[6.17864444,50.55932222],[6.17906667,50.559525],[6.17938611,50.5597],[6.17969444,50.55990278],[6.17999444,50.56014167],[6.18134444,50.56069722],[6.18223056,50.56161111],[6.18369722,50.56199167],[6.18374167,50.56206944],[6.1839,50.56230556],[6.18413056,50.56261667],[6.18441667,50.56293056],[6.184675,50.56292778],[6.18494167,50.562975],[6.18523889,50.56303056],[6.18579722,50.56324722],[6.18601111,50.56343889],[6.18624722,50.56390556],[6.18636111,50.56416944],[6.18669444,50.56434444],[6.18701389,50.56444167],[6.18741111,50.56449167],[6.18801389,50.56450833],[6.18849444,50.56446111],[6.18888611,50.56433889],[6.18926944,50.56453056],[6.18921111,50.56469444],[6.18876111,50.56532222],[6.18931389,50.56609722],[6.19192222,50.56548889],[6.19415652,50.56625009],[6.19639089,50.56701124],[6.19862534,50.56777235],[6.20085986,50.56853342],[6.20309444,50.56929444],[6.20379999,50.57016667],[6.20450556,50.57103889],[6.20371667,50.57155833],[6.20373056,50.57226667],[6.20528611,50.57305556],[6.20528611,50.57357222],[6.20588056,50.57373333],[6.206675,50.57470833],[6.20598611,50.57503889],[6.20625556,50.57619722],[6.20759722,50.57614722],[6.20774444,50.57623056],[6.207925,50.57628056],[6.21010833,50.5771],[6.21166804,50.57769029],[6.21322778,50.57828056],[6.21357778,50.57849167],[6.21383889,50.57865833],[6.21429167,50.57883056],[6.21448056,50.57893056],[6.21489444,50.57909444],[6.21563333,50.579425],[6.21616667,50.57973889],[6.21662778,50.58000833],[6.21700833,50.58035],[6.217225,50.58056667],[6.21754444,50.58076389],[6.218,50.58090556],[6.21853056,50.58109722],[6.21907778,50.58138056],[6.21948611,50.58165278],[6.21983056,50.58213889],[6.22022778,50.58269167],[6.22051389,50.58297222],[6.22081667,50.58330278],[6.22121944,50.58381944],[6.22160278,50.58415278],[6.22188889,50.58437778],[6.22213889,50.58460278],[6.22222222,50.58478611],[6.22238889,50.58533333],[6.22246944,50.5859],[6.22245833,50.58655278],[6.22249167,50.58697778],[6.22265556,50.58721111],[6.22318611,50.58765278],[6.22378056,50.58816944],[6.22408889,50.58863056],[6.22428056,50.58886389],[6.22453333,50.58914444],[6.22482778,50.58967222],[6.22517222,50.59046389],[6.22703334,50.59038751],[6.22889444,50.59031111],[6.23106808,50.58974169],[6.23324167,50.58917222],[6.23500559,50.58867317],[6.23676948,50.5881741],[6.23853333,50.587675],[6.2409,50.58696111],[6.24139167,50.58791111],[6.2420361,50.58902361],[6.24268056,50.59013611],[6.24361111,50.59134722],[6.24509722,50.59269167],[6.24608611,50.59353333],[6.24638968,50.59388835],[6.26261725,50.58312085]]],"type":"Polygon"},"properties":{"upper_limit_alt_ref":"PA","upper_limit_altitude":105.0,"lower_limit_altitude":0.0,"lower_limit_alt_ref":"AGL","legal_ref":"§ 17, Abs. 1 LuftVO","generated_name_EN":"Elsenborn","lower_limit_unit":"m","type_code_detail":"RESTRICTED","external_reference":"466","name":["Elsenborn"],"upper_limit_unit":"FL","generated_name_DE":"Elsenborn","type_code":"FLUGBESCHRAENKUNGSGEBIET"}},{"type":"Feature","geometry":{"coordinates":[[[9.85066614,54.46466675],[9.85216572,54.46627793],[9.85366543,54.46788909],[9.85516525,54.46950023],[9.85666519,54.47111135],[9.85816525,54.47272245],[9.85966543,54.47433353],[9.86116572,54.4759446],[9.86266614,54.47755564],[9.86416667,54.47916667],[9.86958148,54.48072332],[9.87499671,54.48227972],[9.88041235,54.48383589],[9.8858284,54.48539181],[9.89124486,54.48694748],[9.89666173,54.48850292],[9.90207902,54.49005811],[9.90749671,54.49161306],[9.91291482,54.49316776],[9.91833333,54.49472222],[9.91930591,54.49308337],[9.9202784,54.49144451],[9.92125082,54.48980564],[9.92222316,54.48816677],[9.92319542,54.48652788],[9.9241676,54.48488899],[9.92513971,54.48325009],[9.92611173,54.48161118],[9.92708368,54.47997226],[9.92805556,54.47833333],[9.92016402,54.47680787],[9.91227308,54.4752819],[9.90438272,54.47375541],[9.89649295,54.47222841],[9.88860376,54.47070089],[9.88071517,54.46917285],[9.87282716,54.4676443],[9.86493974,54.46611523],[9.85705291,54.46458565],[9.84916667,54.46305556],[9.85066614,54.46466675]]],"type":"Polygon"},"properties":{"upper_limit_alt_ref":"MSL","upper_limit_altitude":1000.0,"lower_limit_altitude":0.0,"lower_limit_alt_ref":"AGL","legal_ref":"§ 17, Abs. 1 LuftVO","generated_name_EN":"Eckernfoerder Bucht B","lower_limit_unit":"m","type_code_detail":"RESTRICTED","external_reference":"14705","name":["Eckernfoerder Bucht B"],"upper_limit_unit":"ft","generated_name_DE":"Eckernfoerder Bucht B","type_code":"FLUGBESCHRAENKUNGSGEBIET"}},{"type":"Feature","geometry":{"coordinates":[[[8.683333,51.77083312],[8.683333,51.78333321],[8.683333,51.79583328],[8.683333,51.80833332],[8.683333,51.82083333],[8.683333,51.83333332],[8.683333,51.84583328],[8.683333,51.85833321],[8.683333,51.87083312],[8.683333,51.883333],[8.69082801,51.88666856],[8.69832412,51.89000364],[8.70582134,51.89333824],[8.71331968,51.89667236],[8.72081912,51.900006],[8.72831968,51.90333916],[8.73582134,51.90667184],[8.74332412,51.91000404],[8.750828,51.91333576],[8.758333,51.916667],[8.763333,51.916667],[8.768333,51.916667],[8.773333,51.916667],[8.778333,51.916667],[8.783333,51.916667],[8.788333,51.916667],[8.793333,51.916667],[8.798333,51.916667],[8.803333,51.916667],[8.808333,51.916667],[8.81416834,51.9150016],[8.82000325,51.91333592],[8.82583773,51.91166994],[8.83167178,51.91000368],[8.8375054,51.90833712],[8.84333858,51.90667027],[8.84917133,51.90500314],[8.85500365,51.90333572],[8.86083554,51.901668],[8.866667,51.9],[8.866667,51.89500002],[8.866667,51.89000003],[8.866667,51.88500004],[8.866667,51.88000005],[8.866667,51.87500005],[8.866667,51.87000005],[8.866667,51.86500004],[8.866667,51.86000003],[8.866667,51.85500002],[8.866667,51.85],[8.86511088,51.84827787],[8.86355487,51.84655572],[8.86199899,51.84483355],[8.86044322,51.84311136],[8.85888757,51.84138915],[8.85733204,51.83966692],[8.85577663,51.83794467],[8.85422134,51.83622239],[8.85266617,51.8345001],[8.85111111,51.83277778],[8.84044444,51.83277778],[8.82977778,51.83277778],[8.81911111,51.83277778],[8.80844444,51.83277778],[8.79777778,51.83277778],[8.78711111,51.83277778],[8.77644444,51.83277778],[8.76577778,51.83277778],[8.75511111,51.83277778],[8.74444444,51.83277778],[8.74444444,51.82611115],[8.74444444,51.81944451],[8.74444444,51.81277786],[8.74444444,51.8061112],[8.74444444,51.79944454],[8.74444444,51.79277787],[8.74444444,51.78611119],[8.74444444,51.77944451],[8.74444444,51.77277781],[8.74444444,51.76611111],[8.74905556,51.76611111],[8.75366667,51.76611111],[8.75827778,51.76611111],[8.76288889,51.76611111],[8.7675,51.76611111],[8.77211111,51.76611111],[8.77672222,51.76611111],[8.78133333,51.76611111],[8.78594444,51.76611111],[8.79055556,51.76611111],[8.78911085,51.76455553],[8.78766624,51.76299992],[8.78622172,51.7614443],[8.78477731,51.75988866],[8.783333,51.758333],[8.773333,51.758333],[8.763333,51.758333],[8.753333,51.758333],[8.743333,51.758333],[8.733333,51.758333],[8.723333,51.758333],[8.713333,51.758333],[8.703333,51.758333],[8.693333,51.758333],[8.683333,51.758333],[8.683333,51.77083312]]],"type":"Polygon"},"properties":{"upper_limit_alt_ref":"PA","upper_limit_altitude":140.0,"lower_limit_altitude":0.0,"lower_limit_alt_ref":"AGL","legal_ref":"§ 17, Abs. 1 LuftVO","generated_name_EN":"Senne A","lower_limit_unit":"m","type_code_detail":"RESTRICTED","external_reference":"454","name":["Senne A"],"upper_limit_unit":"FL","generated_name_DE":"Senne A","type_code":"FLUGBESCHRAENKUNGSGEBIET"}},{"type":"Feature","geometry":{"coordinates":[[[8.77611113,48.71453708],[8.77833335,48.71435189],[8.78055556,48.71416667],[8.78277785,48.71377786],[8.7850001,48.71338902],[8.78722233,48.71300013],[8.78944451,48.7126112],[8.79166667,48.71222222],[8.79375003,48.71138891],[8.79583333,48.71055556],[8.79548608,48.70909722],[8.79513885,48.70763889],[8.79479164,48.70618056],[8.79444444,48.70472222],[8.79198401,48.70432555],[8.78952362,48.70392883],[8.78706326,48.70353206],[8.78460294,48.70313524],[8.78214266,48.70273836],[8.77968242,48.70234143],[8.77722222,48.70194444],[8.7748611,48.70180558],[8.7725,48.70166667],[8.77104179,48.70312503],[8.7695835,48.70458337],[8.76812513,48.70604169],[8.76666667,48.7075],[8.76811095,48.70894448],[8.76955531,48.71038894],[8.77099975,48.71183339],[8.77244428,48.71327781],[8.77388889,48.71472222],[8.77611113,48.71453708]]],"type":"Polygon"},"properties":{"upper_limit_alt_ref":"MSL","upper_limit_altitude":3500.0,"lower_limit_altitude":0.0,"lower_limit_alt_ref":"AGL","legal_ref":"§ 17, Abs. 1 LuftVO","generated_name_EN":"Calw","lower_limit_unit":"m","type_code_detail":"RESTRICTED","external_reference":"15155","name":["Calw"],"upper_limit_unit":"ft","generated_name_DE":"Calw","type_code":"FLUGBESCHRAENKUNGSGEBIET"}},{"type":"Feature","geometry":{"coordinates":[[[7.89736231,52.93608349],[7.89777991,52.92216694],[7.89819725,52.90825036],[7.89861431,52.89433374],[7.89903111,52.88041709],[7.89944764,52.86650041],[7.89986391,52.85258369],[7.90027991,52.83866694],[7.90069564,52.82475015],[7.90111111,52.81083333],[7.85088568,52.79984546],[7.80068559,52.78883633],[7.75051086,52.77780595],[7.70036152,52.76675434],[7.65023758,52.75568152],[7.60013909,52.74458752],[7.55006606,52.73347235],[7.50001852,52.72233602],[7.44999649,52.71117857],[7.4,52.7],[7.41411317,52.71834118],[7.42823818,52.73668063],[7.44237505,52.75501834],[7.4565238,52.7733543],[7.47068444,52.79168852],[7.484857,52.81002099],[7.49904148,52.82835171],[7.51323791,52.84668067],[7.5274463,52.86500788],[7.54166667,52.88333333],[7.54749194,52.89000132],[7.55331901,52.89666902],[7.55914786,52.90333642],[7.5649785,52.91000353],[7.57081094,52.91667034],[7.57664516,52.92333686],[7.58248118,52.93000309],[7.58831899,52.93666902],[7.5941586,52.94333466],[7.6,52.95],[7.62969444,52.95],[7.65938889,52.95],[7.68908333,52.95],[7.71877778,52.95],[7.74847222,52.95],[7.77816667,52.95],[7.80786111,52.95],[7.83755556,52.95],[7.86725,52.95],[7.89694444,52.95],[7.89736231,52.93608349]]],"type":"Polygon"},"properties":{"upper_limit_alt_ref":"PA","upper_limit_altitude":80.0,"lower_limit_altitude":0.0,"lower_limit_alt_ref":"AGL","legal_ref":"§ 17, Abs. 1 LuftVO","generated_name_EN":"Meppen C","lower_limit_unit":"m","type_code_detail":"RESTRICTED","external_reference":"3625","name":["Meppen C"],"upper_limit_unit":"FL","generated_name_DE":"Meppen C","type_code":"FLUGBESCHRAENKUNGSGEBIET"}},{"type":"Feature","geometry":{"coordinates":[[[10.04379627,54.70379634],[10.04620368,54.70398153],[10.04861111,54.70416667],[10.04372985,54.68541784],[10.03885308,54.66666876],[10.03398081,54.64791943],[10.02911302,54.62916984],[10.0242497,54.61042],[10.01939085,54.59166991],[10.01453646,54.57291956],[10.00968653,54.55416896],[10.00484105,54.53541811],[10,54.516667],[9.99168504,54.52666965],[9.98336601,54.53667172],[9.97504291,54.5466732],[9.96671573,54.55667408],[9.95838449,54.56667438],[9.95004916,54.57667409],[9.94170975,54.5866732],[9.93336626,54.59667173],[9.92501867,54.60666966],[9.916667,54.616667],[9.92911524,54.62536724],[9.94156879,54.63406619],[9.95402766,54.64276384],[9.96649185,54.6514602],[9.97896137,54.66015526],[9.99143621,54.66884903],[10.00391638,54.6775415],[10.01640188,54.68623267],[10.02889271,54.69492254],[10.04138889,54.70361111],[10.04379627,54.70379634]]],"type":"Polygon"},"properties":{"upper_limit_alt_ref":"MSL","upper_limit_altitude":3500.0,"lower_limit_altitude":0.0,"lower_limit_alt_ref":"AGL","legal_ref":"§ 17, Abs. 1 LuftVO","generated_name_EN":"Schoenhagen A","lower_limit_unit":"m","type_code_detail":"RESTRICTED","external_reference":"472","name":["Schoenhagen A"],"upper_limit_unit":"ft","generated_name_DE":"Schoenhagen A","type_code":"FLUGBESCHRAENKUNGSGEBIET"}},{"type":"Feature","geometry":{"coordinates":[[[13.7032698,54.18780927],[13.7129364,54.20478439],[13.72261093,54.22175868],[13.7322934,54.23873215],[13.74198382,54.25570479],[13.7516822,54.2726766],[13.76138855,54.28964759],[13.77110289,54.30661774],[13.78082522,54.32358706],[13.79055556,54.34055556],[13.79994547,54.34005884],[13.80933515,54.3395614],[13.81872461,54.33906323],[13.82811384,54.33856432],[13.83750285,54.33806469],[13.84689162,54.33756432],[13.85628017,54.33706323],[13.86566849,54.3365614],[13.87505658,54.33605884],[13.88444444,54.33555556],[13.88851894,54.31413985],[13.8925892,54.29272393],[13.89665525,54.27130779],[13.90071708,54.24989145],[13.9047747,54.22847489],[13.90882813,54.20705811],[13.91287736,54.18564112],[13.91692242,54.16422392],[13.92096329,54.14280651],[13.925,54.12138889],[13.91958108,54.11947332],[13.91416267,54.11755751],[13.90874475,54.11564146],[13.90332734,54.11372515],[13.89791042,54.11180861],[13.892494,54.10989182],[13.88707809,54.10797479],[13.88166267,54.10605751],[13.87624775,54.10413999],[13.87083333,54.10222222],[13.8562629,54.10631351],[13.84168961,54.11040304],[13.82711344,54.1144908],[13.81253441,54.11857679],[13.79795251,54.12266101],[13.78336774,54.12674346],[13.7687801,54.13082414],[13.7541896,54.13490305],[13.73959623,54.13898019],[13.725,54.14305556],[13.721863,54.14583371],[13.71872558,54.14861178],[13.71558775,54.15138976],[13.71244949,54.15416766],[13.70931081,54.15694548],[13.70617171,54.15972322],[13.70303219,54.16250087],[13.69989225,54.16527844],[13.69675189,54.16805593],[13.69361111,54.17083333],[13.7032698,54.18780927]]],"type":"Polygon"},"properties":{"upper_limit_alt_ref":"MSL","upper_limit_altitude":5000.0,"lower_limit_altitude":0.0,"lower_limit_alt_ref":"AGL","legal_ref":"§ 17, Abs. 1 LuftVO","generated_name_EN":"Peenemuende","lower_limit_unit":"m","type_code_detail":"RESTRICTED","external_reference":"15542","name":["Peenemuende"],"upper_limit_unit":"ft","generated_name_DE":"Peenemuende","type_code":"FLUGBESCHRAENKUNGSGEBIET"}},{"type":"Feature","geometry":{"coordinates":[[[13.10259633,52.99744661],[13.10407964,52.99739834],[13.10555911,52.99731796],[13.10703284,52.99720557],[13.10849893,52.99706132],[13.10995547,52.99688539],[13.1114006,52.99667802],[13.11283244,52.99643946],[13.11424914,52.99617003],[13.11564889,52.99587008],[13.11702987,52.99553998],[13.11839029,52.99518018],[13.11972841,52.99479112],[13.12104249,52.99437333],[13.12233085,52.99392732],[13.12359181,52.99345369],[13.12482376,52.99295304],[13.12602509,52.99242601],[13.12719427,52.9918733],[13.12832979,52.9912956],[13.12943017,52.99069367],[13.13049401,52.99006829],[13.13151992,52.98942025],[13.1325066,52.98875041],[13.13345276,52.98805961],[13.1343572,52.98734876],[13.13521873,52.98661877],[13.13603626,52.98587057],[13.13680873,52.98510515],[13.13753515,52.98432348],[13.13821458,52.98352658],[13.13884615,52.98271546],[13.13942904,52.98189118],[13.13996252,52.98105481],[13.14044588,52.98020741],[13.14087852,52.97935008],[13.14125988,52.97848393],[13.14158947,52.97761008],[13.14186686,52.97672965],[13.1420917,52.97584377],[13.14226371,52.97495359],[13.14238267,52.97406026],[13.14244842,52.97316493],[13.1424609,52.97226875],[13.14242007,52.97137287],[13.142326,52.97047846],[13.14217882,52.96958666],[13.14197871,52.96869863],[13.14172594,52.9678155],[13.14142083,52.96693843],[13.14106379,52.96606852],[13.14065528,52.96520692],[13.14019582,52.96435472],[13.13968601,52.96351303],[13.13912651,52.96268292],[13.13851804,52.96186548],[13.13786139,52.96106174],[13.13715741,52.96027276],[13.13640701,52.95949953],[13.13561115,52.95874307],[13.13477087,52.95800433],[13.13388725,52.95728428],[13.13296142,52.95658385],[13.13199458,52.95590392],[13.13098799,52.95524539],[13.12994293,52.95460909],[13.12886075,52.95399584],[13.12774285,52.95340644],[13.12659067,52.95284165],[13.12540569,52.95230218],[13.12418944,52.95178874],[13.12294348,52.95130199],[13.12166943,52.95084255],[13.12036892,52.95041101],[13.11904362,52.95000793],[13.11769524,52.94963383],[13.11632553,52.94928919],[13.11493623,52.94897445],[13.11352914,52.94869002],[13.11210607,52.94843626],[13.11066886,52.94821351],[13.10921934,52.94802204],[13.10775939,52.94786211],[13.10629089,52.94773391],[13.10481572,52.94763762],[13.10333579,52.94757336],[13.10185299,52.9475412],[13.10036923,52.9475412],[13.09888644,52.94757336],[13.0974065,52.94763762],[13.09593133,52.94773391],[13.09446283,52.94786211],[13.09300288,52.94802204],[13.09155337,52.94821351],[13.09011615,52.94843626],[13.08869308,52.94869002],[13.08728599,52.94897445],[13.0858967,52.94928919],[13.08452698,52.94963383],[13.0831786,52.95000793],[13.08185331,52.95041101],[13.08055279,52.95084255],[13.07927874,52.95130199],[13.07803278,52.95178874],[13.07681653,52.95230218],[13.07563156,52.95284165],[13.07447937,52.95340644],[13.07336147,52.95399584],[13.0722793,52.95460909],[13.07123423,52.95524539],[13.07022764,52.95590392],[13.0692608,52.95658385],[13.06833497,52.95728428],[13.06745135,52.95800433],[13.06661107,52.95874307],[13.06581521,52.95949953],[13.06506481,52.96027276],[13.06436083,52.96106174],[13.06370418,52.96186548],[13.06309572,52.96268292],[13.06253621,52.96351303],[13.0620264,52.96435472],[13.06156694,52.96520692],[13.06115843,52.96606852],[13.06080139,52.96693843],[13.06049628,52.9678155],[13.06024351,52.96869863],[13.06004341,52.96958666],[13.05989622,52.97047846],[13.05980215,52.97137287],[13.05976133,52.97226875],[13.0597738,52.97316493],[13.05983955,52.97406026],[13.05995851,52.97495359],[13.06013052,52.97584377],[13.06035536,52.97672965],[13.06063276,52.97761008],[13.06096234,52.97848393],[13.0613437,52.97935008],[13.06177634,52.98020741],[13.0622597,52.98105481],[13.06279318,52.98189118],[13.06337607,52.98271546],[13.06400764,52.98352658],[13.06468707,52.98432348],[13.06541349,52.98510515],[13.06618596,52.98587057],[13.06700349,52.98661877],[13.06786503,52.98734876],[13.06876946,52.98805961],[13.06971562,52.98875041],[13.0707023,52.98942025],[13.07172821,52.99006829],[13.07279205,52.99069367],[13.07389244,52.9912956],[13.07502795,52.9918733],[13.07619713,52.99242601],[13.07739847,52.99295304],[13.07863041,52.99345369],[13.07989137,52.99392732],[13.08117973,52.99437333],[13.08249381,52.99479112],[13.08383193,52.99518018],[13.08519236,52.99553998],[13.08657333,52.99587008],[13.08797308,52.99617003],[13.08938979,52.99643946],[13.09082163,52.99667802],[13.09226675,52.99688539],[13.0937233,52.99706132],[13.09518938,52.99720557],[13.09666311,52.99731796],[13.09814258,52.99739834],[13.09962589,52.99744661],[13.10111111,52.99746271],[13.10259633,52.99744661]]],"type":"Polygon"},"properties":{"upper_limit_alt_ref":"MSL","upper_limit_altitude":3000.0,"lower_limit_altitude":0.0,"lower_limit_alt_ref":"AGL","legal_ref":"§ 17, Abs. 1 LuftVO","generated_name_EN":"Meseberg","lower_limit_unit":"m","type_code_detail":"RESTRICTED","external_reference":"9924","name":["Meseberg"],"upper_limit_unit":"ft","generated_name_DE":"Meseberg","type_code":"FLUGBESCHRAENKUNGSGEBIET"}},{"type":"Feature","geometry":{"coordinates":[[[9.81833333,50.03333333],[9.83111111,50.03333333],[9.84388889,50.03333333],[9.85666667,50.03333333],[9.86944444,50.03333333],[9.88222222,50.03333333],[9.895,50.03333333],[9.90777778,50.03333333],[9.92055556,50.03333333],[9.93333333,50.03333333],[9.93333333,50.02502783],[9.93333333,50.01672232],[9.93333333,50.00841679],[9.93333333,50.00011125],[9.93333333,49.9918057],[9.93333333,49.98350014],[9.93333333,49.97519457],[9.93333333,49.96688898],[9.93333333,49.95858339],[9.93333333,49.95027778],[9.92055556,49.95027778],[9.90777778,49.95027778],[9.895,49.95027778],[9.88222222,49.95027778],[9.86944444,49.95027778],[9.85666667,49.95027778],[9.84388889,49.95027778],[9.83111111,49.95027778],[9.81833333,49.95027778],[9.80555556,49.95027778],[9.80555556,49.95858339],[9.80555556,49.96688898],[9.80555556,49.97519457],[9.80555556,49.98350014],[9.80555556,49.9918057],[9.80555556,50.00011125],[9.80555556,50.00841679],[9.80555556,50.01672232],[9.80555556,50.02502783],[9.80555556,50.03333333],[9.81833333,50.03333333]]],"type":"Polygon"},"properties":{"upper_limit_alt_ref":"PA","upper_limit_altitude":100.0,"lower_limit_altitude":0.0,"lower_limit_alt_ref":"AGL","legal_ref":"§ 17, Abs. 1 LuftVO","generated_name_EN":"Hammelburg B","lower_limit_unit":"m","type_code_detail":"RESTRICTED","external_reference":"14707","name":["Hammelburg B"],"upper_limit_unit":"FL","generated_name_DE":"Hammelburg B","type_code":"FLUGBESCHRAENKUNGSGEBIET"}},{"type":"Feature","geometry":{"coordinates":[[[10.51666667,54.41666667],[10.53333333,54.41666667],[10.55,54.41666667],[10.56666667,54.41666667],[10.58333333,54.41666667],[10.6,54.41666667],[10.61666667,54.41666667],[10.63333333,54.41666667],[10.65,54.41666667],[10.66666667,54.41666667],[10.66666667,54.40833339],[10.66666667,54.40000009],[10.66666667,54.39166679],[10.66666667,54.38333347],[10.66666667,54.37500014],[10.66666667,54.36666681],[10.66666667,54.35833345],[10.66666667,54.35000009],[10.66666667,54.34166672],[10.66666667,54.33333333],[10.65666667,54.33333333],[10.64666667,54.33333333],[10.63666667,54.33333333],[10.62666667,54.33333333],[10.61666667,54.33333333],[10.60666667,54.33333333],[10.59666667,54.33333333],[10.58666667,54.33333333],[10.57666667,54.33333333],[10.56666667,54.33333333],[10.56000607,54.33750167],[10.55334412,54.34166963],[10.54668083,54.34583723],[10.54001619,54.35000445],[10.5333502,54.35417131],[10.52668286,54.35833779],[10.52001417,54.3625039],[10.51334413,54.36666964],[10.50667274,54.370835],[10.5,54.375],[10.5,54.37916668],[10.5,54.38333336],[10.5,54.38750003],[10.5,54.3916667],[10.5,54.39583337],[10.5,54.40000003],[10.5,54.4041667],[10.5,54.40833336],[10.5,54.41250001],[10.5,54.41666667],[10.51666667,54.41666667]]],"type":"Polygon"},"properties":{"upper_limit_alt_ref":"MSL","upper_limit_altitude":3000.0,"lower_limit_altitude":0.0,"lower_limit_alt_ref":"AGL","legal_ref":"§ 17, Abs. 1 LuftVO","generated_name_EN":"Todendorf-Putlos E","lower_limit_unit":"m","type_code_detail":"RESTRICTED","external_reference":"6445","name":["Todendorf-Putlos E"],"upper_limit_unit":"ft","generated_name_DE":"Todendorf-Putlos E","type_code":"FLUGBESCHRAENKUNGSGEBIET"}},{"type":"Feature","geometry":{"coordinates":[[[11.47000624,52.51166715],[11.47334442,52.50250087],[11.47668122,52.49333447],[11.48001663,52.48416797],[11.48335065,52.47500135],[11.48668329,52.46583463],[11.49001454,52.4566678],[11.49334441,52.44750087],[11.49667289,52.43833382],[11.5,52.42916667],[11.49220176,52.41625243],[11.48440807,52.40333766],[11.47661893,52.39042234],[11.46883434,52.37750649],[11.46105429,52.36459009],[11.45327878,52.35167315],[11.4455078,52.33875567],[11.43774134,52.32583765],[11.42997941,52.31291909],[11.422222,52.3],[11.42664654,52.32208446],[11.43107548,52.34416866],[11.43550884,52.36625262],[11.43994663,52.38833633],[11.44438884,52.41041979],[11.4488355,52.432503],[11.4532866,52.45458596],[11.45774216,52.47666867],[11.46220218,52.49875113],[11.46666667,52.52083333],[11.47000624,52.51166715]]],"type":"Polygon"},"properties":{"upper_limit_alt_ref":"PA","upper_limit_altitude":100.0,"lower_limit_altitude":0.0,"lower_limit_alt_ref":"AGL","legal_ref":"§ 17, Abs. 1 LuftVO","generated_name_EN":"Altmark B","lower_limit_unit":"m","type_code_detail":"RESTRICTED","external_reference":"14349","name":["Altmark B"],"upper_limit_unit":"FL","generated_name_DE":"Altmark B","type_code":"FLUGBESCHRAENKUNGSGEBIET"}},{"type":"Feature","geometry":{"coordinates":[[[8.905,48.20833333],[8.91,48.20833333],[8.915,48.20833333],[8.92,48.20833333],[8.925,48.20833333],[8.93,48.20833333],[8.935,48.20833333],[8.94,48.20833333],[8.945,48.20833333],[8.95,48.20833333],[8.95,48.19916677],[8.95,48.19000018],[8.95,48.18083359],[8.95,48.17166698],[8.95,48.16250035],[8.95,48.15333371],[8.95,48.14416705],[8.95,48.13500038],[8.95,48.1258337],[8.95,48.116667],[8.965,48.116667],[8.98,48.116667],[8.995,48.116667],[9.01,48.116667],[9.025,48.116667],[9.04,48.116667],[9.055,48.116667],[9.07,48.116667],[9.085,48.116667],[9.1,48.116667],[9.1,48.11333361],[9.1,48.11000022],[9.1,48.10666682],[9.1,48.10333342],[9.1,48.10000002],[9.1,48.09666662],[9.1,48.09333322],[9.1,48.08999982],[9.1,48.08666641],[9.1,48.083333],[9.08,48.083333],[9.06,48.083333],[9.04,48.083333],[9.02,48.083333],[9,48.083333],[8.98,48.083333],[8.96,48.083333],[8.94,48.083333],[8.92,48.083333],[8.9,48.083333],[8.9,48.09583316],[8.9,48.10833329],[8.9,48.12083339],[8.9,48.13333346],[8.9,48.14583351],[8.9,48.15833353],[8.9,48.17083352],[8.9,48.18333348],[8.9,48.19583342],[8.9,48.20833333],[8.905,48.20833333]]],"type":"Polygon"},"properties":{"upper_limit_alt_ref":"MSL","upper_limit_altitude":18000.0,"lower_limit_altitude":0.0,"lower_limit_alt_ref":"AGL","legal_ref":"§ 17, Abs. 1 LuftVO","generated_name_EN":"Heuberg B","lower_limit_unit":"m","type_code_detail":"RESTRICTED","external_reference":"1941","name":["Heuberg B"],"upper_limit_unit":"ft","generated_name_DE":"Heuberg B","type_code":"FLUGBESCHRAENKUNGSGEBIET"}},{"type":"Feature","geometry":{"coordinates":[[[8.43941528,49.26745888],[8.44076894,49.26736974],[8.44211046,49.26722162],[8.44343386,49.26701517],[8.44473322,49.26675133],[8.44600273,49.26643126],[8.44723672,49.26605641],[8.44842968,49.26562845],[8.44957627,49.26514928],[8.45067137,49.26462105],[8.45171009,49.26404613],[8.45268779,49.26342708],[8.45360011,49.26276666],[8.45444296,49.26206783],[8.45521258,49.26133371],[8.45590555,49.26056759],[8.45651876,49.25977288],[8.45704948,49.25895313],[8.45749535,49.25811201],[8.45785437,49.25725327],[8.45812495,49.25638076],[8.45830589,49.25549837],[8.45839637,49.25461003],[8.45839601,49.25371972],[8.4583048,49.25283142],[8.45812316,49.25194909],[8.4578519,49.25107667],[8.45749225,49.25021805],[8.45704581,49.24937708],[8.45651458,49.2485575],[8.45590093,49.24776298],[8.45520761,49.24699706],[8.45443773,49.24626317],[8.4535947,49.24556457],[8.45268232,49.24490439],[8.45170464,49.24428557],[8.45066604,49.24371088],[8.44957116,49.24318288],[8.44842487,49.24270393],[8.44723231,49.24227617],[8.44599879,49.2419015],[8.44472982,49.24158159],[8.44343107,49.24131788],[8.44210832,49.24111155],[8.44076749,49.2409635],[8.43941455,49.24087441],[8.43805556,49.24084467],[8.43669656,49.24087441],[8.43534362,49.2409635],[8.43400279,49.24111155],[8.43268005,49.24131788],[8.43138129,49.24158159],[8.43011232,49.2419015],[8.4288788,49.24227617],[8.42768624,49.24270393],[8.42653996,49.24318288],[8.42544507,49.24371088],[8.42440647,49.24428557],[8.42342879,49.24490439],[8.42251641,49.24556457],[8.42167339,49.24626317],[8.4209035,49.24699706],[8.42021018,49.24776298],[8.41959653,49.2485575],[8.4190653,49.24937708],[8.41861886,49.25021805],[8.41825921,49.25107667],[8.41798795,49.25194909],[8.41780631,49.25283142],[8.41771511,49.25371972],[8.41771474,49.25461003],[8.41780522,49.25549837],[8.41798616,49.25638076],[8.41825674,49.25725327],[8.41861576,49.25811201],[8.41906163,49.25895313],[8.41959235,49.25977288],[8.42020556,49.26056759],[8.42089853,49.26133371],[8.42166816,49.26206783],[8.42251101,49.26276666],[8.42342332,49.26342708],[8.42440102,49.26404613],[8.42543974,49.26462105],[8.42653485,49.26514928],[8.42768144,49.26562845],[8.42887439,49.26605641],[8.43010838,49.26643126],[8.4313779,49.26675133],[8.43267726,49.26701517],[8.43400065,49.26722162],[8.43534218,49.26736974],[8.43669583,49.26745888],[8.43805556,49.26748864],[8.43941528,49.26745888]]],"type":"Polygon"},"properties":{"upper_limit_alt_ref":"MSL","upper_limit_altitude":2300.0,"lower_limit_altitude":0.0,"lower_limit_alt_ref":"AGL","legal_ref":"§ 17, Abs. 1 LuftVO","generated_name_EN":"Philippsburg","lower_limit_unit":"m","type_code_detail":"RESTRICTED","external_reference":"3975","name":["Philippsburg"],"upper_limit_unit":"ft","generated_name_DE":"Philippsburg","type_code":"FLUGBESCHRAENKUNGSGEBIET"}},{"type":"Feature","geometry":{"coordinates":[[[11.10250104,53.46000095],[11.1077798,53.45889067],[11.11305829,53.45778015],[11.11833651,53.4566694],[11.12361444,53.45555842],[11.12889211,53.4544472],[11.13416949,53.45333575],[11.1394466,53.45222407],[11.14472344,53.45111215],[11.15,53.45],[11.14861061,53.44833337],[11.14722133,53.44666673],[11.14583216,53.44500007],[11.1444431,53.4433334],[11.14305414,53.44166671],[11.1416653,53.44],[11.14027656,53.43833327],[11.13888793,53.43666653],[11.13749941,53.43499977],[11.136111,53.433333],[11.13083444,53.43444515],[11.1255576,53.43555707],[11.12028049,53.43666875],[11.1150031,53.4377802],[11.10972544,53.43889142],[11.1044475,53.4400024],[11.09916929,53.44111315],[11.0938908,53.44222367],[11.08861204,53.44333395],[11.083333,53.444444],[11.08472141,53.44611077],[11.08610993,53.44777753],[11.08749856,53.44944427],[11.0888873,53.451111],[11.09027614,53.45277771],[11.09166509,53.4544444],[11.09305416,53.45611107],[11.09444333,53.45777773],[11.09583261,53.45944437],[11.097222,53.461111],[11.10250104,53.46000095]]],"type":"Polygon"},"properties":{"upper_limit_alt_ref":"MSL","upper_limit_altitude":2700.0,"lower_limit_altitude":0.0,"lower_limit_alt_ref":"AGL","legal_ref":"§ 17, Abs. 1 LuftVO","generated_name_EN":"Hagenow","lower_limit_unit":"m","type_code_detail":"RESTRICTED","external_reference":"623","name":["Hagenow"],"upper_limit_unit":"ft","generated_name_DE":"Hagenow","type_code":"FLUGBESCHRAENKUNGSGEBIET"}},{"type":"Feature","geometry":{"coordinates":[[[14.16102767,53.69755865],[14.17011092,53.69761662],[14.17919419,53.6976739],[14.18827749,53.69773049],[14.19736081,53.69778639],[14.20644416,53.6978416],[14.21552753,53.69789612],[14.22461092,53.69794995],[14.23369434,53.6980031],[14.24277778,53.69805556],[14.24205396,53.68772232],[14.24133051,53.67738907],[14.2406074,53.66705579],[14.23988465,53.65672249],[14.23916225,53.64638917],[14.23844021,53.63605582],[14.23771852,53.62572246],[14.23699718,53.61538907],[14.23627619,53.60505566],[14.23555556,53.59472222],[14.21990283,53.59056477],[14.20425318,53.58640527],[14.18860661,53.58224372],[14.1729631,53.57808012],[14.15732268,53.57391448],[14.14168532,53.56974679],[14.12605104,53.56557705],[14.11041984,53.56140526],[14.09479172,53.55723143],[14.07916667,53.55305556],[14.0765,53.55305556],[14.07383333,53.55305556],[14.07116667,53.55305556],[14.0685,53.55305556],[14.06583333,53.55305556],[14.06238885,53.55300045],[14.05894437,53.55294524],[14.05549991,53.55288993],[14.05205545,53.55283452],[14.048611,53.55277902],[14.04516656,53.55272341],[14.04172213,53.55266771],[14.03827771,53.5526119],[14.03483329,53.552556],[14.03138889,53.5525],[14.02811287,53.55502819],[14.02483646,53.55755628],[14.02155966,53.56008429],[14.01828247,53.5626122],[14.01500489,53.56514003],[14.01172691,53.56766776],[14.00844855,53.5701954],[14.00516979,53.57272295],[14.00189065,53.57525041],[13.99861111,53.57777778],[13.99944423,53.57930558],[14.00027742,53.58083337],[14.00111066,53.58236116],[14.00194396,53.58388894],[14.00277733,53.58541671],[14.00361075,53.58694448],[14.00444423,53.58847224],[14.00527778,53.59],[14.00896681,53.59688944],[14.01265705,53.60377875],[14.01634848,53.61066795],[14.02004112,53.61755702],[14.02373496,53.62444597],[14.02743,53.6313348],[14.03112625,53.6382235],[14.0348237,53.64511209],[14.03852236,53.65200055],[14.04222222,53.65888889],[14.05318541,53.66275453],[14.06415061,53.66661917],[14.07511782,53.6704828],[14.08608703,53.67434542],[14.09705825,53.67820704],[14.10803147,53.68206765],[14.11900671,53.68592725],[14.12998394,53.68978584],[14.14096319,53.69364343],[14.15194444,53.6975],[14.16102767,53.69755865]]],"type":"Polygon"},"properties":{"upper_limit_alt_ref":"MSL","upper_limit_altitude":16500.0,"lower_limit_altitude":0.0,"lower_limit_alt_ref":"AGL","legal_ref":"§ 17, Abs. 1 LuftVO","generated_name_EN":"Jaegerbrueck","lower_limit_unit":"m","type_code_detail":"RESTRICTED","external_reference":"650","name":["Jaegerbrueck"],"upper_limit_unit":"ft","generated_name_DE":"Jaegerbrueck","type_code":"FLUGBESCHRAENKUNGSGEBIET"}},{"type":"Feature","geometry":{"coordinates":[[[10.17506372,54.73431829],[10.19344657,54.71863375],[10.21181524,54.70294638],[10.23016973,54.68725619],[10.24851006,54.67156318],[10.26683626,54.65586736],[10.28514834,54.64016873],[10.30344631,54.62446729],[10.32173019,54.60876304],[10.34,54.593056],[10.35871453,54.58818012],[10.37742458,54.58330134],[10.39613017,54.57841967],[10.41483128,54.57353511],[10.43352792,54.56864765],[10.45222009,54.5637573],[10.47090778,54.55886405],[10.489591,54.55396792],[10.50826974,54.54906891],[10.526944,54.544167],[10.51590559,54.53975484],[10.50486956,54.53534167],[10.49383591,54.53092749],[10.48280464,54.52651231],[10.47177575,54.52209611],[10.46074924,54.5176789],[10.44972511,54.51326069],[10.43870336,54.50884147],[10.42768399,54.50442124],[10.416667,54.5],[10.4033312,54.49917328],[10.38999593,54.4983451],[10.37666121,54.49751544],[10.36332703,54.49668431],[10.34999339,54.49585171],[10.33666029,54.49501764],[10.32332773,54.49418211],[10.30999572,54.4933451],[10.29666425,54.49250662],[10.28333333,54.49166667],[10.26835803,54.49917511],[10.25337724,54.50668168],[10.23839096,54.51418639],[10.22339918,54.52168923],[10.2084019,54.5291902],[10.19339913,54.5366893],[10.17839085,54.54418654],[10.16337708,54.5516819],[10.14835779,54.55917539],[10.133333,54.566667],[10.133333,54.5783337],[10.133333,54.59000038],[10.133333,54.60166704],[10.133333,54.61333367],[10.133333,54.62500028],[10.133333,54.63666687],[10.133333,54.64833344],[10.133333,54.65999998],[10.133333,54.6716665],[10.133333,54.683333],[10.13083442,54.68583327],[10.12833553,54.68833349],[10.12583633,54.69083365],[10.12333682,54.69333376],[10.12083701,54.69583382],[10.11833689,54.69833383],[10.11583646,54.70083379],[10.11333573,54.70333369],[10.11083468,54.70583354],[10.10833333,54.70833333],[10.11316221,54.71250088],[10.11799207,54.71666823],[10.12282292,54.72083539],[10.12765477,54.72500235],[10.1324876,54.72916911],[10.13732143,54.73333568],[10.14215625,54.73750205],[10.14699206,54.74166823],[10.15182887,54.74583421],[10.15666667,54.75],[10.17506372,54.73431829]]],"type":"Polygon"},"properties":{"upper_limit_alt_ref":"MSL","upper_limit_altitude":48000.0,"lower_limit_altitude":0.0,"lower_limit_alt_ref":"AGL","legal_ref":"§ 17, Abs. 1 LuftVO","generated_name_EN":"Ostsee B","lower_limit_unit":"m","type_code_detail":"RESTRICTED","external_reference":"2009","name":["Ostsee B"],"upper_limit_unit":"ft","generated_name_DE":"Ostsee B","type_code":"FLUGBESCHRAENKUNGSGEBIET"}},{"type":"Feature","geometry":{"coordinates":[[[10.2124977,50.76916767],[10.21666285,50.7716682],[10.22082844,50.77416857],[10.22499447,50.7766688],[10.22916095,50.77916887],[10.23332787,50.7816688],[10.23749523,50.78416857],[10.24166305,50.7866682],[10.2458313,50.78916767],[10.25,50.791667],[10.25416803,50.79000097],[10.25833577,50.78833479],[10.26250321,50.78666847],[10.26667036,50.78500199],[10.2708372,50.78333537],[10.27500376,50.78166859],[10.27917001,50.78000167],[10.28333597,50.77833459],[10.28750163,50.77666737],[10.291667,50.775],[10.28499604,50.77166842],[10.27832602,50.76833646],[10.27165695,50.76500412],[10.26498883,50.7616714],[10.25832166,50.75833829],[10.25165543,50.7550048],[10.24499016,50.75167092],[10.23832582,50.74833666],[10.23166244,50.74500202],[10.225,50.741667],[10.2233341,50.74416711],[10.22166802,50.7466672],[10.22000176,50.74916726],[10.21833533,50.7516673],[10.21666872,50.75416731],[10.21500193,50.7566673],[10.21333496,50.75916726],[10.21166782,50.7616672],[10.2100005,50.76416711],[10.208333,50.766667],[10.2124977,50.76916767]]],"type":"Polygon"},"properties":{"upper_limit_alt_ref":"MSL","upper_limit_altitude":2800.0,"lower_limit_altitude":0.0,"lower_limit_alt_ref":"AGL","legal_ref":"§ 17, Abs. 1 LuftVO","generated_name_EN":"Bad Salzungen","lower_limit_unit":"m","type_code_detail":"RESTRICTED","external_reference":"657","name":["Bad Salzungen"],"upper_limit_unit":"ft","generated_name_DE":"Bad Salzungen","type_code":"FLUGBESCHRAENKUNGSGEBIET"}},{"type":"Feature","geometry":{"coordinates":[[[10.90583206,51.38444575],[10.91166441,51.38555788],[10.91749703,51.38666972],[10.92332994,51.38778126],[10.92916313,51.38889252],[10.93499661,51.39000349],[10.94083037,51.39111416],[10.94666441,51.39222455],[10.95249873,51.39333464],[10.95833333,51.39444444],[10.95936159,51.3920556],[10.96038974,51.38966675],[10.96141779,51.38727788],[10.96244573,51.38488901],[10.96347356,51.38250012],[10.96450128,51.38011123],[10.9655289,51.37772233],[10.96655641,51.37533341],[10.96758381,51.37294449],[10.96861111,51.37055556],[10.96174959,51.37025181],[10.95488816,51.36994766],[10.94802682,51.36964311],[10.94116557,51.36933815],[10.93430441,51.3690328],[10.92744335,51.36872704],[10.92058237,51.36842089],[10.91372149,51.36811433],[10.9068607,51.36780736],[10.9,51.3675],[10.9,51.36925926],[10.9,51.37101852],[10.9,51.37277778],[10.9,51.37453704],[10.9,51.3762963],[10.9,51.37805556],[10.9,51.37981482],[10.9,51.38157408],[10.9,51.38333333],[10.90583206,51.38444575]]],"type":"Polygon"},"properties":{"upper_limit_alt_ref":"MSL","upper_limit_altitude":2600.0,"lower_limit_altitude":0.0,"lower_limit_alt_ref":"AGL","legal_ref":"§ 17, Abs. 1 LuftVO","generated_name_EN":"Sondershausen","lower_limit_unit":"m","type_code_detail":"RESTRICTED","external_reference":"628","name":["Sondershausen"],"upper_limit_unit":"ft","generated_name_DE":"Sondershausen","type_code":"FLUGBESCHRAENKUNGSGEBIET"}},{"type":"Feature","geometry":{"coordinates":[[[11.77128146,48.85408976],[11.80088928,48.84817192],[11.83049012,48.84224646],[11.86008397,48.83631341],[11.88967082,48.83037275],[11.91925068,48.82442449],[11.94882353,48.81846864],[11.97838937,48.8125052],[12.0079482,48.80653417],[12.0375,48.80055556],[12.03241073,48.79402882],[12.02732279,48.78750185],[12.02223616,48.78097466],[12.01715085,48.77444722],[12.01206686,48.76791956],[12.00698419,48.76139167],[12.00190283,48.75486354],[11.9968228,48.74833519],[11.99174407,48.7418066],[11.98666667,48.73527778],[11.96487304,48.73121299],[11.94308293,48.72714407],[11.92129634,48.72307104],[11.89951327,48.71899388],[11.87773372,48.7149126],[11.85595769,48.7108272],[11.83418519,48.70673769],[11.81241623,48.70264405],[11.79065079,48.69854631],[11.76888889,48.69444444],[11.76345475,48.7050568],[11.75801833,48.71566888],[11.75257962,48.72628068],[11.74713861,48.73689221],[11.74169532,48.74750346],[11.73624974,48.75811443],[11.73080186,48.76872513],[11.72535169,48.77933555],[11.71989922,48.78994569],[11.71444444,48.80055556],[11.71716377,48.80650032],[11.71988374,48.81244501],[11.72260435,48.81838963],[11.72532561,48.82433418],[11.7280475,48.83027866],[11.73077005,48.83622307],[11.73349324,48.84216741],[11.73621707,48.84811167],[11.73894154,48.85405587],[11.74166667,48.86],[11.77128146,48.85408976]]],"type":"Polygon"},"properties":{"upper_limit_alt_ref":"PA","upper_limit_altitude":100.0,"lower_limit_altitude":0.0,"lower_limit_alt_ref":"AGL","legal_ref":"§ 17, Abs. 1 LuftVO","generated_name_EN":"Siegenburg A","lower_limit_unit":"m","type_code_detail":"RESTRICTED","external_reference":"453","name":["Siegenburg A"],"upper_limit_unit":"FL","generated_name_DE":"Siegenburg A","type_code":"FLUGBESCHRAENKUNGSGEBIET"}},{"type":"Feature","geometry":{"coordinates":[[[10.74501044,50.87695286],[10.75946265,50.87334792],[10.77391263,50.8697412],[10.78836038,50.86613268],[10.80280589,50.86252237],[10.81724918,50.85891028],[10.83169023,50.85529639],[10.84612906,50.85168071],[10.86056564,50.84806325],[10.875,50.844444],[10.87166438,50.84083334],[10.86832928,50.83722258],[10.8649947,50.83361172],[10.86166063,50.83000077],[10.85832707,50.82638972],[10.85499403,50.82277857],[10.8516615,50.81916732],[10.84832949,50.81555598],[10.84499799,50.81194454],[10.841667,50.808333],[10.83583407,50.80875101],[10.83000103,50.80916873],[10.82416789,50.80958616],[10.81833465,50.8100033],[10.8125013,50.81042015],[10.80666785,50.8108367],[10.80083429,50.81125296],[10.79500063,50.81166893],[10.78916687,50.81208461],[10.783333,50.8125],[10.77722728,50.81708476],[10.77112037,50.82166919],[10.76501227,50.8262533],[10.75890296,50.83083708],[10.75279246,50.83542055],[10.74668077,50.84000368],[10.74056787,50.8445865],[10.73445378,50.84916899],[10.72833849,50.85375116],[10.722222,50.858333],[10.72305504,50.86055533],[10.72388817,50.86277765],[10.72472137,50.86499997],[10.72555465,50.86722228],[10.72638801,50.86944459],[10.72722145,50.87166688],[10.72805497,50.87388917],[10.72888857,50.87611145],[10.72972224,50.87833373],[10.730556,50.880556],[10.74501044,50.87695286]]],"type":"Polygon"},"properties":{"upper_limit_alt_ref":"MSL","upper_limit_altitude":13500.0,"lower_limit_altitude":0.0,"lower_limit_alt_ref":"AGL","legal_ref":"§ 17, Abs. 1 LuftVO","generated_name_EN":"Ohrdruf A","lower_limit_unit":"m","type_code_detail":"RESTRICTED","external_reference":"1636","name":["Ohrdruf A"],"upper_limit_unit":"ft","generated_name_DE":"Ohrdruf A","type_code":"FLUGBESCHRAENKUNGSGEBIET"}},{"type":"Feature","geometry":{"coordinates":[[[12.69202779,52.29167444],[12.70627781,52.29168049],[12.72052784,52.29168482],[12.73477786,52.29168743],[12.74902789,52.29168832],[12.76327792,52.2916875],[12.77752794,52.29168495],[12.79177796,52.29168069],[12.80602798,52.2916747],[12.820278,52.291667],[12.8222575,52.29045174],[12.8242369,52.28923645],[12.82621619,52.28802113],[12.82819537,52.28680577],[12.83017444,52.28559038],[12.8321534,52.28437495],[12.83413225,52.28315949],[12.836111,52.281944],[12.836111,52.27597183],[12.836111,52.26999965],[12.836111,52.26402746],[12.836111,52.25805527],[12.836111,52.25208308],[12.836111,52.24611087],[12.836111,52.24013866],[12.836111,52.23416645],[12.836111,52.22819423],[12.836111,52.222222],[12.83361044,52.22111114],[12.83111,52.22000023],[12.82860969,52.21888926],[12.8261095,52.21777824],[12.82360944,52.21666716],[12.8211095,52.21555604],[12.81860969,52.21444486],[12.81611,52.21333363],[12.81361044,52.21222234],[12.811111,52.211111],[12.806111,52.211111],[12.801111,52.211111],[12.796111,52.211111],[12.791111,52.211111],[12.786111,52.211111],[12.781111,52.211111],[12.776111,52.211111],[12.771111,52.211111],[12.766111,52.211111],[12.761111,52.211111],[12.75444748,52.2134738],[12.74778326,52.21583622],[12.74111832,52.21819826],[12.73445269,52.22055993],[12.72778634,52.22292122],[12.72111929,52.22528213],[12.71445153,52.22764266],[12.70778306,52.23000282],[12.70111388,52.2323626],[12.694444,52.234722],[12.6927793,52.2404166],[12.69111417,52.24611117],[12.68944862,52.25180571],[12.68778263,52.25750022],[12.68611623,52.2631947],[12.68444939,52.26888915],[12.68278213,52.27458357],[12.68111444,52.28027797],[12.67944632,52.28597233],[12.67777778,52.29166667],[12.69202779,52.29167444]]],"type":"Polygon"},"properties":{"upper_limit_alt_ref":"MSL","upper_limit_altitude":3500.0,"lower_limit_altitude":0.0,"lower_limit_alt_ref":"AGL","legal_ref":"§ 17, Abs. 1 LuftVO","generated_name_EN":"Lehnin","lower_limit_unit":"m","type_code_detail":"RESTRICTED","external_reference":"631","name":["Lehnin"],"upper_limit_unit":"ft","generated_name_DE":"Lehnin","type_code":"FLUGBESCHRAENKUNGSGEBIET"}},{"type":"Feature","geometry":{"coordinates":[[[9.76737022,54.49810631],[9.76889183,54.49797279],[9.77038302,54.49775173],[9.77182896,54.49744534],[9.77321529,54.49705665],[9.7745282,54.49658953],[9.77575465,54.49604863],[9.77688246,54.49543933],[9.7779004,54.49476769],[9.77879836,54.49404037],[9.77956742,54.49326462],[9.78019995,54.49244815],[9.78068967,54.49159907],[9.7810317,54.49072582],[9.78122268,54.48983709],[9.78126069,54.4889417],[9.78114539,54.48804856],[9.78087792,54.48716653],[9.78046096,54.4863044],[9.77989864,54.48547072],[9.77919658,54.48467377],[9.77836175,54.48392148],[9.77740246,54.48322132],[9.77632824,54.48258024],[9.77514976,54.48200462],[9.77387874,54.48150017],[9.77252781,54.4810719],[9.77111038,54.48072406],[9.76964054,54.48046011],[9.76813289,54.48028268],[9.7666024,54.48019352],[9.76506427,54.48019352],[9.76353378,54.48028268],[9.76202612,54.48046011],[9.76055628,54.48072406],[9.75913886,54.4810719],[9.75778792,54.48150017],[9.7565169,54.48200462],[9.75533843,54.48258024],[9.75426421,54.48322132],[9.75330491,54.48392148],[9.75247008,54.48467377],[9.75176802,54.48547072],[9.75120571,54.4863044],[9.75078874,54.48716653],[9.75052127,54.48804856],[9.75040597,54.4889417],[9.75044399,54.48983709],[9.75063496,54.49072582],[9.750977,54.49159907],[9.75146671,54.49244815],[9.75209924,54.49326462],[9.75286831,54.49404037],[9.75376627,54.49476769],[9.75478421,54.49543933],[9.75591201,54.49604863],[9.75713847,54.49658953],[9.75845138,54.49705665],[9.7598377,54.49744534],[9.76128365,54.49775173],[9.76277484,54.49797279],[9.76429644,54.49810631],[9.76583333,54.49815097],[9.76737022,54.49810631]]],"type":"Polygon"},"properties":{"upper_limit_alt_ref":"MSL","upper_limit_altitude":1000.0,"lower_limit_altitude":0.0,"lower_limit_alt_ref":"AGL","legal_ref":"§ 17, Abs. 1 LuftVO","generated_name_EN":"Christianshoeh","lower_limit_unit":"m","type_code_detail":"RESTRICTED","external_reference":"14703","name":["Christianshoeh"],"upper_limit_unit":"ft","generated_name_DE":"Christianshoeh","type_code":"FLUGBESCHRAENKUNGSGEBIET"}},{"type":"Feature","geometry":{"coordinates":[[[11.72834424,49.36167232],[11.74001911,49.35667646],[11.75169162,49.35167941],[11.76336177,49.34668118],[11.77502955,49.34168177],[11.78669497,49.33668118],[11.79835802,49.33167941],[11.81001871,49.32667645],[11.82167704,49.32167232],[11.833333,49.316667],[11.84500678,49.31333891],[11.85667899,49.31000964],[11.86834962,49.30667919],[11.88001868,49.30334756],[11.89168617,49.30001475],[11.90335209,49.29668076],[11.91501643,49.29334559],[11.92667919,49.29000924],[11.93834038,49.28667171],[11.95,49.283333],[11.95833835,49.28000241],[11.96667558,49.27667122],[11.97501169,49.27333943],[11.98334667,49.27000704],[11.99168053,49.26667404],[12.00001327,49.26334043],[12.00834489,49.26000623],[12.01667538,49.25667142],[12.02500475,49.25333601],[12.033333,49.25],[12.03166489,49.24500013],[12.02999711,49.24000023],[12.02832967,49.2350003],[12.02666256,49.23000034],[12.0249958,49.22500035],[12.02332936,49.22000034],[12.02166327,49.2150003],[12.01999751,49.21000023],[12.01833209,49.20500013],[12.016667,49.2],[12.01166398,49.19666768],[12.00666163,49.19333515],[12.00165995,49.19000239],[11.99665894,49.18666942],[11.9916586,49.18333623],[11.98665894,49.18000282],[11.98165995,49.17666919],[11.97666163,49.17333535],[11.97166398,49.17000128],[11.966667,49.166667],[11.94501341,49.17001859],[11.92335691,49.17336613],[11.90169748,49.17670959],[11.88003514,49.180049],[11.85836988,49.18338433],[11.83670172,49.1867156],[11.81503064,49.19004281],[11.79335666,49.19336594],[11.77167978,49.19668501],[11.75,49.2],[11.74388889,49.2],[11.73777778,49.2],[11.73166667,49.2],[11.72555556,49.2],[11.71944444,49.2],[11.71333333,49.2],[11.70722222,49.2],[11.70111111,49.2],[11.695,49.2],[11.68888889,49.2],[11.68400444,49.20500095],[11.679119,49.21000169],[11.67423258,49.21500222],[11.66934517,49.22000253],[11.66445678,49.22500264],[11.6595674,49.23000254],[11.65467703,49.23500222],[11.64978567,49.24000169],[11.64489333,49.24500095],[11.64,49.25],[11.6393337,49.25333333],[11.63866732,49.25666665],[11.63800084,49.25999996],[11.63733428,49.26333327],[11.63666762,49.26666657],[11.63600088,49.26999987],[11.63533404,49.27333316],[11.63466712,49.27666645],[11.6340001,49.27999973],[11.633333,49.283333],[11.63666337,49.28833345],[11.6399944,49.2933338],[11.64332612,49.29833405],[11.64665851,49.30333421],[11.64999157,49.30833426],[11.6533253,49.31333421],[11.65665971,49.31833406],[11.6599948,49.3233338],[11.66333056,49.32833345],[11.666667,49.333333],[11.67166396,49.33666738],[11.6766616,49.34000155],[11.68165991,49.34333549],[11.68665889,49.34666922],[11.69165855,49.35000273],[11.69665889,49.35333602],[11.7016599,49.35666909],[11.70666159,49.36000195],[11.71166396,49.36333458],[11.716667,49.366667],[11.72834424,49.36167232]]],"type":"Polygon"},"properties":{"upper_limit_alt_ref":"PA","upper_limit_altitude":75.0,"lower_limit_altitude":0.0,"lower_limit_alt_ref":"AGL","legal_ref":"§ 17, Abs. 1 LuftVO","generated_name_EN":"Hohenfels B","lower_limit_unit":"m","type_code_detail":"RESTRICTED","external_reference":"483","name":["Hohenfels B"],"upper_limit_unit":"FL","generated_name_DE":"Hohenfels B","type_code":"FLUGBESCHRAENKUNGSGEBIET"}},{"type":"Feature","geometry":{"coordinates":[[[12.29744444,52.12822222],[12.29738888,52.12672222],[12.29733332,52.12522222],[12.29727777,52.12372222],[12.29722222,52.12222222],[12.29402599,52.11944484],[12.29083016,52.11666737],[12.28763472,52.11388981],[12.28443968,52.11111217],[12.28124504,52.10833443],[12.27805079,52.10555661],[12.27485694,52.1027787],[12.27166349,52.1000007],[12.26847044,52.09722262],[12.26527778,52.09444444],[12.26125045,52.09500062],[12.25722302,52.09555666],[12.2531955,52.09611256],[12.24916787,52.09666832],[12.24514014,52.09722394],[12.24111231,52.09777943],[12.23708438,52.09833478],[12.23305636,52.09888999],[12.22902823,52.09944506],[12.225,52.1],[12.22047336,52.10125078],[12.21594647,52.10250139],[12.21141933,52.10375183],[12.20689193,52.10500209],[12.20236428,52.10625218],[12.19783637,52.10750209],[12.19330821,52.10875183],[12.1887798,52.11000139],[12.18425114,52.11125078],[12.17972222,52.1125],[12.19149591,52.11422752],[12.20327051,52.11595386],[12.21504602,52.11767902],[12.22682244,52.11940301],[12.23859976,52.12112582],[12.250378,52.12284746],[12.26215714,52.12456791],[12.27393719,52.12628719],[12.28571814,52.1280053],[12.2975,52.12972222],[12.29744444,52.12822222]]],"type":"Polygon"},"properties":{"upper_limit_alt_ref":"MSL","upper_limit_altitude":18000.0,"lower_limit_altitude":0.0,"lower_limit_alt_ref":"AGL","legal_ref":"§ 17, Abs. 1 LuftVO","generated_name_EN":"Altengrabow D","lower_limit_unit":"m","type_code_detail":"RESTRICTED","external_reference":"15157","name":["Altengrabow D"],"upper_limit_unit":"ft","generated_name_DE":"Altengrabow D","type_code":"FLUGBESCHRAENKUNGSGEBIET"}},{"type":"Feature","geometry":{"coordinates":[[[11.64489333,49.24500095],[11.64978567,49.24000169],[11.65467703,49.23500222],[11.6595674,49.23000254],[11.66445678,49.22500264],[11.66934517,49.22000253],[11.67423258,49.21500222],[11.679119,49.21000169],[11.68400444,49.20500095],[11.68888889,49.2],[11.685,49.2],[11.68111111,49.2],[11.67722222,49.2],[11.67333333,49.2],[11.66944444,49.2],[11.66555556,49.2],[11.66166667,49.2],[11.65777778,49.2],[11.65388889,49.2],[11.65,49.2],[11.64900091,49.20500006],[11.64800161,49.2100001],[11.64700212,49.21500014],[11.64600242,49.22000016],[11.64500252,49.22500016],[11.64400242,49.23000016],[11.64300212,49.23500014],[11.64200161,49.2400001],[11.64100091,49.24500006],[11.64,49.25],[11.64489333,49.24500095]]],"type":"Polygon"},"properties":{"upper_limit_alt_ref":"PA","upper_limit_altitude":75.0,"lower_limit_altitude":0.0,"lower_limit_alt_ref":"AGL","legal_ref":"§ 17, Abs. 1 LuftVO","generated_name_EN":"Hohenfels C","lower_limit_unit":"m","type_code_detail":"RESTRICTED","external_reference":"9740","name":["Hohenfels C"],"upper_limit_unit":"FL","generated_name_DE":"Hohenfels C","type_code":"FLUGBESCHRAENKUNGSGEBIET"}},{"type":"Feature","geometry":{"coordinates":[[[10.70666594,52.61861319],[10.71333205,52.61917],[10.71999833,52.61972644],[10.72666477,52.6202825],[10.73333139,52.62083819],[10.73999818,52.6213935],[10.74666513,52.62194844],[10.75333225,52.622503],[10.75999954,52.62305719],[10.766667,52.623611],[10.76833464,52.62055561],[10.77000206,52.6175002],[10.77166924,52.61444476],[10.77333618,52.6113893],[10.7750029,52.60833381],[10.77666938,52.6052783],[10.77833564,52.60222276],[10.78000166,52.5991672],[10.78166744,52.59611161],[10.783333,52.593056],[10.7817894,52.59172886],[10.7802459,52.5904017],[10.77870249,52.58907452],[10.77715918,52.58774732],[10.77561596,52.58642009],[10.77407283,52.58509285],[10.77252979,52.58376559],[10.77098685,52.5824383],[10.769444,52.581111],[10.76689783,52.581111],[10.76435167,52.581111],[10.7618055,52.581111],[10.75925933,52.581111],[10.75671317,52.581111],[10.754167,52.581111],[10.74778112,52.58341815],[10.74139457,52.58572496],[10.73500734,52.58803143],[10.72861945,52.59033755],[10.72223088,52.59264332],[10.71584165,52.59494875],[10.70945174,52.59725383],[10.70306117,52.59955856],[10.69666992,52.60186296],[10.690278,52.604167],[10.69135792,52.60571026],[10.69243791,52.60725352],[10.69351798,52.60879676],[10.69459813,52.61033999],[10.69567835,52.61188321],[10.69675865,52.61342643],[10.69783902,52.61496963],[10.69891947,52.61651282],[10.7,52.618056],[10.70666594,52.61861319]]],"type":"Polygon"},"properties":{"upper_limit_alt_ref":"MSL","upper_limit_altitude":5000.0,"lower_limit_altitude":0.0,"lower_limit_alt_ref":"AGL","legal_ref":"§ 17, Abs. 1 LuftVO","generated_name_EN":"Ehra-Lessien","lower_limit_unit":"m","type_code_detail":"RESTRICTED","external_reference":"451","name":["Ehra-Lessien"],"upper_limit_unit":"ft","generated_name_DE":"Ehra-Lessien","type_code":"FLUGBESCHRAENKUNGSGEBIET"}},{"type":"Feature","geometry":{"coordinates":[[[9.20456125,53.90578166],[9.20606022,53.90569259],[9.20754575,53.90554458],[9.20901121,53.90533828],[9.21045004,53.90507464],[9.21185582,53.90475481],[9.21322226,53.90438024],[9.21454326,53.9039526],[9.21581291,53.90347379],[9.21702553,53.90294597],[9.21817572,53.90237148],[9.21925832,53.90175289],[9.22026852,53.90109298],[9.22120178,53.90039468],[9.22205396,53.89966113],[9.22282124,53.89889559],[9.22350021,53.89810149],[9.22408783,53.89728238],[9.22458147,53.89644192],[9.22497896,53.89558385],[9.2252785,53.89471202],[9.22547878,53.89383032],[9.2255789,53.89294269],[9.22557842,53.89205309],[9.22547735,53.89116549],[9.22527615,53.89028386],[9.22497573,53.88941214],[9.22457742,53.88855422],[9.22408302,53.88771393],[9.22349474,53.88689502],[9.22281521,53.88610115],[9.22204747,53.88533586],[9.22119494,53.88460256],[9.22026145,53.88390454],[9.21925116,53.88324491],[9.21816859,53.8826266],[9.21701856,53.88205239],[9.21580622,53.88152483],[9.21453698,53.88104628],[9.2132165,53.88061887],[9.21185067,53.88024452],[9.2104456,53.87992488],[9.20900756,53.87966139],[9.20754295,53.87945523],[9.20605832,53.87930731],[9.2045603,53.87921829],[9.20305556,53.87918857],[9.20155082,53.87921829],[9.20005279,53.87930731],[9.19856816,53.87945523],[9.19710355,53.87966139],[9.19566551,53.87992488],[9.19426044,53.88024452],[9.19289461,53.88061887],[9.19157413,53.88104628],[9.19030489,53.88152483],[9.18909255,53.88205239],[9.18794252,53.8826266],[9.18685995,53.88324491],[9.18584966,53.88390454],[9.18491617,53.88460256],[9.18406365,53.88533586],[9.1832959,53.88610115],[9.18261637,53.88689502],[9.18202809,53.88771393],[9.18153369,53.88855422],[9.18113538,53.88941214],[9.18083496,53.89028386],[9.18063376,53.89116549],[9.18053269,53.89205309],[9.18053221,53.89294269],[9.18063233,53.89383032],[9.18083261,53.89471202],[9.18113216,53.89558385],[9.18152964,53.89644192],[9.18202329,53.89728238],[9.1826109,53.89810149],[9.18328987,53.89889559],[9.18405715,53.89966113],[9.18490933,53.90039468],[9.1858426,53.90109298],[9.18685279,53.90175289],[9.1879354,53.90237148],[9.18908558,53.90294597],[9.19029821,53.90347379],[9.19156785,53.9039526],[9.19288885,53.90438024],[9.19425529,53.90475481],[9.19566107,53.90507464],[9.19709991,53.90533828],[9.19856536,53.90554458],[9.2000509,53.90569259],[9.20154986,53.90578166],[9.20305556,53.9058114],[9.20456125,53.90578166]]],"type":"Polygon"},"properties":{"upper_limit_alt_ref":"MSL","upper_limit_altitude":2000.0,"lower_limit_altitude":0.0,"lower_limit_alt_ref":"AGL","legal_ref":"§ 17, Abs. 1 LuftVO","generated_name_EN":"Brunsbuettel","lower_limit_unit":"m","type_code_detail":"RESTRICTED","external_reference":"3967","name":["Brunsbuettel"],"upper_limit_unit":"ft","generated_name_DE":"Brunsbuettel","type_code":"FLUGBESCHRAENKUNGSGEBIET"}},{"type":"Feature","geometry":{"coordinates":[[[9.92569728,54.35494392],[9.92722495,54.3548885],[9.92874738,54.35479622],[9.93026198,54.35466726],[9.93176615,54.35450183],[9.93325731,54.35430021],[9.93473292,54.35406276],[9.93619045,54.35378987],[9.93762741,54.35348202],[9.93904133,54.35313972],[9.94042981,54.35276358],[9.94179046,54.35235422],[9.94312097,54.35191235],[9.94441904,54.35143872],[9.94568247,54.35093416],[9.9469091,54.35039951],[9.94809682,54.34983569],[9.94924361,54.34924368],[9.9503475,54.34862447],[9.95140662,54.34797914],[9.95241915,54.34730877],[9.95338336,54.34661453],[9.95429761,54.3458976],[9.95516034,54.3451592],[9.95597006,54.34440059],[9.95672541,54.34362308],[9.95742509,54.34282799],[9.95806791,54.34201668],[9.95865277,54.34119055],[9.95917869,54.34035099],[9.95964475,54.33949945],[9.96005018,54.33863738],[9.96039427,54.33776626],[9.96067645,54.33688757],[9.96089624,54.33600281],[9.96105327,54.33511351],[9.96114727,54.33422117],[9.96117808,54.33332732],[9.96114566,54.3324335],[9.96105007,54.33154122],[9.96089148,54.33065201],[9.96067015,54.32976739],[9.96038647,54.32888887],[9.96004093,54.32801795],[9.95963413,54.32715612],[9.95916676,54.32630485],[9.95863962,54.32546559],[9.95805362,54.32463978],[9.95740976,54.32382883],[9.95670915,54.32303412],[9.95595298,54.32225701],[9.95514255,54.32149882],[9.95427924,54.32076086],[9.95336453,54.32004437],[9.95239999,54.31935058],[9.95138727,54.31868068],[9.95032808,54.31803581],[9.94922425,54.31741707],[9.94807766,54.31682552],[9.94689027,54.31626216],[9.9456641,54.31572796],[9.94440126,54.31522383],[9.94310388,54.31475062],[9.9417742,54.31430915],[9.94041448,54.31390017],[9.93902704,54.31352438],[9.93761425,54.31318241],[9.93617852,54.31287486],[9.93472229,54.31260224],[9.93324806,54.31236503],[9.93175834,54.31216362],[9.93025567,54.31199836],[9.92874262,54.31186953],[9.92722175,54.31177735],[9.92569568,54.31172198],[9.924167,54.31170351],[9.92263832,54.31172198],[9.92111225,54.31177735],[9.91959138,54.31186953],[9.91807833,54.31199836],[9.91657566,54.31216362],[9.91508594,54.31236503],[9.91361171,54.31260224],[9.91215548,54.31287486],[9.91071975,54.31318241],[9.90930696,54.31352438],[9.90791952,54.31390017],[9.9065598,54.31430915],[9.90523012,54.31475062],[9.90393274,54.31522383],[9.9026699,54.31572796],[9.90144373,54.31626216],[9.90025634,54.31682552],[9.89910975,54.31741707],[9.89800592,54.31803581],[9.89694673,54.31868068],[9.89593401,54.31935058],[9.89496947,54.32004437],[9.89405476,54.32076086],[9.89319145,54.32149882],[9.89238102,54.32225701],[9.89162485,54.32303412],[9.89092424,54.32382883],[9.89028038,54.32463978],[9.88969438,54.32546559],[9.88916724,54.32630485],[9.88869987,54.32715612],[9.88829307,54.32801795],[9.88794753,54.32888887],[9.88766385,54.32976739],[9.88744252,54.33065201],[9.88728393,54.33154122],[9.88718834,54.3324335],[9.88715592,54.33332732],[9.88718673,54.33422117],[9.88728073,54.33511351],[9.88743776,54.33600281],[9.88765755,54.33688757],[9.88793973,54.33776626],[9.88828382,54.33863738],[9.88868925,54.33949945],[9.88915531,54.34035099],[9.88968123,54.34119055],[9.89026609,54.34201668],[9.89090891,54.34282799],[9.89160859,54.34362308],[9.89236394,54.34440059],[9.89317366,54.3451592],[9.89403639,54.3458976],[9.89495064,54.34661453],[9.89591485,54.34730877],[9.89692738,54.34797914],[9.8979865,54.34862447],[9.89909039,54.34924368],[9.90023718,54.34983569],[9.9014249,54.35039951],[9.90265153,54.35093416],[9.90391496,54.35143872],[9.90521303,54.35191235],[9.90654354,54.35235422],[9.90790419,54.35276358],[9.90929267,54.35313972],[9.91070659,54.35348202],[9.91214355,54.35378987],[9.91360108,54.35406276],[9.91507669,54.35430021],[9.91656785,54.35450183],[9.91807202,54.35466726],[9.91958662,54.35479622],[9.92110905,54.3548885],[9.92263672,54.35494392],[9.924167,54.35496241],[9.92569728,54.35494392]]],"type":"Polygon"},"properties":{"upper_limit_alt_ref":"MSL","upper_limit_altitude":1000.0,"lower_limit_altitude":0.0,"lower_limit_alt_ref":"AGL","legal_ref":"§ 17, Abs. 1 LuftVO","generated_name_EN":"Moorkamp","lower_limit_unit":"m","type_code_detail":"RESTRICTED","external_reference":"504","name":["Moorkamp"],"upper_limit_unit":"ft","generated_name_DE":"Moorkamp","type_code":"FLUGBESCHRAENKUNGSGEBIET"}},{"type":"Feature","geometry":{"coordinates":[[[14.76452818,51.41266673],[14.76322293,51.41422234],[14.7619176,51.41577793],[14.76061217,51.41733351],[14.75930666,51.41888908],[14.75800106,51.42044462],[14.75669538,51.42200016],[14.7553896,51.42355568],[14.75408373,51.42511118],[14.75277778,51.42666667],[14.75067935,51.42759274],[14.74858084,51.42851878],[14.74648225,51.42944478],[14.74438356,51.43037075],[14.7422848,51.43129667],[14.74018595,51.43222256],[14.73808701,51.43314841],[14.73598799,51.43407423],[14.73388889,51.435],[14.73005819,51.43850057],[14.72622691,51.44200102],[14.72239504,51.44550134],[14.71856259,51.44900153],[14.71472955,51.45250159],[14.71089592,51.45600153],[14.70706171,51.45950134],[14.70322691,51.46300102],[14.69939153,51.46650057],[14.69555556,51.47],[14.70954728,51.47300752],[14.72354085,51.47601338],[14.73753626,51.47901756],[14.75153351,51.48202007],[14.76553259,51.48502091],[14.77953351,51.48802007],[14.79353627,51.49101757],[14.80754086,51.49401338],[14.82154729,51.49700753],[14.83555556,51.5],[14.836905,51.499575],[14.84074,51.496004],[14.844441,51.495039],[14.845363,51.494203],[14.851311,51.490417],[14.852754,51.489803],[14.859238,51.490762],[14.860943,51.491241],[14.864669,51.491053],[14.865687,51.490718],[14.866971,51.48983],[14.869124,51.486419],[14.871127,51.485244],[14.872732,51.484997],[14.874274,51.485112],[14.876565,51.485674],[14.879015,51.486504],[14.880877,51.48744],[14.883019,51.487823],[14.885079,51.488111],[14.889687,51.487863],[14.890946,51.486291],[14.894886,51.483674],[14.896905,51.482778],[14.899231,51.482333],[14.901725,51.482435],[14.904016,51.482996],[14.907436,51.484317],[14.914615,51.484216],[14.921157,51.48284],[14.924481,51.481604],[14.925893,51.480255],[14.926126,51.478609],[14.925031,51.474784],[14.925447,51.47409],[14.92659,51.473388],[14.933117,51.473612],[14.941162,51.473265],[14.945182,51.472932],[14.949396,51.472005],[14.95097,51.471018],[14.957,51.463933],[14.957269,51.46329],[14.956456,51.461063],[14.956416,51.460104],[14.958465,51.458061],[14.962881,51.454839],[14.964131,51.452947],[14.965687,51.449495],[14.968134,51.446483],[14.973422,51.443206],[14.974338,51.442279],[14.974264,51.438252],[14.973697,51.436893],[14.970848,51.433139],[14.969951,51.43265],[14.968713,51.432802],[14.966994,51.433836],[14.964751,51.434554],[14.962152,51.433542],[14.961032,51.432919],[14.960048,51.431974],[14.960083,51.430967],[14.960918,51.429904],[14.965585,51.427545],[14.96651,51.426848],[14.966983,51.425696],[14.965838,51.424389],[14.965427,51.423203],[14.966331,51.422046],[14.967606,51.419013],[14.96764,51.418006],[14.96691,51.41614],[14.964,51.412663],[14.962299,51.412141],[14.959872,51.411762],[14.95905,51.411365],[14.95888889,51.41111111],[14.93958333,51.41111111],[14.92027778,51.41111111],[14.90097222,51.41111111],[14.88166667,51.41111111],[14.86236111,51.41111111],[14.84305556,51.41111111],[14.82375,51.41111111],[14.80444444,51.41111111],[14.78513889,51.41111111],[14.76583333,51.41111111],[14.76452818,51.41266673]]],"type":"Polygon"},"properties":{"upper_limit_alt_ref":"MSL","upper_limit_altitude":19900.0,"lower_limit_altitude":0.0,"lower_limit_alt_ref":"AGL","legal_ref":"§ 17, Abs. 1 LuftVO","generated_name_EN":"Oberlausitz A","lower_limit_unit":"m","type_code_detail":"RESTRICTED","external_reference":"1213","name":["Oberlausitz A"],"upper_limit_unit":"ft","generated_name_DE":"Oberlausitz A","type_code":"FLUGBESCHRAENKUNGSGEBIET"}},{"type":"Feature","geometry":{"coordinates":[[[10.32318555,52.84061198],[10.3185953,52.83122376],[10.31400704,52.82183535],[10.30942075,52.81244675],[10.30483643,52.80305795],[10.30025409,52.79366897],[10.29567372,52.78427979],[10.29109533,52.77489042],[10.2865189,52.76550086],[10.28194444,52.75611111],[10.279,52.75611111],[10.27605556,52.75611111],[10.27311111,52.75611111],[10.27016667,52.75611111],[10.26722222,52.75611111],[10.26550333,52.76550018],[10.26378371,52.77488921],[10.26206334,52.7842782],[10.26034223,52.79366715],[10.25862038,52.80305605],[10.25689779,52.81244492],[10.25517446,52.82183375],[10.25345038,52.83122254],[10.25172556,52.84061129],[10.25,52.85],[10.25777778,52.85],[10.26555556,52.85],[10.27333333,52.85],[10.28111111,52.85],[10.28888889,52.85],[10.29666667,52.85],[10.30444444,52.85],[10.31222222,52.85],[10.32,52.85],[10.32777778,52.85],[10.32318555,52.84061198]]],"type":"Polygon"},"properties":{"upper_limit_alt_ref":"MSL","upper_limit_altitude":24000.0,"lower_limit_altitude":0.0,"lower_limit_alt_ref":"AGL","legal_ref":"§ 17, Abs. 1 LuftVO","generated_name_EN":"Unterluess B","lower_limit_unit":"m","type_code_detail":"RESTRICTED","external_reference":"1214","name":["Unterluess B"],"upper_limit_unit":"ft","generated_name_DE":"Unterluess B","type_code":"FLUGBESCHRAENKUNGSGEBIET"}},{"type":"Feature","geometry":{"coordinates":[[[11.2807731,48.09968381],[11.28209581,48.09959465],[11.28340667,48.0994465],[11.28469982,48.09924002],[11.28596949,48.09897612],[11.28720999,48.098656],[11.28841578,48.09828107],[11.28958148,48.09785302],[11.29070187,48.09737376],[11.29177195,48.09684543],[11.29278694,48.0962704],[11.29374231,48.09565122],[11.29463378,48.09499068],[11.29545738,48.09429171],[11.29620943,48.09355745],[11.29688657,48.09279117],[11.29748578,48.0919963],[11.29800439,48.09117639],[11.29844008,48.0903351],[11.29879092,48.08947619],[11.29905533,48.0886035],[11.29923215,48.08772093],[11.29932058,48.08683241],[11.29932023,48.08594193],[11.29923112,48.08505344],[11.29905365,48.08417093],[11.2987886,48.08329833],[11.29843718,48.08243953],[11.29800095,48.08159839],[11.29748186,48.08077864],[11.29688224,48.07998395],[11.29620477,48.07921788],[11.29545247,48.07848383],[11.29462871,48.07778508],[11.29373717,48.07712476],[11.29278183,48.07650582],[11.29176695,48.075931],[11.29069708,48.07540289],[11.28957697,48.07492384],[11.28841165,48.07449598],[11.2872063,48.07412123],[11.2859663,48.07380126],[11.28469721,48.07353749],[11.28340467,48.07333111],[11.28209445,48.07318303],[11.28077241,48.07309392],[11.27944444,48.07306417],[11.27811648,48.07309392],[11.27679444,48.07318303],[11.27548422,48.07333111],[11.27419168,48.07353749],[11.27292258,48.07380126],[11.27168259,48.07412123],[11.27047724,48.07449598],[11.26931192,48.07492384],[11.26819181,48.07540289],[11.26712193,48.075931],[11.26610706,48.07650582],[11.26515172,48.07712476],[11.26426017,48.07778508],[11.26343641,48.07848383],[11.26268412,48.07921788],[11.26200665,48.07998395],[11.26140703,48.08077864],[11.26088794,48.08159839],[11.26045171,48.08243953],[11.26010029,48.08329833],[11.25983524,48.08417093],[11.25965777,48.08505344],[11.25956865,48.08594193],[11.25956831,48.08683241],[11.25965674,48.08772093],[11.25983356,48.0886035],[11.26009797,48.08947619],[11.2604488,48.0903351],[11.2608845,48.09117639],[11.26140311,48.0919963],[11.26200232,48.09279117],[11.26267946,48.09355745],[11.26343151,48.09429171],[11.26425511,48.09499068],[11.26514658,48.09565122],[11.26610195,48.0962704],[11.26711694,48.09684543],[11.26818702,48.09737376],[11.26930741,48.09785302],[11.27047311,48.09828107],[11.2716789,48.098656],[11.2729194,48.09897612],[11.27418906,48.09924002],[11.27548222,48.0994465],[11.27679308,48.09959465],[11.27811579,48.09968381],[11.27944444,48.09971357],[11.2807731,48.09968381]]],"type":"Polygon"},"properties":{"upper_limit_alt_ref":"PA","upper_limit_altitude":430.0,"lower_limit_altitude":0.0,"lower_limit_alt_ref":"AGL","legal_ref":"§ 17, Abs. 1 LuftVO","generated_name_EN":"Oberpfaffenhofen","lower_limit_unit":"m","type_code_detail":"RESTRICTED","external_reference":"10173","name":["Oberpfaffenhofen"],"upper_limit_unit":"FL","generated_name_DE":"Oberpfaffenhofen","type_code":"FLUGBESCHRAENKUNGSGEBIET"}},{"type":"Feature","geometry":{"coordinates":[[[10.42093651,53.42522738],[10.42242504,53.42516228],[10.42390648,53.42505395],[10.42537733,53.42490265],[10.42683409,53.42470873],[10.4282733,53.42447267],[10.42969155,53.42419501],[10.43108546,53.42387642],[10.43245172,53.42351766],[10.4337871,53.42311957],[10.43508842,53.4226831],[10.43635259,53.42220929],[10.43757661,53.42169927],[10.43875759,53.42115424],[10.4398927,53.4205755],[10.44097928,53.41996442],[10.44201472,53.41932245],[10.44299659,53.41865112],[10.44392254,53.41795203],[10.44479039,53.41722682],[10.44559808,53.41647722],[10.4463437,53.41570502],[10.44702547,53.41491204],[10.44764179,53.41410016],[10.4481912,53.41327132],[10.44867238,53.41242747],[10.44908422,53.41157063],[10.44942573,53.41070282],[10.44969611,53.40982611],[10.44989473,53.40894257],[10.4500211,53.4080543],[10.45007495,53.4071634],[10.45005615,53.406272],[10.44996474,53.4053822],[10.44980094,53.40449611],[10.44956516,53.40361584],[10.44925795,53.40274347],[10.44888005,53.40188108],[10.44843235,53.4010307],[10.44791593,53.40019435],[10.44733201,53.39937402],[10.44668198,53.39857166],[10.44596738,53.39778915],[10.44518991,53.39702836],[10.44435142,53.39629109],[10.44345389,53.39557909],[10.44249947,53.39489405],[10.4414904,53.39423759],[10.4404291,53.39361126],[10.43931806,53.39301655],[10.43815994,53.39245487],[10.43695747,53.39192754],[10.4357135,53.39143583],[10.43443099,53.39098089],[10.43311297,53.39056381],[10.43176256,53.39018556],[10.43038298,53.38984705],[10.42897748,53.38954908],[10.42754939,53.38929235],[10.42610211,53.38907747],[10.42463906,53.38890496],[10.4231637,53.38877521],[10.42167952,53.38868854],[10.42019006,53.38864516],[10.41869883,53.38864516],[10.41720936,53.38868854],[10.41572519,53.38877521],[10.41424983,53.38890496],[10.41278678,53.38907747],[10.41133949,53.38929235],[10.40991141,53.38954908],[10.40850591,53.38984705],[10.40712633,53.39018556],[10.40577592,53.39056381],[10.4044579,53.39098089],[10.40317539,53.39143583],[10.40193142,53.39192754],[10.40072895,53.39245487],[10.39957082,53.39301655],[10.39845979,53.39361126],[10.39739848,53.39423759],[10.39638942,53.39489405],[10.39543499,53.39557909],[10.39453747,53.39629109],[10.39369898,53.39702836],[10.39292151,53.39778915],[10.39220691,53.39857166],[10.39155688,53.39937402],[10.39097296,53.40019435],[10.39045653,53.4010307],[10.39000884,53.40188108],[10.38963094,53.40274347],[10.38932373,53.40361584],[10.38908794,53.40449611],[10.38892415,53.4053822],[10.38883274,53.406272],[10.38881394,53.4071634],[10.38886778,53.4080543],[10.38899416,53.40894257],[10.38919277,53.40982611],[10.38946316,53.41070282],[10.38980467,53.41157063],[10.3902165,53.41242747],[10.39069769,53.41327132],[10.3912471,53.41410016],[10.39186341,53.41491204],[10.39254519,53.41570502],[10.3932908,53.41647722],[10.39409849,53.41722682],[10.39496635,53.41795203],[10.3958923,53.41865112],[10.39687417,53.41932245],[10.39790961,53.41996442],[10.39899618,53.4205755],[10.4001313,53.42115424],[10.40131227,53.42169927],[10.4025363,53.42220929],[10.40380047,53.4226831],[10.40510179,53.42311957],[10.40643717,53.42351766],[10.40780343,53.42387642],[10.40919734,53.42419501],[10.41061558,53.42447267],[10.41205479,53.42470873],[10.41351155,53.42490265],[10.4149824,53.42505395],[10.41646385,53.42516228],[10.41795238,53.42522738],[10.41944444,53.4252491],[10.42093651,53.42522738]]],"type":"Polygon"},"properties":{"upper_limit_alt_ref":"MSL","upper_limit_altitude":2200.0,"lower_limit_altitude":0.0,"lower_limit_alt_ref":"AGL","legal_ref":"§ 17, Abs. 1 LuftVO","generated_name_EN":"Geesthacht/Kruemmel","lower_limit_unit":"m","type_code_detail":"RESTRICTED","external_reference":"3963","name":["Geesthacht/Kruemmel"],"upper_limit_unit":"ft","generated_name_DE":"Geesthacht/Kruemmel","type_code":"FLUGBESCHRAENKUNGSGEBIET"}},{"type":"Feature","geometry":{"coordinates":[[[8.47926704,53.44244936],[8.48074965,53.44236028],[8.48221897,53.44221226],[8.48366844,53.44200595],[8.48509157,53.44174229],[8.48648201,53.44142244],[8.48783355,53.44104784],[8.48914013,53.44062017],[8.49039592,53.44014133],[8.49159532,53.43961346],[8.49273296,53.43903893],[8.49380376,53.4384203],[8.49480293,53.43776033],[8.49572602,53.43706199],[8.49656891,53.43632838],[8.49732783,53.43556278],[8.49799939,53.43476862],[8.4985806,53.43394945],[8.49906887,53.43310892],[8.49946203,53.43225079],[8.49975831,53.4313789],[8.49995641,53.43049713],[8.50005545,53.42960942],[8.50005498,53.42871975],[8.49995503,53.42783209],[8.49975603,53.42695039],[8.49945889,53.4260786],[8.49906493,53.42522062],[8.49857593,53.42438026],[8.49799407,53.42356128],[8.49732196,53.42276734],[8.49656259,53.42200199],[8.49571937,53.42126864],[8.49479607,53.42057056],[8.4937968,53.41991087],[8.49272603,53.41929252],[8.49158855,53.41871826],[8.49038943,53.41819066],[8.48913402,53.41771206],[8.48782794,53.41728462],[8.48647701,53.41691023],[8.48508726,53.41659057],[8.48366489,53.41632706],[8.48221625,53.41612088],[8.48074781,53.41597295],[8.47926611,53.41588392],[8.47777778,53.4158542],[8.47628944,53.41588392],[8.47480775,53.41597295],[8.4733393,53.41612088],[8.47189067,53.41632706],[8.4704683,53.41659057],[8.46907855,53.41691023],[8.46772762,53.41728462],[8.46642153,53.41771206],[8.46516613,53.41819066],[8.46396701,53.41871826],[8.46282953,53.41929252],[8.46175876,53.41991087],[8.46075949,53.42057056],[8.45983618,53.42126864],[8.45899296,53.42200199],[8.4582336,53.42276734],[8.45756148,53.42356128],[8.45697962,53.42438026],[8.45649062,53.42522062],[8.45609667,53.4260786],[8.45579953,53.42695039],[8.45560053,53.42783209],[8.45550057,53.42871975],[8.45550011,53.42960942],[8.45559914,53.43049713],[8.45579724,53.4313789],[8.45609353,53.43225079],[8.45648668,53.43310892],[8.45697495,53.43394945],[8.45755617,53.43476862],[8.45822773,53.43556278],[8.45898665,53.43632838],[8.45982953,53.43706199],[8.46075262,53.43776033],[8.4617518,53.4384203],[8.4628226,53.43903893],[8.46396024,53.43961346],[8.46515963,53.44014133],[8.46641543,53.44062017],[8.46772201,53.44104784],[8.46907354,53.44142244],[8.47046398,53.44174229],[8.47188712,53.44200595],[8.47333659,53.44221226],[8.47480591,53.44236028],[8.47628851,53.44244936],[8.47777778,53.4424791],[8.47926704,53.44244936]]],"type":"Polygon"},"properties":{"upper_limit_alt_ref":"MSL","upper_limit_altitude":2000.0,"lower_limit_altitude":0.0,"lower_limit_alt_ref":"AGL","legal_ref":"§ 17, Abs. 1 LuftVO","generated_name_EN":"Unterweser","lower_limit_unit":"m","type_code_detail":"RESTRICTED","external_reference":"3976","name":["Unterweser"],"upper_limit_unit":"ft","generated_name_DE":"Unterweser","type_code":"FLUGBESCHRAENKUNGSGEBIET"}},{"type":"Feature","geometry":{"coordinates":[[[12.92921787,51.55883524],[12.93065691,51.55879891],[12.93209385,51.55873839],[12.93352764,51.55865372],[12.93495725,51.55854497],[12.93638162,51.55841222],[12.93779972,51.55825555],[12.93921052,51.5580751],[12.94061299,51.55787097],[12.94200611,51.55764334],[12.94338886,51.55739235],[12.94476023,51.55711821],[12.94611923,51.55682109],[12.94746487,51.55650123],[12.94879616,51.55615885],[12.95011213,51.5557942],[12.95141184,51.55540755],[12.95269432,51.55499919],[12.95395865,51.5545694],[12.95520391,51.5541185],[12.95642919,51.55364683],[12.95763359,51.55315471],[12.95881625,51.55264252],[12.95997629,51.55211062],[12.96111288,51.55155941],[12.9622252,51.55098928],[12.96331242,51.55040065],[12.96437376,51.54979395],[12.96540844,51.54916962],[12.96641573,51.54852811],[12.96739487,51.54786989],[12.96834516,51.54719545],[12.96926592,51.54650527],[12.97015646,51.54579985],[12.97101615,51.54507971],[12.97184436,51.54434537],[12.97264048,51.54359737],[12.97340395,51.54283626],[12.97413419,51.54206257],[12.9748307,51.54127689],[12.97549296,51.54047978],[12.97612048,51.53967182],[12.97671282,51.5388536],[12.97726955,51.53802572],[12.97779026,51.53718877],[12.97827457,51.53634337],[12.97872214,51.53549013],[12.97913265,51.53462967],[12.97950578,51.53376262],[12.97984129,51.53288961],[12.98013892,51.53201128],[12.98039845,51.53112826],[12.98061971,51.53024119],[12.98080254,51.52935073],[12.9809468,51.52845751],[12.98105239,51.52756219],[12.98111923,51.52666542],[12.98114729,51.52576786],[12.98113654,51.52487014],[12.98108699,51.52397294],[12.98099868,51.52307689],[12.98087168,51.52218266],[12.98070608,51.52129089],[12.980502,51.52040222],[12.9802596,51.51951731],[12.97997905,51.5186368],[12.97966056,51.51776133],[12.97930437,51.51689153],[12.97891073,51.51602804],[12.97847993,51.51517148],[12.97801228,51.51432248],[12.97750814,51.51348166],[12.97696786,51.51264962],[12.97639185,51.51182697],[12.97578052,51.5110143],[12.97513432,51.51021221],[12.97445371,51.50942129],[12.97373921,51.50864209],[12.97299131,51.5078752],[12.97221058,51.50712117],[12.97139758,51.50638054],[12.97055291,51.50565385],[12.96967717,51.50494163],[12.968771,51.5042444],[12.96783507,51.50356267],[12.96687005,51.50289693],[12.96587665,51.50224765],[12.96485558,51.50161533],[12.9638076,51.5010004],[12.96273346,51.50040333],[12.96163395,51.49982453],[12.96050986,51.49926444],[12.95936201,51.49872346],[12.95819123,51.49820199],[12.95699838,51.49770039],[12.95578432,51.49721904],[12.95454993,51.49675828],[12.95329611,51.49631846],[12.95202377,51.49589988],[12.95073384,51.49550285],[12.94942724,51.49512766],[12.94810494,51.49477459],[12.94676788,51.49444388],[12.94541704,51.49413578],[12.94405341,51.49385052],[12.94267796,51.49358829],[12.9412917,51.49334929],[12.93989564,51.49313369],[12.93849078,51.49294166],[12.93707815,51.49277332],[12.93565878,51.4926288],[12.93423368,51.49250821],[12.9328039,51.49241164],[12.93137047,51.49233914],[12.92993444,51.49229078],[12.92849684,51.49226659],[12.92705872,51.49226659],[12.92562112,51.49229078],[12.92418508,51.49233914],[12.92275166,51.49241164],[12.92132188,51.49250821],[12.91989678,51.4926288],[12.9184774,51.49277332],[12.91706477,51.49294166],[12.91565992,51.49313369],[12.91426385,51.49334929],[12.91287759,51.49358829],[12.91150215,51.49385052],[12.91013851,51.49413578],[12.90878767,51.49444388],[12.90745062,51.49477459],[12.90612831,51.49512766],[12.90482172,51.49550285],[12.90353179,51.49589988],[12.90225945,51.49631846],[12.90100563,51.49675828],[12.89977124,51.49721904],[12.89855718,51.49770039],[12.89736433,51.49820199],[12.89619355,51.49872346],[12.8950457,51.49926444],[12.89392161,51.49982453],[12.89282209,51.50040333],[12.89174796,51.5010004],[12.89069997,51.50161533],[12.88967891,51.50224765],[12.88868551,51.50289693],[12.88772049,51.50356267],[12.88678456,51.5042444],[12.88587839,51.50494163],[12.88500265,51.50565385],[12.88415797,51.50638054],[12.88334497,51.50712117],[12.88256424,51.5078752],[12.88181635,51.50864209],[12.88110184,51.50942129],[12.88042124,51.51021221],[12.87977504,51.5110143],[12.87916371,51.51182697],[12.87858769,51.51264962],[12.87804742,51.51348166],[12.87754327,51.51432248],[12.87707563,51.51517148],[12.87664483,51.51602804],[12.87625119,51.51689153],[12.87589499,51.51776133],[12.8755765,51.5186368],[12.87529596,51.51951731],[12.87505356,51.52040222],[12.87484948,51.52129089],[12.87468388,51.52218266],[12.87455688,51.52307689],[12.87446857,51.52397294],[12.87441902,51.52487014],[12.87440827,51.52576786],[12.87443632,51.52666542],[12.87450317,51.52756219],[12.87460876,51.52845751],[12.87475302,51.52935073],[12.87493584,51.53024119],[12.8751571,51.53112826],[12.87541664,51.53201128],[12.87571427,51.53288961],[12.87604977,51.53376262],[12.87642291,51.53462967],[12.87683341,51.53549013],[12.87728098,51.53634337],[12.8777653,51.53718877],[12.87828601,51.53802572],[12.87884273,51.5388536],[12.87943508,51.53967182],[12.8800626,51.54047978],[12.88072486,51.54127689],[12.88142136,51.54206257],[12.88215161,51.54283626],[12.88291507,51.54359737],[12.8837112,51.54434537],[12.88453941,51.54507971],[12.88539909,51.54579985],[12.88628964,51.54650527],[12.88721039,51.54719545],[12.88816069,51.54786989],[12.88913983,51.54852811],[12.89014711,51.54916962],[12.8911818,51.54979395],[12.89224314,51.55040065],[12.89333036,51.55098928],[12.89444267,51.55155941],[12.89557926,51.55211062],[12.89673931,51.55264252],[12.89792197,51.55315471],[12.89912637,51.55364683],[12.90035165,51.5541185],[12.90159691,51.5545694],[12.90286124,51.55499919],[12.90414372,51.55540755],[12.90544342,51.5557942],[12.9067594,51.55615885],[12.90809069,51.55650123],[12.90943632,51.55682109],[12.91079532,51.55711821],[12.9121667,51.55739235],[12.91354945,51.55764334],[12.91494256,51.55787097],[12.91634503,51.5580751],[12.91775583,51.55825555],[12.91917394,51.55841222],[12.92059831,51.55854497],[12.92202791,51.55865372],[12.92346171,51.55873839],[12.92489865,51.55879891],[12.92633769,51.55883524],[12.92777778,51.55884735],[12.92921787,51.55883524]]],"type":"Polygon"},"properties":{"upper_limit_alt_ref":"MSL","upper_limit_altitude":5000.0,"lower_limit_altitude":0.0,"lower_limit_alt_ref":"AGL","legal_ref":"§ 17, Abs. 1 LuftVO","generated_name_EN":"Melpitz","lower_limit_unit":"m","type_code_detail":"RESTRICTED","external_reference":"12320","name":["Melpitz"],"upper_limit_unit":"ft","generated_name_DE":"Melpitz","type_code":"FLUGBESCHRAENKUNGSGEBIET"}},{"type":"Feature","geometry":{"coordinates":[[[12.87803006,49.16913044],[12.87939096,49.16907713],[12.88074754,49.16898836],[12.88209767,49.16886428],[12.8834392,49.16870509],[12.88477,49.16851103],[12.88608798,49.16828243],[12.88739104,49.16801963],[12.88867712,49.16772305],[12.88994418,49.16739316],[12.89119023,49.16703049],[12.89241328,49.16663561],[12.89361141,49.16620915],[12.89478271,49.16575177],[12.89592533,49.16526421],[12.89703747,49.16474723],[12.89811736,49.16420166],[12.8991633,49.16362836],[12.90017363,49.16302822],[12.90114676,49.16240222],[12.90208114,49.16175133],[12.9029753,49.16107658],[12.90382782,49.16037905],[12.90463737,49.15965984],[12.90540265,49.15892008],[12.90612246,49.15816095],[12.90679566,49.15738365],[12.9074212,49.1565894],[12.90799807,49.15577947],[12.90852538,49.15495513],[12.90900228,49.15411769],[12.90942804,49.15326848],[12.90980197,49.15240883],[12.91012349,49.15154011],[12.9103921,49.15066369],[12.91060736,49.14978096],[12.91076895,49.14889332],[12.91087661,49.14800216],[12.91093017,49.14710889],[12.91092956,49.14621494],[12.91087477,49.14532171],[12.91076589,49.14443061],[12.9106031,49.14354306],[12.91038667,49.14266046],[12.91011693,49.14178419],[12.90979431,49.14091566],[12.90941933,49.14005622],[12.90899258,49.13920725],[12.90851475,49.13837007],[12.90798658,49.13754602],[12.90740891,49.13673639],[12.90678267,49.13594248],[12.90610883,49.13516552],[12.90538848,49.13440674],[12.90462274,49.13366736],[12.90381284,49.13294853],[12.90296004,49.13225139],[12.90206571,49.13157704],[12.90113126,49.13092655],[12.90015816,49.13030095],[12.89914795,49.12970122],[12.89810223,49.1291283],[12.89702265,49.12858312],[12.89591092,49.12806652],[12.8947688,49.12757932],[12.89359808,49.1271223],[12.89240063,49.12669617],[12.89117833,49.12630161],[12.88993311,49.12593924],[12.88866694,49.12560963],[12.88738182,49.1253133],[12.88607978,49.12505072],[12.88476288,49.12482231],[12.88343319,49.12462843],[12.88209282,49.12446938],[12.88074388,49.12434541],[12.8793885,49.12425672],[12.87802883,49.12420345],[12.876667,49.12418569],[12.87530517,49.12420345],[12.8739455,49.12425672],[12.87259012,49.12434541],[12.87124118,49.12446938],[12.86990081,49.12462843],[12.86857112,49.12482231],[12.86725422,49.12505072],[12.86595218,49.1253133],[12.86466706,49.12560963],[12.86340089,49.12593924],[12.86215567,49.12630161],[12.86093337,49.12669617],[12.85973592,49.1271223],[12.8585652,49.12757932],[12.85742308,49.12806652],[12.85631135,49.12858312],[12.85523177,49.1291283],[12.85418605,49.12970122],[12.85317584,49.13030095],[12.85220274,49.13092655],[12.85126829,49.13157704],[12.85037396,49.13225139],[12.84952116,49.13294853],[12.84871126,49.13366736],[12.84794552,49.13440674],[12.84722517,49.13516552],[12.84655133,49.13594248],[12.84592509,49.13673639],[12.84534742,49.13754602],[12.84481925,49.13837007],[12.84434142,49.13920725],[12.84391467,49.14005622],[12.84353969,49.14091566],[12.84321707,49.14178419],[12.84294733,49.14266046],[12.8427309,49.14354306],[12.84256811,49.14443061],[12.84245923,49.14532171],[12.84240444,49.14621494],[12.84240383,49.14710889],[12.84245739,49.14800216],[12.84256505,49.14889332],[12.84272664,49.14978096],[12.8429419,49.15066369],[12.84321051,49.15154011],[12.84353203,49.15240883],[12.84390596,49.15326848],[12.84433172,49.15411769],[12.84480862,49.15495513],[12.84533593,49.15577947],[12.8459128,49.1565894],[12.84653834,49.15738365],[12.84721154,49.15816095],[12.84793135,49.15892008],[12.84869663,49.15965984],[12.84950618,49.16037905],[12.8503587,49.16107658],[12.85125286,49.16175133],[12.85218724,49.16240222],[12.85316037,49.16302822],[12.8541707,49.16362836],[12.85521664,49.16420166],[12.85629653,49.16474723],[12.85740867,49.16526421],[12.85855129,49.16575177],[12.85972259,49.16620915],[12.86092072,49.16663561],[12.86214377,49.16703049],[12.86338982,49.16739316],[12.86465688,49.16772305],[12.86594296,49.16801963],[12.86724602,49.16828243],[12.868564,49.16851103],[12.8698948,49.16870509],[12.87123633,49.16886428],[12.87258646,49.16898836],[12.87394304,49.16907713],[12.87530394,49.16913044],[12.876667,49.16914823],[12.87803006,49.16913044]]],"type":"Polygon"},"properties":{"upper_limit_alt_ref":"MSL","upper_limit_altitude":5000.0,"lower_limit_altitude":0.0,"lower_limit_alt_ref":"AGL","legal_ref":"§ 17, Abs. 1 LuftVO","generated_name_EN":"Wettzell","lower_limit_unit":"m","type_code_detail":"RESTRICTED","external_reference":"501","name":["Wettzell"],"upper_limit_unit":"ft","generated_name_DE":"Wettzell","type_code":"FLUGBESCHRAENKUNGSGEBIET"}},{"type":"Feature","geometry":{"coordinates":[[[12.1606895,52.18986275],[12.16721343,52.19361402],[12.17373846,52.19736493],[12.18026459,52.20111547],[12.18679182,52.20486565],[12.19332014,52.20861547],[12.19984957,52.21236493],[12.20638009,52.21611402],[12.21291172,52.21986275],[12.21944444,52.22361111],[12.22750294,52.22180803],[12.23556078,52.2200044],[12.24361797,52.21820022],[12.2516745,52.21639549],[12.25973039,52.21459021],[12.26778562,52.21278438],[12.27584019,52.210978],[12.28389412,52.20917107],[12.29194738,52.20736359],[12.3,52.20555556],[12.29974962,52.19797227],[12.29949932,52.19038897],[12.29924911,52.18280566],[12.29899898,52.17522235],[12.29874894,52.16763902],[12.29849898,52.16005568],[12.29824911,52.15247233],[12.29799932,52.14488897],[12.29774962,52.1373056],[12.2975,52.12972222],[12.28571814,52.1280053],[12.27393719,52.12628719],[12.26215714,52.12456791],[12.250378,52.12284746],[12.23859976,52.12112582],[12.22682244,52.11940301],[12.21504602,52.11767902],[12.20327051,52.11595386],[12.19149591,52.11422752],[12.17972222,52.1125],[12.1756398,52.11361175],[12.17155718,52.11472335],[12.16747435,52.11583482],[12.16339133,52.11694614],[12.15930809,52.11805733],[12.15522466,52.11916837],[12.15114102,52.12027926],[12.14705718,52.12139002],[12.14297314,52.12250064],[12.13888889,52.12361111],[12.14041474,52.12986123],[12.14194102,52.13611132],[12.14346773,52.14236139],[12.14499487,52.14861143],[12.14652243,52.15486144],[12.14805042,52.16111143],[12.14957884,52.16736139],[12.15110769,52.17361132],[12.15263696,52.17986123],[12.15416667,52.18611111],[12.1606895,52.18986275]]],"type":"Polygon"},"properties":{"upper_limit_alt_ref":"MSL","upper_limit_altitude":18000.0,"lower_limit_altitude":0.0,"lower_limit_alt_ref":"AGL","legal_ref":"§ 17, Abs. 1 LuftVO","generated_name_EN":"Altengrabow A","lower_limit_unit":"m","type_code_detail":"RESTRICTED","external_reference":"1637","name":["Altengrabow A"],"upper_limit_unit":"ft","generated_name_DE":"Altengrabow A","type_code":"FLUGBESCHRAENKUNGSGEBIET"}},{"type":"Feature","geometry":{"coordinates":[[[10.8761117,50.84166672],[10.87722328,50.83888898],[10.87833472,50.83611124],[10.87944603,50.83333348],[10.8805572,50.8305557],[10.88166825,50.82777792],[10.88277916,50.82500013],[10.88388994,50.82222232],[10.88500059,50.8194445],[10.88611111,50.81666667],[10.88166596,50.8158341],[10.87722096,50.81500136],[10.87277612,50.81416845],[10.86833144,50.81333537],[10.86388691,50.81250212],[10.85944255,50.8116687],[10.85499834,50.81083511],[10.85055429,50.81000136],[10.8461104,50.80916743],[10.84166667,50.80833333],[10.84499769,50.81194488],[10.84832922,50.81555633],[10.85166127,50.81916769],[10.85499383,50.82277895],[10.8583269,50.82639011],[10.86166049,50.83000117],[10.8649946,50.83361213],[10.86832922,50.837223],[10.87166435,50.84083377],[10.875,50.84444444],[10.8761117,50.84166672]]],"type":"Polygon"},"properties":{"upper_limit_alt_ref":"MSL","upper_limit_altitude":4500.0,"lower_limit_altitude":0.0,"lower_limit_alt_ref":"AGL","legal_ref":"§ 17, Abs. 1 LuftVO","generated_name_EN":"Ohrdruf B","lower_limit_unit":"m","type_code_detail":"RESTRICTED","external_reference":"2505","name":["Ohrdruf B"],"upper_limit_unit":"ft","generated_name_DE":"Ohrdruf B","type_code":"FLUGBESCHRAENKUNGSGEBIET"}},{"type":"Feature","geometry":{"coordinates":[[[12.76617286,47.66901231],[12.76623461,47.6708024],[12.76629637,47.67259249],[12.76635813,47.67438257],[12.7664199,47.67617266],[12.76648167,47.67796275],[12.76654344,47.67975283],[12.76660522,47.68154292],[12.766667,47.683333],[12.7783336,47.683333],[12.7900002,47.683333],[12.8016668,47.683333],[12.8133334,47.683333],[12.825,47.683333],[12.8366666,47.683333],[12.8483332,47.683333],[12.8599998,47.683333],[12.8716664,47.683333],[12.883333,47.683333],[12.883333,47.67666644],[12.883333,47.66999986],[12.883333,47.66333328],[12.883333,47.65666669],[12.883333,47.6500001],[12.883333,47.64333349],[12.883333,47.63666688],[12.883333,47.63000026],[12.883333,47.62333364],[12.883333,47.616667],[12.87677748,47.616667],[12.87022196,47.616667],[12.86366643,47.616667],[12.85711091,47.616667],[12.85055539,47.616667],[12.84399987,47.616667],[12.83744434,47.616667],[12.83088882,47.616667],[12.8243333,47.616667],[12.81777778,47.616667],[12.81811092,47.61643956],[12.81632517,47.61764945],[12.81453935,47.61885931],[12.81275344,47.62006914],[12.81096744,47.62127894],[12.80902645,47.62207181],[12.8070854,47.62286465],[12.80514429,47.62365745],[12.80320312,47.62445022],[12.8012619,47.62524296],[12.79932061,47.62603567],[12.799817,47.62725878],[12.79759947,47.62766417],[12.79595603,47.62880138],[12.79431251,47.62993857],[12.79266892,47.63107574],[12.79102526,47.63221288],[12.78938153,47.63335],[12.78718109,47.63275163],[12.78498069,47.63215322],[12.78295947,47.63240334],[12.78093822,47.63265342],[12.77938536,47.6337414],[12.77783242,47.63482935],[12.77627943,47.63591729],[12.77472637,47.63700521],[12.77317324,47.6380931],[12.77162006,47.63918097],[12.77109491,47.64026027],[12.77056975,47.64133956],[12.76900593,47.64223543],[12.76744206,47.64313128],[12.76587814,47.64402711],[12.76547768,47.64543031],[12.76507719,47.6468335],[12.76327961,47.64814714],[12.76148194,47.64946075],[12.75965275,47.65023039],[12.75856978,47.65155922],[12.75840317,47.65288528],[12.75940303,47.65407564],[12.76092234,47.65483959],[12.76244169,47.65560353],[12.76345464,47.65575653],[12.76589619,47.65531575],[12.76763947,47.65543061],[12.76880586,47.65591506],[12.76997228,47.6563995],[12.77059589,47.65710914],[12.77293153,47.65765353],[12.77461555,47.65881443],[12.77629964,47.65997531],[12.77721264,47.66000089],[12.7784585,47.66091194],[12.77824514,47.66188731],[12.77803178,47.66286267],[12.77930356,47.66416004],[12.7805754,47.6654574],[12.78184731,47.66675475],[12.78222178,47.66851203],[12.78305036,47.66940797],[12.78271478,47.67002758],[12.78406689,47.67156481],[12.78242036,47.67241703],[12.78118547,47.67382192],[12.77979347,47.67286069],[12.77840153,47.67189944],[12.77708859,47.67047197],[12.77577573,47.66904449],[12.77446294,47.66761699],[12.77315022,47.66618947],[12.77159856,47.66562506],[12.76975422,47.66615075],[12.76790985,47.66667642],[12.76611111,47.66722222],[12.76617286,47.66901231]]],"type":"Polygon"},"properties":{"upper_limit_alt_ref":"MSL","upper_limit_altitude":12000.0,"lower_limit_altitude":0.0,"lower_limit_alt_ref":"AGL","legal_ref":"§ 17, Abs. 1 LuftVO","generated_name_EN":"Reiteralpe","lower_limit_unit":"m","type_code_detail":"RESTRICTED","external_reference":"485","name":["Reiteralpe"],"upper_limit_unit":"ft","generated_name_DE":"Reiteralpe","type_code":"FLUGBESCHRAENKUNGSGEBIET"}},{"type":"Feature","geometry":{"coordinates":[[[13.67929249,54.15467],[13.68080043,54.15458093],[13.68229486,54.15443292],[13.6837691,54.15422664],[13.68521655,54.153963],[13.68663075,54.15364319],[13.68800538,54.15326863],[13.68933428,54.15284101],[13.69061153,54.15236222],[13.69183142,54.15183441],[13.69298849,54.15125995],[13.69407758,54.15064139],[13.69509382,54.1499815],[13.69603267,54.14928323],[13.69688995,54.14854971],[13.69766182,54.1477842],[13.69834485,54.14699013],[13.69893598,54.14617105],[13.69943258,54.14533062],[13.69983244,54.14447259],[13.70013378,54.1436008],[13.70033525,54.14271914],[13.70043596,54.14183154],[13.70043548,54.14094198],[13.7003338,54.14005442],[13.70013139,54.13917283],[13.69982916,54.13830114],[13.69942847,54.13744326],[13.6989311,54.136603],[13.6983393,54.13578413],[13.6976557,54.13499029],[13.69688336,54.13422503],[13.69602573,54.13349177],[13.69508665,54.13279378],[13.69407031,54.13213417],[13.69298126,54.1315159],[13.69182435,54.13094171],[13.69060475,54.13041417],[13.68932791,54.12993564],[13.68799952,54.12950825],[13.68662553,54.12913391],[13.68521205,54.12881429],[13.68376539,54.12855082],[13.68229203,54.12834466],[13.68079851,54.12819675],[13.67929152,54.12810773],[13.67777778,54.12807802],[13.67626403,54.12810773],[13.67475704,54.12819675],[13.67326353,54.12834466],[13.67179016,54.12855082],[13.67034351,54.12881429],[13.66893003,54.12913391],[13.66755603,54.12950825],[13.66622765,54.12993564],[13.66495081,54.13041417],[13.66373121,54.13094171],[13.6625743,54.1315159],[13.66148525,54.13213417],[13.66046891,54.13279378],[13.65952983,54.13349177],[13.6586722,54.13422503],[13.65789986,54.13499029],[13.65721626,54.13578413],[13.65662445,54.136603],[13.65612709,54.13744326],[13.65572639,54.13830114],[13.65542417,54.13917283],[13.65522176,54.14005442],[13.65512008,54.14094198],[13.65511959,54.14183154],[13.65522031,54.14271914],[13.65542178,54.1436008],[13.65572312,54.14447259],[13.65612297,54.14533062],[13.65661957,54.14617105],[13.65721071,54.14699013],[13.65789373,54.1477842],[13.65866561,54.14854971],[13.65952288,54.14928323],[13.66046174,54.1499815],[13.66147798,54.15064139],[13.66256707,54.15125995],[13.66372414,54.15183441],[13.66494402,54.15236222],[13.66622127,54.15284101],[13.66755018,54.15326863],[13.6689248,54.15364319],[13.670339,54.153963],[13.67178646,54.15422664],[13.67326069,54.15443292],[13.67475512,54.15458093],[13.67626306,54.15467],[13.67777778,54.15469973],[13.67929249,54.15467]]],"type":"Polygon"},"properties":{"upper_limit_alt_ref":"MSL","upper_limit_altitude":2100.0,"lower_limit_altitude":0.0,"lower_limit_alt_ref":"AGL","legal_ref":"§ 17, Abs. 1 LuftVO","generated_name_EN":"Greifswald / Lubmin","lower_limit_unit":"m","type_code_detail":"RESTRICTED","external_reference":"15491","name":["Greifswald / Lubmin"],"upper_limit_unit":"ft","generated_name_DE":"Greifswald / Lubmin","type_code":"FLUGBESCHRAENKUNGSGEBIET"}},{"type":"Feature","geometry":{"coordinates":[[[7.0825413,52.7145973],[7.10146849,52.71113557],[7.12039269,52.70767082],[7.13931389,52.70420304],[7.15823209,52.70073225],[7.17714728,52.69725844],[7.19605947,52.69378161],[7.21496866,52.69030175],[7.23387483,52.68681889],[7.252778,52.683333],[7.25718332,52.66419858],[7.2615848,52.64506393],[7.26598243,52.62592906],[7.27037624,52.60679396],[7.27476621,52.58765863],[7.27915236,52.56852309],[7.28353469,52.54938731],[7.28791322,52.53025131],[7.29228794,52.51111509],[7.29665886,52.49197865],[7.29538795,52.49275042],[7.29332965,52.49395836],[7.29123024,52.49513968],[7.28909064,52.49629387],[7.2869118,52.49742042],[7.28469468,52.49851883],[7.28244023,52.49958862],[7.28014947,52.50062932],[7.27782338,52.50164046],[7.275463,52.50262161],[7.27306937,52.50357233],[7.27064353,52.5044922],[7.26818655,52.50538081],[7.26569952,52.50623778],[7.26318353,52.50706273],[7.26063968,52.50785529],[7.2580691,52.50861512],[7.25547292,52.50934187],[7.25285228,52.51003523],[7.25020834,52.5106949],[7.24754226,52.51132057],[7.24485521,52.51191199],[7.24214838,52.51246887],[7.23942297,52.51299099],[7.23668017,52.51347811],[7.23392119,52.51393001],[7.23114725,52.51434649],[7.22835957,52.51472738],[7.22555939,52.5150725],[7.22274793,52.5153817],[7.21992644,52.51565485],[7.21709616,52.51589182],[7.21425833,52.51609252],[7.21141422,52.51625684],[7.20856508,52.51638472],[7.20571215,52.51647611],[7.20285671,52.51653095],[7.2,52.51654924],[7.19714329,52.51653095],[7.19428785,52.51647611],[7.19143492,52.51638472],[7.18858578,52.51625684],[7.18574167,52.51609252],[7.18290384,52.51589182],[7.18007356,52.51565485],[7.17725207,52.5153817],[7.17444061,52.5150725],[7.17164043,52.51472738],[7.16885275,52.51434649],[7.16607881,52.51393001],[7.16331983,52.51347811],[7.16057703,52.51299099],[7.15785162,52.51246887],[7.15514479,52.51191199],[7.15245774,52.51132057],[7.14979166,52.5106949],[7.14714772,52.51003523],[7.14452708,52.50934187],[7.1419309,52.50861512],[7.13936032,52.50785529],[7.13681647,52.50706273],[7.13430048,52.50623778],[7.13181345,52.50538081],[7.12935647,52.5044922],[7.12693063,52.50357233],[7.124537,52.50262161],[7.12217662,52.50164046],[7.11985053,52.50062932],[7.11755977,52.49958862],[7.11530532,52.49851883],[7.1130882,52.49742042],[7.11090936,52.49629387],[7.10876976,52.49513968],[7.10667035,52.49395836],[7.10461205,52.49275042],[7.10259576,52.49151641],[7.10062236,52.49025685],[7.09869272,52.48897232],[7.09680769,52.48766336],[7.09496808,52.48633057],[7.09317471,52.48497452],[7.09142837,52.48359581],[7.08972981,52.48219506],[7.08807977,52.48077287],[7.08647899,52.47932987],[7.08492816,52.4778667],[7.08342796,52.476384],[7.08197903,52.47488242],[7.08058203,52.47336263],[7.07923754,52.47182529],[7.07794616,52.47027107],[7.07670846,52.46870067],[7.07552496,52.46711477],[7.07439619,52.46551407],[7.07332263,52.46389927],[7.07230475,52.46227109],[7.071343,52.46063023],[7.07043778,52.45897742],[7.06958949,52.45731339],[7.06879849,52.45563886],[7.06806514,52.45395458],[7.06738973,52.45226128],[7.06677257,52.45055971],[7.06621391,52.44885061],[7.06571399,52.44713473],[7.06527304,52.44541283],[7.06489122,52.44368566],[7.06456871,52.44195399],[7.06430565,52.44021856],[7.06410212,52.43848015],[7.06395823,52.43673952],[7.06387403,52.43499742],[7.06384935,52.43333333],[7.06234134,52.43333333],[7.06083333,52.43333333],[7.06050158,52.45663931],[7.06016949,52.47994519],[7.05983704,52.50325098],[7.05950423,52.52655667],[7.05917108,52.54986228],[7.05883757,52.57316779],[7.05850371,52.5964732],[7.0581695,52.61977852],[7.05783493,52.64308375],[7.0575,52.66638889],[7.05475833,52.64461667],[7.06491944,52.72918889],[7.06361111,52.718056],[7.0825413,52.7145973]]],"type":"Polygon"},"properties":{"upper_limit_alt_ref":"MSL","upper_limit_altitude":4000.0,"lower_limit_altitude":0.0,"lower_limit_alt_ref":"AGL","legal_ref":"§ 17, Abs. 1 LuftVO","generated_name_EN":"Nordhorn B","lower_limit_unit":"m","type_code_detail":"RESTRICTED","external_reference":"491","name":["Nordhorn B"],"upper_limit_unit":"ft","generated_name_DE":"Nordhorn B","type_code":"FLUGBESCHRAENKUNGSGEBIET"}},{"type":"Feature","geometry":{"coordinates":[[[6.41808768,50.93328326],[6.41950733,50.93324693],[6.42092491,50.9331864],[6.42233939,50.93310173],[6.42374973,50.93299297],[6.42515491,50.9328602],[6.42655391,50.93270352],[6.4279457,50.93252305],[6.42932927,50.93231891],[6.43070362,50.93209125],[6.43206774,50.93184024],[6.43342064,50.93156607],[6.43476133,50.93126893],[6.43608884,50.93094903],[6.43740219,50.93060662],[6.43870044,50.93024194],[6.43998264,50.92985526],[6.44124785,50.92944685],[6.44249515,50.92901703],[6.44372364,50.92856609],[6.44493242,50.92809437],[6.4461206,50.92760221],[6.44728733,50.92708997],[6.44843176,50.92655802],[6.44955305,50.92600675],[6.45065039,50.92543657],[6.45172297,50.92484788],[6.45277003,50.92424112],[6.45379079,50.92361673],[6.45478451,50.92297516],[6.45575048,50.92231688],[6.45668799,50.92164237],[6.45759635,50.92095212],[6.45847492,50.92024664],[6.45932304,50.91952643],[6.46014011,50.91879202],[6.46092553,50.91804395],[6.46167873,50.91728275],[6.46239916,50.916509],[6.4630863,50.91572323],[6.46373966,50.91492604],[6.46435875,50.914118],[6.46494314,50.9132997],[6.46549239,50.91247173],[6.4660061,50.9116347],[6.46648392,50.91078921],[6.46692548,50.90993588],[6.46733048,50.90907534],[6.46769862,50.9082082],[6.46802963,50.9073351],[6.46832327,50.90645667],[6.46857934,50.90557356],[6.46879764,50.9046864],[6.46897803,50.90379584],[6.46912037,50.90290253],[6.46922456,50.90200712],[6.46929053,50.90111025],[6.46931823,50.90021259],[6.46930764,50.89931478],[6.46925878,50.89841748],[6.46917169,50.89752134],[6.46904642,50.89662701],[6.46888307,50.89573513],[6.46868176,50.89484637],[6.46844264,50.89396137],[6.46816589,50.89308076],[6.46785171,50.89220519],[6.46750033,50.89133529],[6.467112,50.89047171],[6.46668702,50.88961505],[6.46622569,50.88876596],[6.46572835,50.88792504],[6.46519536,50.8870929],[6.46462711,50.88627016],[6.46402403,50.8854574],[6.46338653,50.88465522],[6.4627151,50.8838642],[6.46201022,50.88308492],[6.46127241,50.88231794],[6.46050219,50.88156381],[6.45970014,50.8808231],[6.45886684,50.88009633],[6.45800289,50.87938403],[6.45710893,50.87868672],[6.45618559,50.8780049],[6.45523356,50.87733908],[6.45425353,50.87668973],[6.45324621,50.87605733],[6.45221233,50.87544233],[6.45115265,50.87484518],[6.45006793,50.87426632],[6.44895896,50.87370616],[6.44782655,50.87316512],[6.44667153,50.87264358],[6.44549472,50.87214192],[6.44429699,50.87166051],[6.4430792,50.8711997],[6.44184225,50.87075982],[6.44058702,50.87034119],[6.43931443,50.86994411],[6.43802541,50.86956888],[6.43672088,50.86921576],[6.4354018,50.86888501],[6.43406913,50.86857688],[6.43272383,50.86829158],[6.43136688,50.86802932],[6.42999926,50.86779029],[6.42862196,50.86757467],[6.42723599,50.86738261],[6.42584235,50.86721425],[6.42444205,50.86706971],[6.42303612,50.86694911],[6.42162556,50.86685252],[6.4202114,50.86678001],[6.41879467,50.86673165],[6.41737639,50.86670746],[6.41595761,50.86670746],[6.41453933,50.86673165],[6.4131226,50.86678001],[6.41170844,50.86685252],[6.41029788,50.86694911],[6.40889195,50.86706971],[6.40749165,50.86721425],[6.40609801,50.86738261],[6.40471204,50.86757467],[6.40333474,50.86779029],[6.40196712,50.86802932],[6.40061017,50.86829158],[6.39926487,50.86857688],[6.3979322,50.86888501],[6.39661312,50.86921576],[6.39530859,50.86956888],[6.39401957,50.86994411],[6.39274698,50.87034119],[6.39149175,50.87075982],[6.3902548,50.8711997],[6.38903701,50.87166051],[6.38783928,50.87214192],[6.38666247,50.87264358],[6.38550745,50.87316512],[6.38437504,50.87370616],[6.38326607,50.87426632],[6.38218135,50.87484518],[6.38112167,50.87544233],[6.38008779,50.87605733],[6.37908047,50.87668973],[6.37810044,50.87733908],[6.37714841,50.8780049],[6.37622507,50.87868672],[6.37533111,50.87938403],[6.37446716,50.88009633],[6.37363386,50.8808231],[6.37283181,50.88156381],[6.37206159,50.88231794],[6.37132378,50.88308492],[6.3706189,50.8838642],[6.36994747,50.88465522],[6.36930997,50.8854574],[6.36870689,50.88627016],[6.36813864,50.8870929],[6.36760565,50.88792504],[6.36710831,50.88876596],[6.36664698,50.88961505],[6.366222,50.89047171],[6.36583367,50.89133529],[6.36548229,50.89220519],[6.36516811,50.89308076],[6.36489136,50.89396137],[6.36465224,50.89484637],[6.36445093,50.89573513],[6.36428758,50.89662701],[6.36416231,50.89752134],[6.36407522,50.89841748],[6.36402636,50.89931478],[6.36401577,50.90021259],[6.36404347,50.90111025],[6.36410944,50.90200712],[6.36421363,50.90290253],[6.36435597,50.90379584],[6.36453636,50.9046864],[6.36475466,50.90557356],[6.36501073,50.90645667],[6.36530437,50.9073351],[6.36563538,50.9082082],[6.36600352,50.90907534],[6.36640852,50.90993588],[6.36685008,50.91078921],[6.3673279,50.9116347],[6.36784161,50.91247173],[6.36839086,50.9132997],[6.36897525,50.914118],[6.36959434,50.91492604],[6.3702477,50.91572323],[6.37093484,50.916509],[6.37165527,50.91728275],[6.37240847,50.91804395],[6.37319389,50.91879202],[6.37401096,50.91952643],[6.37485908,50.92024664],[6.37573765,50.92095212],[6.37664601,50.92164237],[6.37758352,50.92231688],[6.37854949,50.92297516],[6.37954321,50.92361673],[6.38056397,50.92424112],[6.38161103,50.92484788],[6.38268361,50.92543657],[6.38378095,50.92600675],[6.38490224,50.92655802],[6.38604667,50.92708997],[6.3872134,50.92760221],[6.38840158,50.92809437],[6.38961036,50.92856609],[6.39083885,50.92901703],[6.39208615,50.92944685],[6.39335136,50.92985526],[6.39463356,50.93024194],[6.39593181,50.93060662],[6.39724516,50.93094903],[6.39857267,50.93126893],[6.39991336,50.93156607],[6.40126626,50.93184024],[6.40263038,50.93209125],[6.40400473,50.93231891],[6.4053883,50.93252305],[6.40678009,50.93270352],[6.40817909,50.9328602],[6.40958427,50.93299297],[6.41099461,50.93310173],[6.41240909,50.9331864],[6.41382667,50.93324693],[6.41524632,50.93328326],[6.416667,50.93329538],[6.41808768,50.93328326]]],"type":"Polygon"},"properties":{"upper_limit_alt_ref":"MSL","upper_limit_altitude":2300.0,"lower_limit_altitude":0.0,"lower_limit_alt_ref":"AGL","legal_ref":"§ 17, Abs. 1 LuftVO","generated_name_EN":"Juelich","lower_limit_unit":"m","type_code_detail":"RESTRICTED","external_reference":"447","name":["Juelich"],"upper_limit_unit":"ft","generated_name_DE":"Juelich","type_code":"FLUGBESCHRAENKUNGSGEBIET"}},{"type":"Feature","geometry":{"coordinates":[[[9.37914491,49.30412835],[9.38050788,49.30405637],[9.38186297,49.30393664],[9.38320627,49.30376951],[9.3845339,49.30355545],[9.38584204,49.30329509],[9.3871269,49.30298917],[9.38838478,49.30263858],[9.38961205,49.30224433],[9.39080517,49.30180756],[9.3919607,49.30132952],[9.3930753,49.3008116],[9.39414576,49.30025529],[9.39516899,49.2996622],[9.39614204,49.29903404],[9.3970621,49.29837262],[9.39792653,49.29767985],[9.39873283,49.29695773],[9.39947867,49.29620833],[9.40016192,49.29543383],[9.40078059,49.29463646],[9.40133291,49.29381851],[9.40181729,49.29298236],[9.40223234,49.29213039],[9.40257686,49.29126509],[9.40284986,49.29038894],[9.40305056,49.28950446],[9.40317838,49.28861421],[9.40323296,49.28772076],[9.40321415,49.28682668],[9.40312201,49.28593454],[9.40295679,49.28504693],[9.40271899,49.2841664],[9.40240929,49.28329549],[9.4020286,49.28243671],[9.401578,49.28159253],[9.40105881,49.28076539],[9.40047252,49.27995767],[9.39982082,49.2791717],[9.3991056,49.27840974],[9.39832893,49.277674],[9.39749303,49.27696658],[9.39660033,49.27628954],[9.39565339,49.27564481],[9.39465495,49.27503427],[9.39360789,49.27445965],[9.39251523,49.27392263],[9.3913801,49.27342475],[9.39020579,49.27296744],[9.38899568,49.27255203],[9.38775326,49.2721797],[9.3864821,49.27185153],[9.38518587,49.27156846],[9.3838683,49.27133132],[9.38253319,49.27114078],[9.38118438,49.27099739],[9.37982576,49.27090157],[9.37846124,49.27085359],[9.37709476,49.27085359],[9.37573024,49.27090157],[9.37437162,49.27099739],[9.37302281,49.27114078],[9.3716877,49.27133132],[9.37037013,49.27156846],[9.3690739,49.27185153],[9.36780274,49.2721797],[9.36656032,49.27255203],[9.36535021,49.27296744],[9.3641759,49.27342475],[9.36304077,49.27392263],[9.36194811,49.27445965],[9.36090105,49.27503427],[9.35990261,49.27564481],[9.35895567,49.27628954],[9.35806297,49.27696658],[9.35722707,49.277674],[9.3564504,49.27840974],[9.35573518,49.2791717],[9.35508348,49.27995767],[9.35449719,49.28076539],[9.353978,49.28159253],[9.3535274,49.28243671],[9.35314671,49.28329549],[9.35283701,49.2841664],[9.35259921,49.28504693],[9.35243399,49.28593454],[9.35234185,49.28682668],[9.35232304,49.28772076],[9.35237762,49.28861421],[9.35250544,49.28950446],[9.35270614,49.29038894],[9.35297914,49.29126509],[9.35332366,49.29213039],[9.35373871,49.29298236],[9.35422309,49.29381851],[9.35477541,49.29463646],[9.35539408,49.29543383],[9.35607733,49.29620833],[9.35682317,49.29695773],[9.35762947,49.29767985],[9.3584939,49.29837262],[9.35941396,49.29903404],[9.36038701,49.2996622],[9.36141024,49.30025529],[9.3624807,49.3008116],[9.3635953,49.30132952],[9.36475083,49.30180756],[9.36594395,49.30224433],[9.36717122,49.30263858],[9.3684291,49.30298917],[9.36971396,49.30329509],[9.3710221,49.30355545],[9.37234973,49.30376951],[9.37369303,49.30393664],[9.37504812,49.30405637],[9.37641109,49.30412835],[9.377778,49.30415236],[9.37914491,49.30412835]]],"type":"Polygon"},"properties":{"upper_limit_alt_ref":"MSL","upper_limit_altitude":3000.0,"lower_limit_altitude":0.0,"lower_limit_alt_ref":"AGL","legal_ref":"§ 17, Abs. 1 LuftVO","generated_name_EN":"Lampoldshausen","lower_limit_unit":"m","type_code_detail":"RESTRICTED","external_reference":"493","name":["Lampoldshausen"],"upper_limit_unit":"ft","generated_name_DE":"Lampoldshausen","type_code":"FLUGBESCHRAENKUNGSGEBIET"}},{"type":"Feature","geometry":{"coordinates":[[[10.42768374,54.5044212],[10.43870318,54.5088414],[10.44972501,54.51326059],[10.46074922,54.51767877],[10.4717758,54.52209594],[10.48280477,54.52651211],[10.49383612,54.53092726],[10.50486985,54.53534141],[10.51590595,54.53975454],[10.52694444,54.54416667],[10.5395926,54.54083929],[10.55223869,54.53751058],[10.56488273,54.53418056],[10.57752471,54.5308492],[10.59016463,54.52751653],[10.60280249,54.52418253],[10.61543829,54.52084722],[10.62807203,54.51751058],[10.64070371,54.51417262],[10.65333333,54.51083333],[10.67631743,54.5139919],[10.69930507,54.5171461],[10.72229626,54.52029593],[10.74529098,54.52344138],[10.76828923,54.52658247],[10.79129101,54.52971917],[10.81429631,54.5328515],[10.83730514,54.53597945],[10.86031748,54.53910303],[10.88333333,54.54222222],[10.88333333,54.53133342],[10.88333333,54.5204446],[10.88333333,54.50955576],[10.88333333,54.4986669],[10.88333333,54.48777802],[10.88333333,54.47688913],[10.88333333,54.46600021],[10.88333333,54.45511127],[10.88333333,54.44422231],[10.88333333,54.43333333],[10.87833151,54.4316676],[10.87333009,54.43000166],[10.86832907,54.42833551],[10.86332846,54.42666916],[10.85832826,54.42500259],[10.85332846,54.42333582],[10.84832907,54.42166884],[10.84333009,54.42000166],[10.83833151,54.41833427],[10.83333333,54.41666667],[10.81666667,54.41666667],[10.8,54.41666667],[10.78333333,54.41666667],[10.76666667,54.41666667],[10.75,54.41666667],[10.73333333,54.41666667],[10.71666667,54.41666667],[10.7,54.41666667],[10.68333333,54.41666667],[10.66666667,54.41666667],[10.66666667,54.40833339],[10.66666667,54.40000009],[10.66666667,54.39166679],[10.66666667,54.38333347],[10.66666667,54.37500014],[10.66666667,54.36666681],[10.66666667,54.35833345],[10.66666667,54.35000009],[10.66666667,54.34166672],[10.66666667,54.33333333],[10.66666667,54.32552782],[10.66666667,54.3177223],[10.66666667,54.30991677],[10.66666667,54.30211123],[10.66666667,54.29430568],[10.66666667,54.28650012],[10.66666667,54.27869455],[10.66666667,54.27088897],[10.66666667,54.26308338],[10.66666667,54.25527778],[10.64170922,54.26310668],[10.61674231,54.27093039],[10.59176595,54.27874893],[10.56678014,54.28656229],[10.54178486,54.29437045],[10.51678014,54.30217342],[10.49176595,54.3099712],[10.46674231,54.31776378],[10.44170922,54.32555116],[10.41666667,54.33333333],[10.41666667,54.35000021],[10.41666667,54.36666704],[10.41666667,54.38333382],[10.41666667,54.40000056],[10.41666667,54.41666725],[10.41666667,54.43333389],[10.41666667,54.45000049],[10.41666667,54.46666704],[10.41666667,54.48333354],[10.41666667,54.5],[10.42768374,54.5044212]]],"type":"Polygon"},"properties":{"upper_limit_alt_ref":"MSL","upper_limit_altitude":40000.0,"lower_limit_altitude":0.0,"lower_limit_alt_ref":"AGL","legal_ref":"§ 17, Abs. 1 LuftVO","generated_name_EN":"Todendorf-Putlos A","lower_limit_unit":"m","type_code_detail":"RESTRICTED","external_reference":"449","name":["Todendorf-Putlos A"],"upper_limit_unit":"ft","generated_name_DE":"Todendorf-Putlos A","type_code":"FLUGBESCHRAENKUNGSGEBIET"}},{"type":"Feature","geometry":{"coordinates":[[[12.30250091,52.20375024],[12.30500162,52.20194487],[12.30750213,52.20013945],[12.31000243,52.19833398],[12.31250253,52.19652845],[12.31500243,52.19472286],[12.31750213,52.19291723],[12.32000162,52.19111154],[12.32250091,52.1893058],[12.325,52.1875],[12.325,52.17763896],[12.325,52.16777791],[12.325,52.15791684],[12.325,52.14805575],[12.325,52.13819465],[12.325,52.12833353],[12.325,52.1184724],[12.325,52.10861124],[12.325,52.09875007],[12.325,52.08888889],[12.31902845,52.08944581],[12.31305674,52.09000242],[12.30708489,52.09055873],[12.30111289,52.09111474],[12.29514074,52.09167045],[12.28916845,52.09222585],[12.283196,52.09278095],[12.27722341,52.09333575],[12.27125067,52.09389025],[12.26527778,52.09444444],[12.26847044,52.09722262],[12.27166349,52.1000007],[12.27485694,52.1027787],[12.27805079,52.10555661],[12.28124504,52.10833443],[12.28443968,52.11111217],[12.28763472,52.11388981],[12.29083016,52.11666737],[12.29402599,52.11944484],[12.29722222,52.12222222],[12.29727777,52.12372222],[12.29733332,52.12522222],[12.29738888,52.12672222],[12.29744444,52.12822222],[12.2975,52.12972222],[12.29774962,52.1373056],[12.29799932,52.14488897],[12.29824911,52.15247233],[12.29849898,52.16005568],[12.29874894,52.16763902],[12.29899898,52.17522235],[12.29924911,52.18280566],[12.29949932,52.19038897],[12.29974962,52.19797227],[12.3,52.20555556],[12.30250091,52.20375024]]],"type":"Polygon"},"properties":{"upper_limit_alt_ref":"MSL","upper_limit_altitude":10700.0,"lower_limit_altitude":0.0,"lower_limit_alt_ref":"AGL","legal_ref":"§ 17, Abs. 1 LuftVO","generated_name_EN":"Altengrabow C","lower_limit_unit":"m","type_code_detail":"RESTRICTED","external_reference":"2566","name":["Altengrabow C"],"upper_limit_unit":"ft","generated_name_DE":"Altengrabow C","type_code":"FLUGBESCHRAENKUNGSGEBIET"}},{"type":"Feature","geometry":{"coordinates":[[[8.4352585,49.13162665],[8.43662601,49.13159031],[8.43799152,49.13152977],[8.43935404,49.13144507],[8.44071259,49.13133628],[8.44206616,49.13120348],[8.44341377,49.13104676],[8.44475445,49.13086623],[8.44608721,49.13066204],[8.44741108,49.13043432],[8.44872511,49.13018325],[8.45002832,49.129909],[8.45131978,49.12961177],[8.45259854,49.12929179],[8.45386367,49.12894929],[8.45511425,49.12858451],[8.45634937,49.12819772],[8.45756813,49.12778921],[8.45876964,49.12735926],[8.45995302,49.1269082],[8.46111743,49.12643635],[8.462262,49.12594405],[8.4633859,49.12543167],[8.46448833,49.12489958],[8.46556846,49.12434816],[8.46662553,49.12377782],[8.46765876,49.12318897],[8.46866739,49.12258204],[8.4696507,49.12195747],[8.47060797,49.12131572],[8.47153851,49.12065725],[8.47244163,49.11998255],[8.47331668,49.11929211],[8.47416303,49.11858642],[8.47498005,49.117866],[8.47576716,49.11713138],[8.47652379,49.1163831],[8.47724938,49.11562168],[8.47794342,49.1148477],[8.47860538,49.11406171],[8.4792348,49.11326429],[8.47983122,49.11245601],[8.4803942,49.11163747],[8.48092335,49.11080926],[8.48141826,49.10997197],[8.48187859,49.10912624],[8.48230401,49.10827265],[8.4826942,49.10741185],[8.48304888,49.10654445],[8.4833678,49.10567109],[8.48365072,49.10479239],[8.48389745,49.10390901],[8.4841078,49.10302158],[8.48428163,49.10213075],[8.48441881,49.10123717],[8.48451924,49.10034148],[8.48458285,49.09944433],[8.48460959,49.09854639],[8.48459946,49.0976483],[8.48455245,49.09675072],[8.48446861,49.09585429],[8.48434799,49.09495968],[8.48419069,49.09406752],[8.48399683,49.09317848],[8.48376654,49.09229319],[8.4835,49.0914123],[8.4831974,49.09053645],[8.48285896,49.08966627],[8.48248493,49.0888024],[8.48207559,49.08794547],[8.48163123,49.0870961],[8.48115218,49.0862549],[8.48063879,49.0854225],[8.48009143,49.08459948],[8.47951051,49.08378645],[8.47889644,49.08298401],[8.47824968,49.08219272],[8.47757069,49.08141318],[8.47685997,49.08064594],[8.47611804,49.07989157],[8.47534543,49.0791506],[8.47454272,49.07842358],[8.47371048,49.07771104],[8.47284933,49.07701349],[8.47195988,49.07633145],[8.47104278,49.0756654],[8.47009871,49.07501582],[8.46912834,49.0743832],[8.46813239,49.07376799],[8.46711157,49.07317064],[8.46606664,49.07259158],[8.46499834,49.07203123],[8.46390746,49.07149],[8.46279479,49.07096827],[8.46166114,49.07046644],[8.46050732,49.06998487],[8.45933418,49.06952389],[8.45814258,49.06908386],[8.45693337,49.06866508],[8.45570743,49.06826786],[8.45446566,49.0678925],[8.45320895,49.06753926],[8.45193822,49.06720839],[8.45065439,49.06690015],[8.4493584,49.06661474],[8.44805118,49.06635239],[8.44673368,49.06611328],[8.44540686,49.06589758],[8.44407168,49.06570545],[8.44272912,49.06553703],[8.44138014,49.06539245],[8.44002572,49.0652718],[8.43866685,49.06517518],[8.43730451,49.06510265],[8.4359397,49.06505426],[8.4345734,49.06503006],[8.4332066,49.06503006],[8.4318403,49.06505426],[8.43047549,49.06510265],[8.42911315,49.06517518],[8.42775428,49.0652718],[8.42639986,49.06539245],[8.42505088,49.06553703],[8.42370832,49.06570545],[8.42237314,49.06589758],[8.42104632,49.06611328],[8.41972882,49.06635239],[8.4184216,49.06661474],[8.41712561,49.06690015],[8.41584178,49.06720839],[8.41457105,49.06753926],[8.41331434,49.0678925],[8.41207257,49.06826786],[8.41084663,49.06866508],[8.40963742,49.06908386],[8.40844582,49.06952389],[8.40727268,49.06998487],[8.40611886,49.07046644],[8.40498521,49.07096827],[8.40387254,49.07149],[8.40278166,49.07203123],[8.40171336,49.07259158],[8.40066843,49.07317064],[8.39964761,49.07376799],[8.39865166,49.0743832],[8.39768129,49.07501582],[8.39673722,49.0756654],[8.39582012,49.07633145],[8.39493067,49.07701349],[8.39406952,49.07771104],[8.39323728,49.07842358],[8.39243457,49.0791506],[8.39166196,49.07989157],[8.39092003,49.08064594],[8.39020931,49.08141318],[8.38953032,49.08219272],[8.38888356,49.08298401],[8.38826949,49.08378645],[8.38768857,49.08459948],[8.38714121,49.0854225],[8.38662782,49.0862549],[8.38614877,49.0870961],[8.38570441,49.08794547],[8.38529507,49.0888024],[8.38492104,49.08966627],[8.3845826,49.09053645],[8.38428,49.0914123],[8.38401346,49.09229319],[8.38378317,49.09317848],[8.38358931,49.09406752],[8.38343201,49.09495968],[8.38331139,49.09585429],[8.38322755,49.09675072],[8.38318054,49.0976483],[8.38317041,49.09854639],[8.38319715,49.09944433],[8.38326076,49.10034148],[8.38336119,49.10123717],[8.38349837,49.10213075],[8.3836722,49.10302158],[8.38388255,49.10390901],[8.38412928,49.10479239],[8.3844122,49.10567109],[8.38473112,49.10654445],[8.3850858,49.10741185],[8.38547599,49.10827265],[8.38590141,49.10912624],[8.38636174,49.10997197],[8.38685665,49.11080926],[8.3873858,49.11163747],[8.38794878,49.11245601],[8.3885452,49.11326429],[8.38917462,49.11406171],[8.38983658,49.1148477],[8.39053062,49.11562168],[8.39125621,49.1163831],[8.39201284,49.11713138],[8.39279995,49.117866],[8.39361697,49.11858642],[8.39446332,49.11929211],[8.39533837,49.11998255],[8.39624149,49.12065725],[8.39717203,49.12131572],[8.3981293,49.12195747],[8.39911261,49.12258204],[8.40012124,49.12318897],[8.40115447,49.12377782],[8.40221154,49.12434816],[8.40329167,49.12489958],[8.4043941,49.12543167],[8.405518,49.12594405],[8.40666257,49.12643635],[8.40782698,49.1269082],[8.40901036,49.12735926],[8.41021187,49.12778921],[8.41143063,49.12819772],[8.41266575,49.12858451],[8.41391633,49.12894929],[8.41518146,49.12929179],[8.41646022,49.12961177],[8.41775168,49.129909],[8.41905489,49.13018325],[8.42036892,49.13043432],[8.42169279,49.13066204],[8.42302555,49.13086623],[8.42436623,49.13104676],[8.42571384,49.13120348],[8.42706741,49.13133628],[8.42842596,49.13144507],[8.42978848,49.13152977],[8.43115399,49.13159031],[8.4325215,49.13162665],[8.43389,49.13163877],[8.4352585,49.13162665]]],"type":"Polygon"},"properties":{"upper_limit_alt_ref":"MSL","upper_limit_altitude":2300.0,"lower_limit_altitude":0.0,"lower_limit_alt_ref":"AGL","legal_ref":"§ 17, Abs. 1 LuftVO","generated_name_EN":"Karlsruhe","lower_limit_unit":"m","type_code_detail":"RESTRICTED","external_reference":"448","name":["Karlsruhe"],"upper_limit_unit":"ft","generated_name_DE":"Karlsruhe","type_code":"FLUGBESCHRAENKUNGSGEBIET"}},{"type":"Feature","geometry":{"coordinates":[[[7.21811059,49.69839162],[7.22649908,49.69872708],[7.23488768,49.69906194],[7.2432764,49.69939618],[7.25166523,49.69972982],[7.26005418,49.70006285],[7.26844324,49.70039527],[7.27683242,49.70072708],[7.28522171,49.70105829],[7.29361111,49.70138889],[7.29618076,49.70083353],[7.29875035,49.70027812],[7.30131988,49.69972265],[7.30388936,49.69916712],[7.30645877,49.69861154],[7.30902813,49.6980559],[7.31159743,49.6975002],[7.31416667,49.69694444],[7.32541332,49.69856047],[7.33666071,49.70017541],[7.34790885,49.70178925],[7.35915774,49.70340201],[7.37040737,49.70501366],[7.38165774,49.70662423],[7.39290886,49.7082337],[7.40416072,49.70984208],[7.41541332,49.71144936],[7.42666667,49.71305556],[7.43833315,49.71314418],[7.44999968,49.71323162],[7.46166624,49.71331789],[7.47333285,49.71340299],[7.4849995,49.71348691],[7.49666619,49.71356966],[7.50833292,49.71365123],[7.51999968,49.71373162],[7.53166649,49.71381084],[7.54333333,49.71388889],[7.54333333,49.7060556],[7.54333333,49.69822231],[7.54333333,49.690389],[7.54333333,49.68255568],[7.54333333,49.67472236],[7.54333333,49.66688902],[7.54333333,49.65905567],[7.54333333,49.65122231],[7.54333333,49.64338894],[7.54333333,49.63555556],[7.54069393,49.63450027],[7.53805464,49.63344493],[7.53541547,49.63238952],[7.53277641,49.63133406],[7.53013746,49.63027853],[7.52749863,49.62922295],[7.52485991,49.6281673],[7.52222131,49.62711159],[7.51958282,49.62605583],[7.51694444,49.625],[7.51697224,49.62230556],[7.51700002,49.61961112],[7.51702781,49.61691668],[7.51705559,49.61422224],[7.51708337,49.61152779],[7.51711115,49.60883335],[7.51713892,49.6061389],[7.51716669,49.60344445],[7.51719446,49.60075001],[7.51722222,49.59805556],[7.51149494,49.59325129],[7.50576879,49.58844674],[7.50004375,49.5836419],[7.49431985,49.57883678],[7.48859707,49.57403136],[7.48287541,49.56922567],[7.47715487,49.56441968],[7.47143546,49.55961341],[7.46571717,49.55480685],[7.46,49.55],[7.44066667,49.55],[7.42133333,49.55],[7.402,49.55],[7.38266667,49.55],[7.36333333,49.55],[7.344,49.55],[7.32466667,49.55],[7.30533333,49.55],[7.286,49.55],[7.26666667,49.55],[7.26097519,49.5528346],[7.25528305,49.55566892],[7.24959025,49.55850296],[7.2438968,49.56133671],[7.23820268,49.56417019],[7.23250791,49.56700338],[7.22681248,49.56983629],[7.22111638,49.57266892],[7.21541963,49.57550127],[7.20972222,49.57833333],[7.20972222,49.59030567],[7.20972222,49.60227798],[7.20972222,49.61425026],[7.20972222,49.62622252],[7.20972222,49.63819476],[7.20972222,49.65016697],[7.20972222,49.66213915],[7.20972222,49.67411131],[7.20972222,49.68608345],[7.20972222,49.69805556],[7.21811059,49.69839162]]],"type":"Polygon"},"properties":{"upper_limit_alt_ref":"MSL","upper_limit_altitude":23000.0,"lower_limit_altitude":0.0,"lower_limit_alt_ref":"AGL","legal_ref":"§ 17, Abs. 1 LuftVO","generated_name_EN":"Baumholder","lower_limit_unit":"m","type_code_detail":"RESTRICTED","external_reference":"443","name":["Baumholder"],"upper_limit_unit":"ft","generated_name_DE":"Baumholder","type_code":"FLUGBESCHRAENKUNGSGEBIET"}},{"type":"Feature","geometry":{"coordinates":[[[11.60647764,49.68316732],[11.61045407,49.67577894],[11.6144293,49.66839042],[11.61840332,49.66100175],[11.62237614,49.65361293],[11.62634776,49.64622397],[11.63031818,49.63883486],[11.63428739,49.63144561],[11.63825541,49.62405621],[11.64222222,49.61666667],[11.63966667,49.61666667],[11.63711111,49.61666667],[11.63455556,49.61666667],[11.632,49.61666667],[11.62944444,49.61666667],[11.62688889,49.61666667],[11.62433333,49.61666667],[11.62177778,49.61666667],[11.61922222,49.61666667],[11.61666667,49.61666667],[11.6116682,49.61833431],[11.6066694,49.62000173],[11.60167025,49.62166894],[11.59667076,49.62333593],[11.59167093,49.62500271],[11.58667076,49.62666926],[11.58167025,49.62833561],[11.5766694,49.63000173],[11.5716682,49.63166764],[11.56666667,49.63333333],[11.56666667,49.63666668],[11.56666667,49.64000002],[11.56666667,49.64333335],[11.56666667,49.64666669],[11.56666667,49.65000002],[11.56666667,49.65333336],[11.56666667,49.65666669],[11.56666667,49.66000002],[11.56666667,49.66333334],[11.56666667,49.66666667],[11.57024842,49.66905606],[11.57383053,49.67144534],[11.57741298,49.67383451],[11.58099579,49.67622356],[11.58457894,49.67861251],[11.58816245,49.68100134],[11.59174631,49.68339006],[11.59533052,49.68577867],[11.59891509,49.68816717],[11.6025,49.69055556],[11.60647764,49.68316732]]],"type":"Polygon"},"properties":{"upper_limit_alt_ref":"MSL","upper_limit_altitude":10000.0,"lower_limit_altitude":0.0,"lower_limit_alt_ref":"AGL","legal_ref":"§ 17, Abs. 1 LuftVO","generated_name_EN":"Grafenwoehr B","lower_limit_unit":"m","type_code_detail":"RESTRICTED","external_reference":"5552","name":["Grafenwoehr B"],"upper_limit_unit":"ft","generated_name_DE":"Grafenwoehr B","type_code":"FLUGBESCHRAENKUNGSGEBIET"}},{"type":"Feature","geometry":{"coordinates":[[[10.18554686,49.99717942],[10.18692089,49.99709029],[10.1882826,49.99694218],[10.18962592,49.99673576],[10.19094484,49.99647195],[10.19223346,49.99615193],[10.19348602,49.99577712],[10.19469693,49.9953492],[10.19586078,49.9948701],[10.19697236,49.99434193],[10.19802671,49.99376708],[10.19901912,49.9931481],[10.19994516,49.99248776],[10.20080069,49.99178902],[10.20158189,49.99105499],[10.20228528,49.99028896],[10.20290771,49.98949435],[10.20344641,49.9886747],[10.20389898,49.98783369],[10.20426339,49.98697506],[10.20453804,49.98610266],[10.20472168,49.98522037],[10.20481352,49.98433215],[10.20481314,49.98344195],[10.20472055,49.98255376],[10.20453617,49.98167154],[10.20426082,49.98079923],[10.20389575,49.97994073],[10.20344258,49.97909987],[10.20290335,49.9782804],[10.20228047,49.97748598],[10.20157672,49.97672016],[10.20079524,49.97598636],[10.19993953,49.97528786],[10.19901342,49.97462776],[10.19802103,49.97400903],[10.19696681,49.97343441],[10.19585545,49.97290648],[10.19469193,49.9724276],[10.19348143,49.97199989],[10.19222936,49.97162527],[10.1909413,49.9713054],[10.18962301,49.97104173],[10.18828038,49.97083542],[10.18691938,49.9706874],[10.1855461,49.97059831],[10.18416667,49.97056858],[10.18278723,49.97059831],[10.18141395,49.9706874],[10.18005296,49.97083542],[10.17871032,49.97104173],[10.17739203,49.9713054],[10.17610398,49.97162527],[10.17485191,49.97199989],[10.17364141,49.9724276],[10.17247788,49.97290648],[10.17136652,49.97343441],[10.1703123,49.97400903],[10.16931991,49.97462776],[10.1683938,49.97528786],[10.16753809,49.97598636],[10.16675662,49.97672016],[10.16605287,49.97748598],[10.16542998,49.9782804],[10.16489075,49.97909987],[10.16443758,49.97994073],[10.16407251,49.98079923],[10.16379717,49.98167154],[10.16361279,49.98255376],[10.1635202,49.98344195],[10.16351981,49.98433215],[10.16361165,49.98522037],[10.1637953,49.98610266],[10.16406994,49.98697506],[10.16443436,49.98783369],[10.16488692,49.9886747],[10.16542562,49.98949435],[10.16604806,49.99028896],[10.16675144,49.99105499],[10.16753265,49.99178902],[10.16838818,49.99248776],[10.16931421,49.9931481],[10.17030662,49.99376708],[10.17136098,49.99434193],[10.17247256,49.9948701],[10.1736364,49.9953492],[10.17484731,49.99577712],[10.17609988,49.99615193],[10.1773885,49.99647195],[10.17870741,49.99673576],[10.18005073,49.99694218],[10.18141244,49.99709029],[10.18278647,49.99717942],[10.18416667,49.99720917],[10.18554686,49.99717942]]],"type":"Polygon"},"properties":{"upper_limit_alt_ref":"MSL","upper_limit_altitude":2700.0,"lower_limit_altitude":0.0,"lower_limit_alt_ref":"AGL","legal_ref":"§ 17, Abs. 1 LuftVO","generated_name_EN":"Grafenrheinfeld","lower_limit_unit":"m","type_code_detail":"RESTRICTED","external_reference":"3969","name":["Grafenrheinfeld"],"upper_limit_unit":"ft","generated_name_DE":"Grafenrheinfeld","type_code":"FLUGBESCHRAENKUNGSGEBIET"}},{"type":"Feature","geometry":{"coordinates":[[[8.76000928,54.11502689],[8.78668345,54.11338088],[8.81335551,54.11172895],[8.84002544,54.11007111],[8.86669324,54.10840736],[8.8933589,54.1067377],[8.92002241,54.10506214],[8.94668377,54.10338066],[8.97334297,54.10169328],[9,54.1],[9.00166971,54.09166686],[9.00333874,54.08333368],[9.00500711,54.07500046],[9.00667481,54.06666722],[9.00834184,54.05833393],[9.0100082,54.05000062],[9.0116739,54.04166726],[9.01333893,54.03333388],[9.0150033,54.02500046],[9.016667,54.016667],[9.00000631,54.018344],[8.98334427,54.02001868],[8.9666809,54.02169106],[8.9500162,54.02336113],[8.93335016,54.02502888],[8.91668279,54.02669433],[8.90001408,54.02835746],[8.88334405,54.03001829],[8.86667269,54.0316768],[8.85,54.033333],[8.8383417,54.0366715],[8.82668154,54.04000887],[8.81501951,54.0433451],[8.80335561,54.0466802],[8.79168984,54.05001417],[8.78002221,54.053347],[8.76835271,54.0566787],[8.75668134,54.06000927],[8.7450081,54.0633387],[8.733333,54.066667],[8.733333,54.07166702],[8.733333,54.07666703],[8.733333,54.08166704],[8.733333,54.08666705],[8.733333,54.09166705],[8.733333,54.09666705],[8.733333,54.10166704],[8.733333,54.10666703],[8.733333,54.11166702],[8.733333,54.116667],[8.76000928,54.11502689]]],"type":"Polygon"},"properties":{"upper_limit_alt_ref":"MSL","upper_limit_altitude":5000.0,"lower_limit_altitude":0.0,"lower_limit_alt_ref":"AGL","legal_ref":"§ 17, Abs. 1 LuftVO","generated_name_EN":"Meldorfer Bucht A","lower_limit_unit":"m","type_code_detail":"RESTRICTED","external_reference":"499","name":["Meldorfer Bucht A"],"upper_limit_unit":"ft","generated_name_DE":"Meldorfer Bucht A","type_code":"FLUGBESCHRAENKUNGSGEBIET"}},{"type":"Feature","geometry":{"coordinates":[[[10.89331963,54.43958708],[10.90330896,54.44584],[10.91330134,54.45209209],[10.92329677,54.45834334],[10.93329524,54.46459376],[10.94329676,54.47084334],[10.95330132,54.47709209],[10.96330894,54.48334001],[10.97331961,54.48958709],[10.98333333,54.49583333],[10.98333333,54.48958336],[10.98333333,54.48333339],[10.98333333,54.4770834],[10.98333333,54.47083341],[10.98333333,54.46458341],[10.98333333,54.45833341],[10.98333333,54.4520834],[10.98333333,54.44583339],[10.98333333,54.43958336],[10.98333333,54.43333333],[10.97999635,54.42833377],[10.97666018,54.4233341],[10.97332482,54.41833434],[10.96999027,54.41333449],[10.96665653,54.40833453],[10.9633236,54.40333449],[10.95999149,54.39833434],[10.95666018,54.3933341],[10.95332969,54.38833377],[10.95,54.38333333],[10.95,54.38083334],[10.95,54.37833334],[10.95,54.37583334],[10.95,54.37333335],[10.95,54.37083335],[10.95,54.36833335],[10.95,54.36583334],[10.95,54.36333334],[10.95,54.36083334],[10.95,54.35833333],[10.94332726,54.35416834],[10.93665588,54.35000297],[10.92998584,54.34583723],[10.92331715,54.34167112],[10.91664981,54.33750464],[10.90998382,54.33333779],[10.90331918,54.32917056],[10.89665588,54.32500297],[10.88999394,54.320835],[10.88333333,54.31666667],[10.88333333,54.31833333],[10.88333333,54.32],[10.88333333,54.32166667],[10.88333333,54.32333333],[10.88333333,54.325],[10.88333333,54.33583342],[10.88333333,54.34666682],[10.88333333,54.35750021],[10.88333333,54.36833357],[10.88333333,54.37916691],[10.88333333,54.39000023],[10.88333333,54.40083354],[10.88333333,54.41166682],[10.88333333,54.42250009],[10.88333333,54.43333333],[10.89331963,54.43958708]]],"type":"Polygon"},"properties":{"upper_limit_alt_ref":"MSL","upper_limit_altitude":4000.0,"lower_limit_altitude":0.0,"lower_limit_alt_ref":"AGL","legal_ref":"§ 17, Abs. 1 LuftVO","generated_name_EN":"Todendorf-Putlos C","lower_limit_unit":"m","type_code_detail":"RESTRICTED","external_reference":"6443","name":["Todendorf-Putlos C"],"upper_limit_unit":"ft","generated_name_DE":"Todendorf-Putlos C","type_code":"FLUGBESCHRAENKUNGSGEBIET"}},{"type":"Feature","geometry":{"coordinates":[[[8.84504751,51.82611255],[8.8389857,51.819447],[8.83292568,51.81278113],[8.82686745,51.80611495],[8.82081101,51.79944844],[8.81475635,51.79278161],[8.80870347,51.78611446],[8.80265238,51.779447],[8.79660308,51.77277921],[8.79055556,51.76611111],[8.78594444,51.76611111],[8.78133333,51.76611111],[8.77672222,51.76611111],[8.77211111,51.76611111],[8.7675,51.76611111],[8.76288889,51.76611111],[8.75827778,51.76611111],[8.75366667,51.76611111],[8.74905556,51.76611111],[8.74444444,51.76611111],[8.74444444,51.77277781],[8.74444444,51.77944451],[8.74444444,51.78611119],[8.74444444,51.79277787],[8.74444444,51.79944454],[8.74444444,51.8061112],[8.74444444,51.81277786],[8.74444444,51.81944451],[8.74444444,51.82611115],[8.74444444,51.83277778],[8.75511111,51.83277778],[8.76577778,51.83277778],[8.77644444,51.83277778],[8.78711111,51.83277778],[8.79777778,51.83277778],[8.80844444,51.83277778],[8.81911111,51.83277778],[8.82977778,51.83277778],[8.84044444,51.83277778],[8.85111111,51.83277778],[8.84504751,51.82611255]]],"type":"Polygon"},"properties":{"upper_limit_alt_ref":"PA","upper_limit_altitude":140.0,"lower_limit_altitude":0.0,"lower_limit_alt_ref":"AGL","legal_ref":"§ 17, Abs. 1 LuftVO","generated_name_EN":"Senne B","lower_limit_unit":"m","type_code_detail":"RESTRICTED","external_reference":"2460","name":["Senne B"],"upper_limit_unit":"FL","generated_name_DE":"Senne B","type_code":"FLUGBESCHRAENKUNGSGEBIET"}},{"type":"Feature","geometry":{"coordinates":[[[8.86626171,54.81939075],[8.86779431,54.81930169],[8.86931317,54.8191537],[8.87081152,54.81894743],[8.87228264,54.81868383],[8.87371996,54.81836405],[8.87511706,54.81798953],[8.8764677,54.81756195],[8.87776583,54.81708321],[8.87900566,54.81655546],[8.88018164,54.81598105],[8.88128853,54.81536256],[8.88232138,54.81470274],[8.88327558,54.81400454],[8.88414686,54.8132711],[8.88493135,54.81250567],[8.88562553,54.81171169],[8.88622632,54.8108927],[8.88673102,54.81005236],[8.88713741,54.80919442],[8.88744366,54.80832273],[8.88764841,54.80744116],[8.88775076,54.80655366],[8.88775025,54.80566419],[8.8876469,54.80477673],[8.88744117,54.80389524],[8.88713399,54.80302366],[8.88672674,54.80216587],[8.88622124,54.80132571],[8.88561975,54.80050693],[8.88492496,54.79971318],[8.88413999,54.79894801],[8.88326835,54.79821483],[8.88231391,54.79751692],[8.88128096,54.79685739],[8.88017411,54.79623919],[8.87899829,54.79566507],[8.87775876,54.79513759],[8.87646106,54.79465912],[8.87511097,54.79423178],[8.87371452,54.79385748],[8.87227795,54.7935379],[8.87080766,54.79327445],[8.86931022,54.79306832],[8.86779231,54.79292043],[8.8662607,54.79283142],[8.86472222,54.79280171],[8.86318375,54.79283142],[8.86165214,54.79292043],[8.86013423,54.79306832],[8.85863679,54.79327445],[8.8571665,54.7935379],[8.85572993,54.79385748],[8.85433348,54.79423178],[8.85298339,54.79465912],[8.85168568,54.79513759],[8.85044615,54.79566507],[8.84927034,54.79623919],[8.84816348,54.79685739],[8.84713053,54.79751692],[8.8461761,54.79821483],[8.84530445,54.79894801],[8.84451948,54.79971318],[8.8438247,54.80050693],[8.84322321,54.80132571],[8.84271771,54.80216587],[8.84231045,54.80302366],[8.84200327,54.80389524],[8.84179754,54.80477673],[8.84169419,54.80566419],[8.84169369,54.80655366],[8.84179604,54.80744116],[8.84200079,54.80832273],[8.84230704,54.80919442],[8.84271342,54.81005236],[8.84321813,54.8108927],[8.84381891,54.81171169],[8.8445131,54.81250567],[8.84529758,54.8132711],[8.84616887,54.81400454],[8.84712306,54.81470274],[8.84815591,54.81536256],[8.8492628,54.81598105],[8.85043879,54.81655546],[8.85167862,54.81708321],[8.85297675,54.81756195],[8.85432738,54.81798953],[8.85572448,54.81836405],[8.85716181,54.81868383],[8.85863293,54.81894743],[8.86013127,54.8191537],[8.86165014,54.81930169],[8.86318274,54.81939075],[8.86472222,54.81942048],[8.86626171,54.81939075]]],"type":"Polygon"},"properties":{"upper_limit_alt_ref":"MSL","upper_limit_altitude":2500.0,"lower_limit_altitude":0.0,"lower_limit_alt_ref":"AGL","legal_ref":"§ 17, Abs. 1 LuftVO","generated_name_EN":"Klixbeull","lower_limit_unit":"m","type_code_detail":"RESTRICTED","external_reference":"15556","name":["Klixbeull"],"upper_limit_unit":"ft","generated_name_DE":"Klixbeull","type_code":"FLUGBESCHRAENKUNGSGEBIET"}},{"type":"Feature","geometry":{"coordinates":[[[11.56117863,52.47550709],[11.56262853,52.475418],[11.56406543,52.47526995],[11.56548292,52.47506362],[11.56687466,52.47479991],[11.56823443,52.47448001],[11.56955615,52.47410536],[11.57083391,52.47367762],[11.57206201,52.4731987],[11.57323495,52.47267075],[11.5743475,52.47209613],[11.57539468,52.4714774],[11.57637183,52.47081734],[11.57727457,52.47011888],[11.57809887,52.46938516],[11.57884106,52.46861944],[11.57949782,52.46782516],[11.58006623,52.46700585],[11.58054375,52.46616519],[11.58092824,52.46530692],[11.58121801,52.46443488],[11.58141176,52.46355297],[11.58150862,52.46266512],[11.58150819,52.46177531],[11.58141045,52.4608875],[11.58121585,52.46000566],[11.58092528,52.45913372],[11.58054003,52.45827559],[11.58006182,52.45743509],[11.5794928,52.45661598],[11.57883552,52.45582191],[11.57809291,52.45505643],[11.57726829,52.45432295],[11.57636534,52.45362475],[11.57538811,52.45296495],[11.57434096,52.45234649],[11.57322855,52.45177213],[11.57205587,52.45124444],[11.57082814,52.45076576],[11.56955086,52.45033825],[11.5682297,52.44996379],[11.56687059,52.44964408],[11.56547957,52.44938052],[11.56406287,52.4491743],[11.56262679,52.44902634],[11.56117775,52.4489373],[11.55972222,52.44890758],[11.55826669,52.4489373],[11.55681765,52.44902634],[11.55538158,52.4491743],[11.55396487,52.44938052],[11.55257386,52.44964408],[11.55121474,52.44996379],[11.54989359,52.45033825],[11.5486163,52.45076576],[11.54738857,52.45124444],[11.54621589,52.45177213],[11.54510349,52.45234649],[11.54405633,52.45296495],[11.5430791,52.45362475],[11.54217616,52.45432295],[11.54135154,52.45505643],[11.54060893,52.45582191],[11.53995164,52.45661598],[11.53938262,52.45743509],[11.53890442,52.45827559],[11.53851917,52.45913372],[11.53822859,52.46000566],[11.538034,52.4608875],[11.53793626,52.46177531],[11.53793582,52.46266512],[11.53803269,52.46355297],[11.53822643,52.46443488],[11.5385162,52.46530692],[11.5389007,52.46616519],[11.53937821,52.46700585],[11.53994662,52.46782516],[11.54060338,52.46861944],[11.54134557,52.46938516],[11.54216988,52.47011888],[11.54307262,52.47081734],[11.54404976,52.4714774],[11.54509695,52.47209613],[11.54620949,52.47267075],[11.54738244,52.4731987],[11.54861053,52.47367762],[11.54988829,52.47410536],[11.55121001,52.47448001],[11.55256978,52.47479991],[11.55396152,52.47506362],[11.55537901,52.47526995],[11.55681592,52.475418],[11.55826581,52.47550709],[11.55972222,52.47553683],[11.56117863,52.47550709]]],"type":"Polygon"},"properties":{"upper_limit_alt_ref":"MSL","upper_limit_altitude":3000.0,"lower_limit_altitude":0.0,"lower_limit_alt_ref":"AGL","legal_ref":"§ 17, Abs. 1 LuftVO","generated_name_EN":"Altmark C","lower_limit_unit":"m","type_code_detail":"RESTRICTED","external_reference":"14350","name":["Altmark C"],"upper_limit_unit":"ft","generated_name_DE":"Altmark C","type_code":"FLUGBESCHRAENKUNGSGEBIET"}},{"type":"Feature","geometry":{"coordinates":[[[10.2558333,53],[10.2616666,53],[10.2674999,53],[10.2733332,53],[10.2791665,53],[10.2849998,53],[10.2908331,53],[10.2966664,53],[10.3024997,53],[10.308333,53],[10.308333,52.99333333],[10.308333,52.98666666],[10.308333,52.97999998],[10.308333,52.97333329],[10.308333,52.96666659],[10.308333,52.95999989],[10.308333,52.95333318],[10.308333,52.94666646],[10.308333,52.93999973],[10.308333,52.933333],[10.31111086,52.933333],[10.31388871,52.933333],[10.31666657,52.933333],[10.31944443,52.933333],[10.32222229,52.933333],[10.32500014,52.933333],[10.327778,52.933333],[10.327778,52.92499975],[10.327778,52.91666649],[10.327778,52.90833322],[10.327778,52.89999994],[10.327778,52.89166665],[10.327778,52.88333334],[10.327778,52.87500002],[10.327778,52.86666669],[10.327778,52.85833335],[10.327778,52.85],[10.3200002,52.85],[10.3122224,52.85],[10.3044446,52.85],[10.2966668,52.85],[10.288889,52.85],[10.2811112,52.85],[10.2733334,52.85],[10.2655556,52.85],[10.2577778,52.85],[10.25,52.85],[10.25,52.86500017],[10.25,52.8800003],[10.25,52.8950004],[10.25,52.91000046],[10.25,52.92500048],[10.25,52.94000046],[10.25,52.9550004],[10.25,52.9700003],[10.25,52.98500017],[10.25,53],[10.2558333,53]]],"type":"Polygon"},"properties":{"upper_limit_alt_ref":"MSL","upper_limit_altitude":24000.0,"lower_limit_altitude":0.0,"lower_limit_alt_ref":"AGL","legal_ref":"§ 17, Abs. 1 LuftVO","generated_name_EN":"Unterluess A","lower_limit_unit":"m","type_code_detail":"RESTRICTED","external_reference":"487","name":["Unterluess A"],"upper_limit_unit":"ft","generated_name_DE":"Unterluess A","type_code":"FLUGBESCHRAENKUNGSGEBIET"}},{"type":"Feature","geometry":{"coordinates":[[[7.32256784,52.48522929],[7.32401806,52.4851402],[7.32545528,52.48499215],[7.32687308,52.48478582],[7.32826513,52.48452211],[7.3296252,52.48420221],[7.33094721,52.48382756],[7.33222525,52.48339982],[7.33345362,52.4829209],[7.33462682,52.48239296],[7.33573961,52.48181834],[7.33678703,52.48119961],[7.33776439,52.48053955],[7.33866732,52.47984109],[7.33949181,52.47910737],[7.34023416,52.47834165],[7.34089107,52.47754737],[7.3414596,52.47672806],[7.34193722,52.4758874],[7.34232181,52.47502914],[7.34261164,52.4741571],[7.34280543,52.47327519],[7.34290231,52.47238734],[7.34290187,52.47149753],[7.34280412,52.47060972],[7.34260948,52.46972788],[7.34231884,52.46885595],[7.3419335,52.46799782],[7.34145519,52.46715732],[7.34088605,52.46633821],[7.34022862,52.46554414],[7.33948584,52.46477866],[7.33866104,52.46404518],[7.3377579,52.46334699],[7.33678045,52.46268719],[7.33573306,52.46206873],[7.33462042,52.46149437],[7.33344748,52.46096668],[7.33221948,52.460488],[7.33094191,52.46006049],[7.32962047,52.45968604],[7.32826105,52.45936632],[7.32686973,52.45910276],[7.32545271,52.45889655],[7.32401632,52.45874859],[7.32256696,52.45865955],[7.32111111,52.45862982],[7.31965526,52.45865955],[7.3182059,52.45874859],[7.31676951,52.45889655],[7.31535249,52.45910276],[7.31396117,52.45936632],[7.31260176,52.45968604],[7.31128031,52.46006049],[7.31000274,52.460488],[7.30877475,52.46096668],[7.3076018,52.46149437],[7.30648916,52.46206873],[7.30544177,52.46268719],[7.30446432,52.46334699],[7.30356118,52.46404518],[7.30273638,52.46477866],[7.3019936,52.46554414],[7.30133618,52.46633821],[7.30076703,52.46715732],[7.30028872,52.46799782],[7.29990338,52.46885595],[7.29961274,52.46972788],[7.29941811,52.47060972],[7.29932035,52.47149753],[7.29931991,52.47238734],[7.2994168,52.47327519],[7.29961059,52.4741571],[7.29990042,52.47502914],[7.300285,52.4758874],[7.30076262,52.47672806],[7.30133115,52.47754737],[7.30198806,52.47834165],[7.30273041,52.47910737],[7.3035549,52.47984109],[7.30445784,52.48053955],[7.30543519,52.48119961],[7.30648261,52.48181834],[7.3075954,52.48239296],[7.30876861,52.4829209],[7.30999697,52.48339982],[7.31127502,52.48382756],[7.31259703,52.48420221],[7.31395709,52.48452211],[7.31534914,52.48478582],[7.31676694,52.48499215],[7.31820416,52.4851402],[7.31965438,52.48522929],[7.32111111,52.48525903],[7.32256784,52.48522929]]],"type":"Polygon"},"properties":{"upper_limit_alt_ref":"MSL","upper_limit_altitude":2100.0,"lower_limit_altitude":0.0,"lower_limit_alt_ref":"AGL","legal_ref":"§ 17, Abs. 1 LuftVO","generated_name_EN":"Emsland","lower_limit_unit":"m","type_code_detail":"RESTRICTED","external_reference":"3968","name":["Emsland"],"upper_limit_unit":"ft","generated_name_DE":"Emsland","type_code":"FLUGBESCHRAENKUNGSGEBIET"}},{"type":"Feature","geometry":{"coordinates":[[[10.11668117,53.08751082],[10.13335913,53.0833523],[10.15003388,53.07919145],[10.16670541,53.07502825],[10.18337372,53.07086271],[10.20003881,53.06669484],[10.21670069,53.06252463],[10.23335934,53.05835209],[10.25001478,53.05417721],[10.266667,53.05],[10.266667,53.04500002],[10.266667,53.04000003],[10.266667,53.03500004],[10.266667,53.03000005],[10.266667,53.02500005],[10.266667,53.02000005],[10.266667,53.01500004],[10.266667,53.01000003],[10.266667,53.00500002],[10.266667,53],[10.25749607,52.99778096],[10.24832607,52.99556122],[10.23915702,52.99334076],[10.22998891,52.9911196],[10.22082174,52.98889773],[10.21165551,52.98667516],[10.20249022,52.98445187],[10.19332587,52.98222788],[10.18416247,52.98000318],[10.175,52.97777778],[10.15668997,52.98390163],[10.13837476,52.99002265],[10.12005438,52.99614084],[10.10172881,53.00225621],[10.08339807,53.00836874],[10.06506215,53.01447844],[10.04672105,53.02058531],[10.02837477,53.02668934],[10.01002331,53.03279053],[9.99166667,53.03888889],[10.00248809,53.04417116],[10.01331215,53.04945244],[10.02413886,53.05473272],[10.03496822,53.06001202],[10.04580023,53.06529033],[10.05663488,53.07056765],[10.06747219,53.07584397],[10.07831214,53.08111931],[10.08915475,53.08639365],[10.1,53.091667],[10.11668117,53.08751082]]],"type":"Polygon"},"properties":{"upper_limit_alt_ref":"MSL","upper_limit_altitude":10500.0,"lower_limit_altitude":0.0,"lower_limit_alt_ref":"AGL","legal_ref":"§ 17, Abs. 1 LuftVO","generated_name_EN":"Munster B","lower_limit_unit":"m","type_code_detail":"RESTRICTED","external_reference":"476","name":["Munster B"],"upper_limit_unit":"ft","generated_name_DE":"Munster B","type_code":"FLUGBESCHRAENKUNGSGEBIET"}},{"type":"Feature","geometry":{"coordinates":[[[9.81833373,50.11666667],[9.83111147,50.11666667],[9.8438892,50.11666667],[9.85666693,50.11666667],[9.86944467,50.11666667],[9.8822224,50.11666667],[9.89500013,50.11666667],[9.90777787,50.11666667],[9.9205556,50.11666667],[9.93333333,50.11666667],[9.93333333,50.10833339],[9.93333333,50.1000001],[9.93333333,50.09166679],[9.93333333,50.08333348],[9.93333333,50.07500015],[9.93333333,50.06666681],[9.93333333,50.05833346],[9.93333333,50.0500001],[9.93333333,50.04166672],[9.93333333,50.03333333],[9.92055556,50.03333333],[9.90777778,50.03333333],[9.895,50.03333333],[9.88222222,50.03333333],[9.86944444,50.03333333],[9.85666667,50.03333333],[9.84388889,50.03333333],[9.83111111,50.03333333],[9.81833333,50.03333333],[9.80555556,50.03333333],[9.8055556,50.04166672],[9.80555564,50.0500001],[9.80555569,50.05833346],[9.80555573,50.06666681],[9.80555578,50.07500015],[9.80555582,50.08333348],[9.80555587,50.09166679],[9.80555591,50.1000001],[9.80555596,50.10833339],[9.805556,50.11666667],[9.81833373,50.11666667]]],"type":"Polygon"},"properties":{"upper_limit_alt_ref":"PA","upper_limit_altitude":100.0,"lower_limit_altitude":0.0,"lower_limit_alt_ref":"AGL","legal_ref":"§ 17, Abs. 1 LuftVO","generated_name_EN":"Hammelburg A","lower_limit_unit":"m","type_code_detail":"RESTRICTED","external_reference":"492","name":["Hammelburg A"],"upper_limit_unit":"FL","generated_name_DE":"Hammelburg A","type_code":"FLUGBESCHRAENKUNGSGEBIET"}},{"type":"Feature","geometry":{"coordinates":[[[13.9505,52.20277844],[13.95461111,52.20277897],[13.95872222,52.20277935],[13.96283333,52.20277959],[13.96694444,52.20277968],[13.97105556,52.20277963],[13.97516667,52.20277944],[13.97927778,52.2027791],[13.98338889,52.20277862],[13.9875,52.202778],[13.98758341,52.19827799],[13.9876668,52.19377798],[13.98775018,52.18927797],[13.98783354,52.18477795],[13.98791688,52.18027793],[13.9880002,52.17577791],[13.98808351,52.17127788],[13.9881668,52.16677785],[13.98825008,52.16227782],[13.98833333,52.15777778],[13.98427773,52.15772285],[13.98022214,52.15766778],[13.97616656,52.15761258],[13.97211099,52.15755723],[13.96805543,52.15750174],[13.96399988,52.15744612],[13.95994434,52.15739035],[13.95588881,52.15733445],[13.95183329,52.15727841],[13.94777778,52.15722222],[13.94763902,52.16177779],[13.94750023,52.16633336],[13.94736141,52.17088893],[13.94722256,52.17544449],[13.94708369,52.18000005],[13.94694479,52.1845556],[13.94680585,52.18911115],[13.94666689,52.1936667],[13.94652791,52.19822224],[13.94638889,52.20277778],[13.9505,52.20277844]]],"type":"Polygon"},"properties":{"upper_limit_alt_ref":"MSL","upper_limit_altitude":1900.0,"lower_limit_altitude":0.0,"lower_limit_alt_ref":"AGL","legal_ref":"§ 17, Abs. 1 LuftVO","generated_name_EN":"Storkow","lower_limit_unit":"m","type_code_detail":"RESTRICTED","external_reference":"2008","name":["Storkow"],"upper_limit_unit":"ft","generated_name_DE":"Storkow","type_code":"FLUGBESCHRAENKUNGSGEBIET"}},{"type":"Feature","geometry":{"coordinates":[[[12.29856449,48.62051593],[12.29990075,48.62042678],[12.30122505,48.62027864],[12.30253145,48.62007218],[12.30381412,48.61980831],[12.30506733,48.61948821],[12.30628548,48.61911332],[12.30746311,48.6186853],[12.30859498,48.61820609],[12.30967603,48.6176778],[12.31070141,48.61710282],[12.31166656,48.6164837],[12.31256716,48.61582321],[12.3133992,48.6151243],[12.31415895,48.61439011],[12.31484302,48.6136239],[12.31544837,48.6128291],[12.31597228,48.61200926],[12.31641243,48.61116805],[12.31676685,48.61030922],[12.31703397,48.6094366],[12.31721259,48.60855411],[12.31730192,48.60766568],[12.31730156,48.60677527],[12.31721153,48.60588686],[12.31703223,48.60500443],[12.31676447,48.60413191],[12.31640944,48.6032732],[12.31596874,48.60243213],[12.31544433,48.60161246],[12.31483857,48.60081785],[12.31415415,48.60005184],[12.31339415,48.59931786],[12.31256195,48.59861918],[12.31166128,48.59795892],[12.31069615,48.59734003],[12.30967088,48.59676528],[12.30859005,48.59623721],[12.30745848,48.59575821],[12.30628122,48.59533039],[12.30506353,48.59495568],[12.30381085,48.59463573],[12.30252876,48.59437199],[12.30122298,48.59416563],[12.29989936,48.59401757],[12.29856378,48.59392846],[12.29722222,48.59389872],[12.29588066,48.59392846],[12.29454509,48.59401757],[12.29322146,48.59416563],[12.29191569,48.59437199],[12.2906336,48.59463573],[12.28938091,48.59495568],[12.28816322,48.59533039],[12.28698596,48.59575821],[12.28585439,48.59623721],[12.28477356,48.59676528],[12.28374829,48.59734003],[12.28278316,48.59795892],[12.28188249,48.59861918],[12.28105029,48.59931786],[12.28029029,48.60005184],[12.27960588,48.60081785],[12.27900011,48.60161246],[12.27847571,48.60243213],[12.278035,48.6032732],[12.27767997,48.60413191],[12.27741221,48.60500443],[12.27723291,48.60588686],[12.27714288,48.60677527],[12.27714253,48.60766568],[12.27723186,48.60855411],[12.27741048,48.6094366],[12.27767759,48.61030922],[12.27803201,48.61116805],[12.27847216,48.61200926],[12.27899608,48.6128291],[12.27960142,48.6136239],[12.2802855,48.61439011],[12.28104525,48.6151243],[12.28187728,48.61582321],[12.28277788,48.6164837],[12.28374303,48.61710282],[12.28476842,48.6176778],[12.28584946,48.61820609],[12.28698133,48.6186853],[12.28815897,48.61911332],[12.28937711,48.61948821],[12.29063032,48.61980831],[12.29191299,48.62007218],[12.2932194,48.62027864],[12.29454369,48.62042678],[12.29587996,48.62051593],[12.29722222,48.62054569],[12.29856449,48.62051593]]],"type":"Polygon"},"properties":{"upper_limit_alt_ref":"MSL","upper_limit_altitude":3300.0,"lower_limit_altitude":0.0,"lower_limit_alt_ref":"AGL","legal_ref":"§ 17, Abs. 1 LuftVO","generated_name_EN":"Isar","lower_limit_unit":"m","type_code_detail":"RESTRICTED","external_reference":"3972","name":["Isar"],"upper_limit_unit":"ft","generated_name_DE":"Isar","type_code":"FLUGBESCHRAENKUNGSGEBIET"}},{"type":"Feature","geometry":{"coordinates":[[[9.19641405,50.71411752],[9.19782707,50.71408118],[9.19923802,50.71402066],[9.20064589,50.71393598],[9.20204965,50.71382722],[9.20344827,50.71369444],[9.20484073,50.71353776],[9.20622602,50.71335728],[9.20760314,50.71315313],[9.20897107,50.71292547],[9.21032881,50.71267445],[9.21167539,50.71240027],[9.21300983,50.71210312],[9.21433113,50.71178322],[9.21563836,50.71144079],[9.21693055,50.7110761],[9.21820676,50.7106894],[9.21946606,50.71028099],[9.22070754,50.70985114],[9.22193029,50.70940019],[9.22313342,50.70892845],[9.22431606,50.70843628],[9.22547735,50.70792402],[9.22661644,50.70739206],[9.22773249,50.70684077],[9.22882471,50.70627057],[9.22989229,50.70568186],[9.23093446,50.70507508],[9.23195046,50.70445067],[9.23293955,50.70380908],[9.23390101,50.70315078],[9.23483414,50.70247624],[9.23573827,50.70178597],[9.23661274,50.70108046],[9.23745691,50.70036023],[9.23827017,50.69962579],[9.23905193,50.69887769],[9.23980162,50.69811647],[9.24051869,50.69734269],[9.24120263,50.6965569],[9.24185295,50.69575968],[9.24246916,50.69495161],[9.24305082,50.69413328],[9.24359751,50.69330528],[9.24410884,50.69246822],[9.24458443,50.6916227],[9.24502394,50.69076934],[9.24542706,50.68990877],[9.24579348,50.6890416],[9.24612295,50.68816846],[9.24641524,50.68729001],[9.24667011,50.68640686],[9.24688741,50.68551967],[9.24706696,50.68462908],[9.24720864,50.68373573],[9.24731236,50.68284029],[9.24737803,50.68194339],[9.24740561,50.68104569],[9.24739508,50.68014785],[9.24734645,50.67925051],[9.24725977,50.67835434],[9.24713509,50.67745997],[9.24697251,50.67656806],[9.24677215,50.67567927],[9.24653416,50.67479423],[9.24625871,50.67391358],[9.245946,50.67303798],[9.24559626,50.67216805],[9.24520975,50.67130443],[9.24478676,50.67044774],[9.24432759,50.66959862],[9.24383257,50.66875766],[9.24330208,50.66792549],[9.24273649,50.66710271],[9.24213622,50.66628992],[9.2415017,50.66548771],[9.24083341,50.66469666],[9.24013182,50.66391735],[9.23939745,50.66315033],[9.23863083,50.66239618],[9.23783253,50.66165543],[9.23700312,50.66092863],[9.2361432,50.6602163],[9.23525341,50.65951896],[9.23433438,50.65883712],[9.23338679,50.65817127],[9.23241134,50.65752189],[9.23140871,50.65688946],[9.23037966,50.65627444],[9.22932492,50.65567727],[9.22824525,50.65509838],[9.22714146,50.6545382],[9.22601433,50.65399714],[9.22486469,50.65347557],[9.22369337,50.6529739],[9.22250122,50.65249247],[9.22128911,50.65203163],[9.22005792,50.65159173],[9.21880855,50.65117309],[9.21754189,50.65077599],[9.21625888,50.65040074],[9.21496043,50.65004761],[9.2136475,50.64971685],[9.21232104,50.6494087],[9.21098201,50.64912339],[9.20963138,50.64886111],[9.20827013,50.64862208],[9.20689925,50.64840645],[9.20551974,50.64821438],[9.2041326,50.64804601],[9.20273883,50.64790147],[9.20133944,50.64778086],[9.19993545,50.64768427],[9.19852788,50.64761176],[9.19711775,50.64756339],[9.19570609,50.6475392],[9.19429391,50.6475392],[9.19288225,50.64756339],[9.19147212,50.64761176],[9.19006455,50.64768427],[9.18866056,50.64778086],[9.18726117,50.64790147],[9.1858674,50.64804601],[9.18448026,50.64821438],[9.18310075,50.64840645],[9.18172987,50.64862208],[9.18036862,50.64886111],[9.17901799,50.64912339],[9.17767896,50.6494087],[9.1763525,50.64971685],[9.17503957,50.65004761],[9.17374112,50.65040074],[9.17245811,50.65077599],[9.17119145,50.65117309],[9.16994208,50.65159173],[9.16871089,50.65203163],[9.16749878,50.65249247],[9.16630663,50.6529739],[9.16513531,50.65347557],[9.16398567,50.65399714],[9.16285854,50.6545382],[9.16175475,50.65509838],[9.16067508,50.65567727],[9.15962034,50.65627444],[9.15859129,50.65688946],[9.15758866,50.65752189],[9.15661321,50.65817127],[9.15566562,50.65883712],[9.15474659,50.65951896],[9.1538568,50.6602163],[9.15299688,50.66092863],[9.15216747,50.66165543],[9.15136917,50.66239618],[9.15060255,50.66315033],[9.14986818,50.66391735],[9.14916659,50.66469666],[9.1484983,50.66548771],[9.14786378,50.66628992],[9.14726351,50.66710271],[9.14669792,50.66792549],[9.14616743,50.66875766],[9.14567241,50.66959862],[9.14521324,50.67044774],[9.14479025,50.67130443],[9.14440374,50.67216805],[9.144054,50.67303798],[9.14374129,50.67391358],[9.14346584,50.67479423],[9.14322785,50.67567927],[9.14302749,50.67656806],[9.14286491,50.67745997],[9.14274023,50.67835434],[9.14265355,50.67925051],[9.14260492,50.68014785],[9.14259439,50.68104569],[9.14262197,50.68194339],[9.14268764,50.68284029],[9.14279136,50.68373573],[9.14293304,50.68462908],[9.14311259,50.68551967],[9.14332989,50.68640686],[9.14358476,50.68729001],[9.14387705,50.68816846],[9.14420652,50.6890416],[9.14457294,50.68990877],[9.14497606,50.69076934],[9.14541557,50.6916227],[9.14589116,50.69246822],[9.14640249,50.69330528],[9.14694918,50.69413328],[9.14753084,50.69495161],[9.14814705,50.69575968],[9.14879737,50.6965569],[9.14948131,50.69734269],[9.15019838,50.69811647],[9.15094807,50.69887769],[9.15172983,50.69962579],[9.15254309,50.70036023],[9.15338726,50.70108046],[9.15426173,50.70178597],[9.15516586,50.70247624],[9.15609899,50.70315078],[9.15706045,50.70380908],[9.15804954,50.70445067],[9.15906554,50.70507508],[9.16010771,50.70568186],[9.16117529,50.70627057],[9.16226751,50.70684077],[9.16338356,50.70739206],[9.16452265,50.70792402],[9.16568394,50.70843628],[9.16686658,50.70892845],[9.16806971,50.70940019],[9.16929246,50.70985114],[9.17053394,50.71028099],[9.17179324,50.7106894],[9.17306945,50.7110761],[9.17436164,50.71144079],[9.17566887,50.71178322],[9.17699017,50.71210312],[9.17832461,50.71240027],[9.17967119,50.71267445],[9.18102893,50.71292547],[9.18239686,50.71315313],[9.18377398,50.71335728],[9.18515927,50.71353776],[9.18655173,50.71369444],[9.18795035,50.71382722],[9.18935411,50.71393598],[9.19076198,50.71402066],[9.19217293,50.71408118],[9.19358595,50.71411752],[9.195,50.71412963],[9.19641405,50.71411752]]],"type":"Polygon"},"properties":{"upper_limit_alt_ref":"MSL","upper_limit_altitude":4500.0,"lower_limit_altitude":0.0,"lower_limit_alt_ref":"AGL","legal_ref":"§ 17, Abs. 1 LuftVO","generated_name_EN":"Romrod","lower_limit_unit":"m","type_code_detail":"RESTRICTED","external_reference":"505","name":["Romrod"],"upper_limit_unit":"ft","generated_name_DE":"Romrod","type_code":"FLUGBESCHRAENKUNGSGEBIET"}},{"type":"Feature","geometry":{"coordinates":[[[9.41749716,50.89666788],[9.42388393,50.8988914],[9.43027131,50.90111458],[9.4366593,50.90333741],[9.4430479,50.90555988],[9.4494371,50.90778201],[9.45582691,50.91000378],[9.46221733,50.9122252],[9.46860836,50.91444628],[9.475,50.916667],[9.47722262,50.91569489],[9.47944514,50.91472274],[9.48166757,50.91375055],[9.48388991,50.91277831],[9.48611216,50.91180603],[9.48833431,50.91083371],[9.49055637,50.90986135],[9.49277834,50.90888894],[9.49500022,50.90791649],[9.497222,50.906944],[9.497222,50.9047218],[9.497222,50.90249961],[9.497222,50.90027741],[9.497222,50.89805521],[9.497222,50.89583301],[9.497222,50.89361081],[9.497222,50.89138861],[9.497222,50.88916641],[9.497222,50.8869442],[9.497222,50.884722],[9.49124804,50.88319558],[9.48527448,50.88166885],[9.4793013,50.88014181],[9.47332851,50.87861447],[9.46735612,50.87708682],[9.46138411,50.87555887],[9.4554125,50.87403061],[9.44944128,50.87250205],[9.44347044,50.87097318],[9.4375,50.869444],[9.4340278,50.869444],[9.4305556,50.869444],[9.4270834,50.869444],[9.4236112,50.869444],[9.420139,50.869444],[9.4166668,50.869444],[9.4131946,50.869444],[9.4097224,50.869444],[9.4062502,50.869444],[9.402778,50.869444],[9.4036109,50.87194403],[9.40444389,50.87444406],[9.40527696,50.87694407],[9.40611013,50.87944408],[9.40694339,50.88194409],[9.40777673,50.88444408],[9.40861016,50.88694407],[9.40944369,50.88944406],[9.4102773,50.89194403],[9.411111,50.894444],[9.41749716,50.89666788]]],"type":"Polygon"},"properties":{"upper_limit_alt_ref":"MSL","upper_limit_altitude":12000.0,"lower_limit_altitude":0.0,"lower_limit_alt_ref":"AGL","legal_ref":"§ 17, Abs. 1 LuftVO","generated_name_EN":"Schwarzenborn A","lower_limit_unit":"m","type_code_detail":"RESTRICTED","external_reference":"484","name":["Schwarzenborn A"],"upper_limit_unit":"ft","generated_name_DE":"Schwarzenborn A","type_code":"FLUGBESCHRAENKUNGSGEBIET"}},{"type":"Feature","geometry":{"coordinates":[[[10.70330064,54.25751495],[10.72327521,54.26502659],[10.74325704,54.27253491],[10.76324614,54.2800399],[10.7832425,54.28754157],[10.80324613,54.29503992],[10.82325702,54.30253494],[10.84327519,54.31002662],[10.86330062,54.31751498],[10.88333333,54.325],[10.88333333,54.32333333],[10.88333333,54.32166667],[10.88333333,54.32],[10.88333333,54.31833333],[10.88333333,54.31666667],[10.86997577,54.30834003],[10.8566236,54.30001189],[10.84327682,54.29168227],[10.82993543,54.28335117],[10.81659941,54.27501857],[10.80326878,54.26668449],[10.78994353,54.25834893],[10.77662365,54.25001188],[10.76330914,54.24167335],[10.75,54.23333333],[10.74333575,54.23500166],[10.73667097,54.23666962],[10.73000564,54.23833721],[10.72333978,54.24000443],[10.71667338,54.24167128],[10.71000645,54.24333776],[10.70333898,54.24500388],[10.69667096,54.24666962],[10.69000242,54.24833499],[10.68333333,54.25],[10.70330064,54.25751495]]],"type":"Polygon"},"properties":{"upper_limit_alt_ref":"MSL","upper_limit_altitude":3000.0,"lower_limit_altitude":0.0,"lower_limit_alt_ref":"AGL","legal_ref":"§ 17, Abs. 1 LuftVO","generated_name_EN":"Todendorf-Putlos D","lower_limit_unit":"m","type_code_detail":"RESTRICTED","external_reference":"6444","name":["Todendorf-Putlos D"],"upper_limit_unit":"ft","generated_name_DE":"Todendorf-Putlos D","type_code":"FLUGBESCHRAENKUNGSGEBIET"}},{"type":"Feature","geometry":{"coordinates":[[[7.29139027,52.70241696],[7.28861357,52.70483386],[7.28583656,52.70725069],[7.28305924,52.70966746],[7.28028162,52.71208416],[7.27750368,52.71450079],[7.27472545,52.71691736],[7.2719469,52.71933386],[7.26916805,52.7217503],[7.26638889,52.72416667],[7.28052208,52.74509125],[7.29466881,52.76601408],[7.30882912,52.78693515],[7.32300301,52.80785444],[7.33719051,52.82877197],[7.35139165,52.84968773],[7.36560645,52.87060172],[7.37983492,52.89151393],[7.3940771,52.91242435],[7.408333,52.933333],[7.42168022,52.92833976],[7.43502437,52.92334501],[7.44836544,52.91834876],[7.46170345,52.91335101],[7.47503838,52.90835176],[7.48837024,52.903351],[7.50169904,52.89834875],[7.51502476,52.893345],[7.52834741,52.88833975],[7.541667,52.883333],[7.5274466,52.86500758],[7.51323818,52.84668041],[7.49904172,52.82835147],[7.4848572,52.81002079],[7.47068461,52.79168835],[7.45652393,52.77335417],[7.44237515,52.75501824],[7.42823825,52.73668057],[7.4141132,52.71834115],[7.4,52.7],[7.38941667,52.7],[7.37883333,52.7],[7.36825,52.7],[7.35766667,52.7],[7.34708333,52.7],[7.3365,52.7],[7.32591667,52.7],[7.31533333,52.7],[7.30475,52.7],[7.29416667,52.7],[7.29139027,52.70241696]]],"type":"Polygon"},"properties":{"upper_limit_alt_ref":"MSL","upper_limit_altitude":30000.0,"lower_limit_altitude":0.0,"lower_limit_alt_ref":"AGL","legal_ref":"§ 17, Abs. 1 LuftVO","generated_name_EN":"Meppen A","lower_limit_unit":"m","type_code_detail":"RESTRICTED","external_reference":"494","name":["Meppen A"],"upper_limit_unit":"ft","generated_name_DE":"Meppen A","type_code":"FLUGBESCHRAENKUNGSGEBIET"}},{"type":"Feature","geometry":{"coordinates":[[[13.11894016,51.68189154],[13.12036873,51.68177122],[13.12177418,51.68157176],[13.12314519,51.68129478],[13.12447073,51.68094249],[13.1257401,51.68051775],[13.1269431,51.68002397],[13.12807002,51.67946513],[13.1291118,51.67884573],[13.13006005,51.67817076],[13.13090712,51.67744566],[13.13164622,51.67667627],[13.13227138,51.67586878],[13.13277757,51.6750297],[13.13316074,51.67416579],[13.1334178,51.673284],[13.13354669,51.67239143],[13.13354637,51.67149527],[13.13341686,51.67060274],[13.13315921,51.66972101],[13.1327755,51.6688572],[13.13226882,51.66801825],[13.13164327,51.66721091],[13.13090388,51.66644169],[13.1300566,51.66571678],[13.12910827,51.665042],[13.12806652,51.6644228],[13.12693974,51.66386415],[13.12573699,51.66337055],[13.12446796,51.66294597],[13.12314287,51.66259383],[13.12177236,51.66231696],[13.12036749,51.66211758],[13.11893953,51.66199732],[13.1175,51.66195712],[13.11606047,51.66199732],[13.11463251,51.66211758],[13.11322764,51.66231696],[13.11185713,51.66259383],[13.11053204,51.66294597],[13.10926301,51.66337055],[13.10806026,51.66386415],[13.10693348,51.6644228],[13.10589173,51.665042],[13.1049434,51.66571678],[13.10409612,51.66644169],[13.10335673,51.66721091],[13.10273118,51.66801825],[13.1022245,51.6688572],[13.10184079,51.66972101],[13.10158314,51.67060274],[13.10145363,51.67149527],[13.10145331,51.67239143],[13.1015822,51.673284],[13.10183926,51.67416579],[13.10222243,51.6750297],[13.10272862,51.67586878],[13.10335378,51.67667627],[13.10409288,51.67744566],[13.10493995,51.67817076],[13.1058882,51.67884573],[13.10692998,51.67946513],[13.1080569,51.68002397],[13.1092599,51.68051775],[13.11052927,51.68094249],[13.11185481,51.68129478],[13.11322582,51.68157176],[13.11463127,51.68177122],[13.11605984,51.68189154],[13.1175,51.68193175],[13.11894016,51.68189154]]],"type":"Polygon"},"properties":{"upper_limit_alt_ref":"MSL","upper_limit_altitude":3000.0,"lower_limit_altitude":0.0,"lower_limit_alt_ref":"AGL","legal_ref":"§ 17, Abs. 1 LuftVO","generated_name_EN":"Annaburger Heide","lower_limit_unit":"m","type_code_detail":"RESTRICTED","external_reference":"15492","name":["Annaburger Heide"],"upper_limit_unit":"ft","generated_name_DE":"Annaburger Heide","type_code":"FLUGBESCHRAENKUNGSGEBIET"}},{"type":"Feature","geometry":{"coordinates":[[[12.085556,52.708333],[12.090556,52.708333],[12.095556,52.708333],[12.100556,52.708333],[12.105556,52.708333],[12.110556,52.708333],[12.115556,52.708333],[12.120556,52.708333],[12.125556,52.708333],[12.130556,52.708333],[12.14028986,52.70250332],[12.15002113,52.69667283],[12.1597498,52.69084154],[12.16947589,52.68500944],[12.17919938,52.67917654],[12.18892028,52.67334284],[12.19863859,52.66750833],[12.20835432,52.66167302],[12.21806745,52.65583691],[12.227778,52.65],[12.23861068,52.65028226],[12.2494435,52.65056352],[12.26027645,52.6508438],[12.27110955,52.65112308],[12.28194278,52.65140138],[12.29277615,52.65167868],[12.30360966,52.651955],[12.31444331,52.65223032],[12.32527708,52.65250466],[12.336111,52.652778],[12.33576365,52.65104188],[12.33541633,52.64930576],[12.33506904,52.64756964],[12.33472178,52.64583351],[12.33437454,52.64409739],[12.33402734,52.64236126],[12.33368015,52.64062513],[12.333333,52.638889],[12.32193502,52.63500504],[12.31053905,52.63111998],[12.29914511,52.62723383],[12.28775318,52.62334657],[12.27636327,52.61945822],[12.26497538,52.61556877],[12.25358951,52.61167822],[12.24220565,52.60778658],[12.23082382,52.60389384],[12.219444,52.6],[12.2091663,52.6],[12.1988886,52.6],[12.1886109,52.6],[12.1783332,52.6],[12.1680555,52.6],[12.1577778,52.6],[12.1475001,52.6],[12.1372224,52.6],[12.1269447,52.6],[12.116667,52.6],[12.11278162,52.60444503],[12.10889546,52.60888994],[12.1050085,52.61333471],[12.10112076,52.61777935],[12.09723224,52.62222386],[12.09334292,52.62666824],[12.08945282,52.63111249],[12.08556193,52.6355566],[12.08167025,52.64000059],[12.07777778,52.64444444],[12.07694473,52.64638893],[12.07611161,52.64833341],[12.07527842,52.65027788],[12.07444515,52.65222234],[12.07361181,52.6541668],[12.0727784,52.65611126],[12.07194491,52.6580557],[12.07111135,52.66000014],[12.07027771,52.66194457],[12.069444,52.663889],[12.07055419,52.66833346],[12.0716646,52.67277791],[12.07277523,52.67722234],[12.07388609,52.68166677],[12.07499718,52.68611117],[12.07610849,52.69055557],[12.07722003,52.69499994],[12.07833179,52.69944431],[12.07944378,52.70388866],[12.080556,52.708333],[12.085556,52.708333]]],"type":"Polygon"},"properties":{"upper_limit_alt_ref":"MSL","upper_limit_altitude":16600.0,"lower_limit_altitude":0.0,"lower_limit_alt_ref":"AGL","legal_ref":"§ 17, Abs. 1 LuftVO","generated_name_EN":"Klietz","lower_limit_unit":"m","type_code_detail":"RESTRICTED","external_reference":"626","name":["Klietz"],"upper_limit_unit":"ft","generated_name_DE":"Klietz","type_code":"FLUGBESCHRAENKUNGSGEBIET"}},{"type":"Feature","geometry":{"coordinates":[[[11.6408473,52.53375261],[11.64835842,52.52444872],[11.65586637,52.51514435],[11.66337114,52.50583948],[11.67087275,52.49653413],[11.67837119,52.48722828],[11.68586647,52.47792194],[11.69335858,52.46861512],[11.70084754,52.4593078],[11.70833333,52.45],[11.69999363,52.44625265],[11.69165535,52.44250472],[11.68331848,52.43875619],[11.67498302,52.43500708],[11.66664898,52.43125737],[11.65831636,52.42750707],[11.64998515,52.42375619],[11.64165535,52.42000472],[11.63332697,52.41625265],[11.625,52.4125],[11.62347026,52.40625012],[11.62194095,52.40000021],[11.62041207,52.39375028],[11.61888362,52.38750032],[11.61735561,52.38125033],[11.61582802,52.37500032],[11.61430087,52.36875028],[11.61277415,52.36250021],[11.61124786,52.35625012],[11.609722,52.35],[11.60262832,52.34277975],[11.59553694,52.33555907],[11.58844788,52.32833795],[11.58136113,52.3211164],[11.57427668,52.31389442],[11.56719454,52.306672],[11.5601147,52.29944915],[11.55303716,52.29222587],[11.54596193,52.28500215],[11.538889,52.277778],[11.53486103,52.27755637],[11.5308331,52.27733461],[11.52680521,52.27711271],[11.52277736,52.27689067],[11.51874955,52.2766685],[11.51472178,52.27644618],[11.51069405,52.27622373],[11.50666637,52.27600114],[11.50263872,52.27577842],[11.49861111,52.27555556],[11.49097598,52.27800223],[11.48334002,52.2804484],[11.47570321,52.28289409],[11.46806556,52.28533927],[11.46042707,52.28778397],[11.45278773,52.29022816],[11.44514756,52.29267187],[11.43750655,52.29511507],[11.42986469,52.29755778],[11.422222,52.3],[11.42997941,52.31291909],[11.43774134,52.32583765],[11.4455078,52.33875567],[11.45327878,52.35167315],[11.46105429,52.36459009],[11.46883434,52.37750649],[11.47661893,52.39042234],[11.48440807,52.40333766],[11.49220176,52.41625243],[11.5,52.42916667],[11.49667289,52.43833382],[11.49334441,52.44750087],[11.49001454,52.4566678],[11.48668329,52.46583463],[11.48335065,52.47500135],[11.48001663,52.48416797],[11.47668122,52.49333447],[11.47334442,52.50250087],[11.47000624,52.51166715],[11.46666667,52.52083333],[11.48332572,52.52306616],[11.49998646,52.52529664],[11.51664889,52.52752478],[11.533313,52.52975057],[11.5499788,52.53197401],[11.56664628,52.5341951],[11.58331544,52.53641385],[11.59998628,52.53863025],[11.6166588,52.5408443],[11.633333,52.543056],[11.6408473,52.53375261]]],"type":"Polygon"},"properties":{"upper_limit_alt_ref":"PA","upper_limit_altitude":100.0,"lower_limit_altitude":0.0,"lower_limit_alt_ref":"AGL","legal_ref":"§ 17, Abs. 1 LuftVO","generated_name_EN":"Altmark A","lower_limit_unit":"m","type_code_detail":"RESTRICTED","external_reference":"1638","name":["Altmark A"],"upper_limit_unit":"FL","generated_name_DE":"Altmark A","type_code":"FLUGBESCHRAENKUNGSGEBIET"}},{"type":"Feature","geometry":{"coordinates":[[[10.4041176,48.52829392],[10.40545144,48.52820477],[10.40677333,48.52805663],[10.40807736,48.52785016],[10.4093577,48.52758629],[10.41060863,48.52726618],[10.41182456,48.52689129],[10.41300006,48.52646327],[10.41412988,48.52598404],[10.41520895,48.52545575],[10.41623248,48.52488076],[10.41719588,48.52426163],[10.41809484,48.52360113],[10.41892536,48.52290221],[10.41968373,48.522168],[10.42036657,48.52140178],[10.42097081,48.52060697],[10.42149378,48.51978712],[10.42193313,48.51894589],[10.42228691,48.51808705],[10.42255354,48.51721442],[10.42273183,48.51633192],[10.422821,48.51544347],[10.42282065,48.51455304],[10.42273079,48.51366463],[10.42255181,48.51278218],[10.42228454,48.51190964],[10.42193015,48.51105092],[10.42149025,48.51020984],[10.4209668,48.50939015],[10.42036213,48.50859553],[10.41967896,48.50782951],[10.41892034,48.50709551],[10.41808966,48.50639682],[10.41719062,48.50573655],[10.41622725,48.50511765],[10.41520384,48.50454289],[10.41412497,48.50401482],[10.41299545,48.5035358],[10.41182033,48.50310798],[10.41060485,48.50273326],[10.40935444,48.50241331],[10.40807468,48.50214956],[10.40677128,48.5019432],[10.40545005,48.50179513],[10.4041169,48.50170603],[10.40277778,48.50167628],[10.40143865,48.50170603],[10.4001055,48.50179513],[10.39878428,48.5019432],[10.39748088,48.50214956],[10.39620111,48.50241331],[10.3949507,48.50273326],[10.39373522,48.50310798],[10.3925601,48.5035358],[10.39143059,48.50401482],[10.39035172,48.50454289],[10.38932831,48.50511765],[10.38836494,48.50573655],[10.3874659,48.50639682],[10.38663521,48.50709551],[10.38587659,48.50782951],[10.38519342,48.50859553],[10.38458876,48.50939015],[10.38406531,48.51020984],[10.3836254,48.51105092],[10.38327102,48.51190964],[10.38300374,48.51278218],[10.38282477,48.51366463],[10.3827349,48.51455304],[10.38273455,48.51544347],[10.38282372,48.51633192],[10.38300202,48.51721442],[10.38326865,48.51808705],[10.38362243,48.51894589],[10.38406178,48.51978712],[10.38458474,48.52060697],[10.38518899,48.52140178],[10.38587182,48.522168],[10.38663019,48.52290221],[10.38746071,48.52360113],[10.38835968,48.52426163],[10.38932308,48.52488076],[10.3903466,48.52545575],[10.39142568,48.52598404],[10.39255549,48.52646327],[10.39373099,48.52689129],[10.39494692,48.52726618],[10.39619786,48.52758629],[10.3974782,48.52785016],[10.39878223,48.52805663],[10.40010411,48.52820477],[10.40143795,48.52829392],[10.40277778,48.52832369],[10.4041176,48.52829392]]],"type":"Polygon"},"properties":{"upper_limit_alt_ref":"MSL","upper_limit_altitude":3400.0,"lower_limit_altitude":0.0,"lower_limit_alt_ref":"AGL","legal_ref":"§ 17, Abs. 1 LuftVO","generated_name_EN":"Gundremmingen","lower_limit_unit":"m","type_code_detail":"RESTRICTED","external_reference":"3971","name":["Gundremmingen"],"upper_limit_unit":"ft","generated_name_DE":"Gundremmingen","type_code":"FLUGBESCHRAENKUNGSGEBIET"}},{"type":"Feature","geometry":{"coordinates":[[[14.45878171,51.48300115],[14.46422921,51.47933537],[14.46967583,51.47566935],[14.47512159,51.47200306],[14.48056647,51.46833652],[14.48601047,51.46466973],[14.49145361,51.46100268],[14.49689587,51.45733537],[14.50233726,51.45366781],[14.50777778,51.45],[14.50794454,51.44705556],[14.50811128,51.44411112],[14.508278,51.44116668],[14.5084447,51.43822224],[14.50861138,51.4352778],[14.50877803,51.43233335],[14.50894467,51.42938891],[14.50911128,51.42644446],[14.50927787,51.42350001],[14.50944444,51.42055556],[14.49850992,51.42517128],[14.48757319,51.42978598],[14.47663425,51.43439965],[14.46569312,51.4390123],[14.45474978,51.44362393],[14.44380423,51.44823453],[14.43285648,51.4528441],[14.42190653,51.45745265],[14.41095437,51.46206017],[14.4,51.46666667],[14.40166612,51.46833344],[14.40333236,51.47000019],[14.40499872,51.47166692],[14.40666521,51.47333362],[14.40833182,51.4750003],[14.40999854,51.47666696],[14.41166539,51.47833359],[14.41333236,51.48000019],[14.41499945,51.48166678],[14.41666667,51.48333333],[14.42033309,51.48366718],[14.42399957,51.48400092],[14.42766611,51.48433454],[14.43133269,51.48466804],[14.43499933,51.48500143],[14.43866603,51.48533471],[14.44233277,51.48566787],[14.44599957,51.48600092],[14.44966643,51.48633385],[14.45333333,51.48666667],[14.45878171,51.48300115]]],"type":"Polygon"},"properties":{"upper_limit_alt_ref":"MSL","upper_limit_altitude":2900.0,"lower_limit_altitude":0.0,"lower_limit_alt_ref":"AGL","legal_ref":"§ 17, Abs. 1 LuftVO","generated_name_EN":"Oberlausitz D","lower_limit_unit":"m","type_code_detail":"RESTRICTED","external_reference":"10148","name":["Oberlausitz D"],"upper_limit_unit":"ft","generated_name_DE":"Oberlausitz D","type_code":"FLUGBESCHRAENKUNGSGEBIET"}},{"type":"Feature","geometry":{"coordinates":[[[7.41083127,52.93666665],[7.41332993,52.94000024],[7.41582896,52.94333377],[7.41832839,52.94666725],[7.4208282,52.95000068],[7.42332839,52.95333405],[7.42582896,52.95666737],[7.42832992,52.96000064],[7.43083127,52.96333385],[7.433333,52.966667],[7.45000546,52.96501082],[7.46667664,52.9633523],[7.48334655,52.96169144],[7.50001517,52.96002825],[7.51668252,52.95836272],[7.53334859,52.95669485],[7.55001337,52.95502464],[7.56667687,52.9533521],[7.58333908,52.95167722],[7.6,52.95],[7.59415863,52.94333462],[7.58831906,52.93666895],[7.58248128,52.93000299],[7.5766453,52.92333673],[7.5708111,52.91667017],[7.5649787,52.91000333],[7.55914809,52.90333618],[7.55331927,52.89666875],[7.54749224,52.89000102],[7.541667,52.883333],[7.52834741,52.88833975],[7.51502476,52.893345],[7.50169904,52.89834875],[7.48837024,52.903351],[7.47503838,52.90835176],[7.46170345,52.91335101],[7.44836544,52.91834876],[7.43502437,52.92334501],[7.42168022,52.92833976],[7.408333,52.933333],[7.41083127,52.93666665]]],"type":"Polygon"},"properties":{"upper_limit_alt_ref":"MSL","upper_limit_altitude":17000.0,"lower_limit_altitude":0.0,"lower_limit_alt_ref":"AGL","legal_ref":"§ 17, Abs. 1 LuftVO","generated_name_EN":"Meppen B","lower_limit_unit":"m","type_code_detail":"RESTRICTED","external_reference":"496","name":["Meppen B"],"upper_limit_unit":"ft","generated_name_DE":"Meppen B","type_code":"FLUGBESCHRAENKUNGSGEBIET"}},{"type":"Feature","geometry":{"coordinates":[[[11.67577781,48.28190561],[11.67710523,48.28181645],[11.67842074,48.28166831],[11.67971849,48.28146183],[11.68099266,48.28119794],[11.68223757,48.28087783],[11.68344764,48.28050291],[11.68461748,48.28007488],[11.68574185,48.27959563],[11.68681573,48.27906732],[11.68783432,48.2784923],[11.68879308,48.27787314],[11.68968772,48.27721262],[11.69051424,48.27651367],[11.69126896,48.27577943],[11.6919485,48.27501318],[11.69254984,48.27421833],[11.69307029,48.27339845],[11.69350753,48.27255719],[11.6938596,48.27169831],[11.69412495,48.27082564],[11.69430239,48.2699431],[11.69439114,48.26905461],[11.69439079,48.26816415],[11.69430136,48.26727569],[11.69412325,48.26639321],[11.69385726,48.26552064],[11.69350459,48.26466187],[11.69306681,48.26382075],[11.69254588,48.26300103],[11.69194413,48.26220637],[11.69126425,48.26144032],[11.69050928,48.26070629],[11.6896826,48.26000757],[11.68878789,48.25934727],[11.68782916,48.25872835],[11.68681068,48.25815355],[11.68573701,48.25762546],[11.68461293,48.25714642],[11.68344346,48.25671858],[11.68223384,48.25634384],[11.68098945,48.25602388],[11.67971585,48.25576012],[11.67841872,48.25555375],[11.67710386,48.25540568],[11.67577712,48.25531657],[11.67444444,48.25528682],[11.67311176,48.25531657],[11.67178503,48.25540568],[11.67047017,48.25555375],[11.66917304,48.25576012],[11.66789944,48.25602388],[11.66665505,48.25634384],[11.66544542,48.25671858],[11.66427596,48.25714642],[11.66315188,48.25762546],[11.66207821,48.25815355],[11.66105973,48.25872835],[11.66010099,48.25934727],[11.65920629,48.26000757],[11.6583796,48.26070629],[11.65762464,48.26144032],[11.65694476,48.26220637],[11.65634301,48.26300103],[11.65582208,48.26382075],[11.6553843,48.26466187],[11.65503162,48.26552064],[11.65476564,48.26639321],[11.65458753,48.26727569],[11.6544981,48.26816415],[11.65449775,48.26905461],[11.65458649,48.2699431],[11.65476393,48.27082564],[11.65502928,48.27169831],[11.65538136,48.27255719],[11.6558186,48.27339845],[11.65633905,48.27421833],[11.65694039,48.27501318],[11.65761993,48.27577943],[11.65837465,48.27651367],[11.65920117,48.27721262],[11.66009581,48.27787314],[11.66105457,48.2784923],[11.66207316,48.27906732],[11.66314704,48.27959563],[11.66427141,48.28007488],[11.66544125,48.28050291],[11.66665132,48.28087783],[11.66789623,48.28119794],[11.6691704,48.28146183],[11.67046814,48.28166831],[11.67178366,48.28181645],[11.67311107,48.28190561],[11.67444444,48.28193537],[11.67577781,48.28190561]]],"type":"Polygon"},"properties":{"upper_limit_alt_ref":"MSL","upper_limit_altitude":3600.0,"lower_limit_altitude":0.0,"lower_limit_alt_ref":"AGL","legal_ref":"§ 17, Abs. 1 LuftVO","generated_name_EN":"Garching","lower_limit_unit":"m","type_code_detail":"RESTRICTED","external_reference":"3961","name":["Garching"],"upper_limit_unit":"ft","generated_name_DE":"Garching","type_code":"FLUGBESCHRAENKUNGSGEBIET"}},{"type":"Feature","geometry":{"coordinates":[[[8.965,48.20833333],[8.98,48.20833333],[8.995,48.20833333],[9.01,48.20833333],[9.025,48.20833333],[9.04,48.20833333],[9.055,48.20833333],[9.07,48.20833333],[9.085,48.20833333],[9.1,48.20833333],[9.1,48.19916677],[9.1,48.19000018],[9.1,48.18083359],[9.1,48.17166698],[9.1,48.16250035],[9.1,48.15333371],[9.1,48.14416705],[9.1,48.13500038],[9.1,48.1258337],[9.1,48.116667],[9.085,48.116667],[9.07,48.116667],[9.055,48.116667],[9.04,48.116667],[9.025,48.116667],[9.01,48.116667],[8.995,48.116667],[8.98,48.116667],[8.965,48.116667],[8.95,48.116667],[8.95,48.1258337],[8.95,48.13500038],[8.95,48.14416705],[8.95,48.15333371],[8.95,48.16250035],[8.95,48.17166698],[8.95,48.18083359],[8.95,48.19000018],[8.95,48.19916677],[8.95,48.20833333],[8.965,48.20833333]]],"type":"Polygon"},"properties":{"upper_limit_alt_ref":"MSL","upper_limit_altitude":18000.0,"lower_limit_altitude":0.0,"lower_limit_alt_ref":"AGL","legal_ref":"§ 17, Abs. 1 LuftVO","generated_name_EN":"Heuberg A","lower_limit_unit":"m","type_code_detail":"RESTRICTED","external_reference":"468","name":["Heuberg A"],"upper_limit_unit":"ft","generated_name_DE":"Heuberg A","type_code":"FLUGBESCHRAENKUNGSGEBIET"}},{"type":"Feature","geometry":{"coordinates":[[[13.39256762,52.12661966],[13.395914,52.12736767],[13.3992605,52.12811559],[13.4026071,52.12886342],[13.40595382,52.12961114],[13.40930064,52.13035878],[13.41264758,52.13110631],[13.41599463,52.13185376],[13.4193418,52.13260111],[13.42268907,52.13334836],[13.42410539,52.13355565],[13.42553361,52.1337316],[13.42697119,52.13387587],[13.42841626,52.13398827],[13.42986697,52.13406866],[13.43132143,52.13411694],[13.43277778,52.13413304],[13.43423412,52.13411694],[13.43568859,52.13406866],[13.43713929,52.13398827],[13.43858437,52.13387587],[13.44002194,52.1337316],[13.44145017,52.13355565],[13.4428672,52.13334825],[13.4442712,52.13310966],[13.44566036,52.13284019],[13.4470329,52.1325402],[13.44838703,52.13221006],[13.449721,52.13185021],[13.45103311,52.13146111],[13.45232165,52.13104325],[13.45358496,52.13059719],[13.45482142,52.1301235],[13.45602942,52.12962278],[13.45720741,52.12909568],[13.45835387,52.12854289],[13.45946732,52.12796512],[13.46054633,52.12736311],[13.4615895,52.12673764],[13.46259548,52.12608952],[13.463563,52.12541958],[13.46449078,52.1247287],[13.46537765,52.12401775],[13.46622246,52.12328765],[13.46702411,52.12253936],[13.46778159,52.12177383],[13.46849391,52.12099205],[13.46916015,52.12019504],[13.46977947,52.11938381],[13.47035106,52.11855942],[13.47087419,52.11772292],[13.47134819,52.1168754],[13.47177244,52.11601796],[13.47214641,52.11515169],[13.47246962,52.11427771],[13.47274165,52.11339715],[13.47296215,52.11251114],[13.47313084,52.11162084],[13.47324751,52.11072738],[13.47331202,52.10983191],[13.47332427,52.1089356],[13.47328426,52.10803959],[13.47319205,52.10714505],[13.47304775,52.10625312],[13.47285155,52.10536495],[13.47260372,52.1044817],[13.47230456,52.10360449],[13.47195448,52.10273445],[13.47155392,52.10187272],[13.47110341,52.10102039],[13.47060352,52.10017857],[13.47005491,52.09934833],[13.46945828,52.09853076],[13.46881441,52.09772691],[13.46812412,52.0969378],[13.46738831,52.09616445],[13.46660792,52.09540787],[13.46578397,52.09466902],[13.46491752,52.09394886],[13.46400969,52.09324831],[13.46306164,52.09256828],[13.4620746,52.09190964],[13.46104984,52.09127323],[13.45998868,52.09065989],[13.4588925,52.0900704],[13.45776269,52.08950551],[13.45660073,52.08896596],[13.45540809,52.08845244],[13.45418634,52.08796561],[13.45293702,52.08750609],[13.45166176,52.08707448],[13.4501796,52.08661755],[13.44684003,52.08587201],[13.44350058,52.08512638],[13.44016124,52.08438065],[13.43682201,52.08363483],[13.43348289,52.08288892],[13.43014388,52.0821429],[13.42680499,52.0813968],[13.4234662,52.0806506],[13.42012753,52.07990431],[13.41678897,52.07915792],[13.41603767,52.07904327],[13.41461648,52.07885177],[13.41318506,52.0786918],[13.41174524,52.07856359],[13.4102989,52.07846728],[13.40884788,52.07840301],[13.40739405,52.07837085],[13.40593929,52.07837085],[13.40448546,52.07840301],[13.40303444,52.07846728],[13.40158809,52.07856359],[13.40014828,52.0786918],[13.39871685,52.07885177],[13.39729566,52.07904327],[13.39588653,52.07926606],[13.39449126,52.07951986],[13.39311167,52.07980433],[13.39174952,52.08011912],[13.39040657,52.08046382],[13.38908455,52.08083798],[13.38778515,52.08124113],[13.38651005,52.08167274],[13.3852609,52.08213225],[13.3840393,52.08261908],[13.38284683,52.08313261],[13.38168501,52.08367216],[13.38055535,52.08423705],[13.37945931,52.08482654],[13.37839829,52.08543988],[13.37737367,52.08607629],[13.37638676,52.08673493],[13.37543883,52.08741496],[13.37453112,52.08811551],[13.37366478,52.08883567],[13.37284094,52.08957452],[13.37206065,52.09033111],[13.37132494,52.09110445],[13.37063474,52.09189356],[13.36999095,52.09269742],[13.3693944,52.09351499],[13.36884586,52.09434522],[13.36834603,52.09518705],[13.36789558,52.09603938],[13.36749507,52.09690111],[13.36714504,52.09777115],[13.36684592,52.09864836],[13.36659812,52.09953162],[13.36640195,52.10041979],[13.36625767,52.10131172],[13.36616547,52.10220626],[13.36612547,52.10310227],[13.36613772,52.10399858],[13.36620221,52.10489405],[13.36631887,52.10578751],[13.36648754,52.10667781],[13.36670801,52.10756382],[13.36698001,52.10844438],[13.36730317,52.10931836],[13.36767709,52.11018463],[13.36810129,52.11104208],[13.36857523,52.1118896],[13.36909829,52.11272609],[13.3696698,52.11355049],[13.37028904,52.11436172],[13.3709552,52.11515873],[13.37166742,52.11594051],[13.3724248,52.11670604],[13.37322635,52.11745433],[13.37407105,52.11818443],[13.3749578,52.11889538],[13.37588547,52.11958627],[13.37685285,52.12025621],[13.37785871,52.12090433],[13.37890174,52.1215298],[13.37998061,52.12213181],[13.38109391,52.12270958],[13.38224022,52.12326237],[13.38341806,52.12378946],[13.3846259,52.12429018],[13.3858622,52.12476388],[13.38712535,52.12520994],[13.38841372,52.12562779],[13.38922136,52.12587155],[13.39256762,52.12661966]]],"type":"Polygon"},"properties":{"upper_limit_alt_ref":"MSL","upper_limit_altitude":3500.0,"lower_limit_altitude":0.0,"lower_limit_alt_ref":"AGL","legal_ref":"§ 17, Abs. 1 LuftVO","generated_name_EN":"Kummersdorf-Gut","lower_limit_unit":"m","type_code_detail":"RESTRICTED","external_reference":"12321","name":["Kummersdorf-Gut"],"upper_limit_unit":"ft","generated_name_DE":"Kummersdorf-Gut","type_code":"FLUGBESCHRAENKUNGSGEBIET"}},{"type":"Feature","geometry":{"coordinates":[[[9.59942647,51.04648368],[9.61662235,51.03518704],[9.63380987,51.02388784],[9.65098904,51.01258609],[9.66815986,51.0012818],[9.68532233,50.98997497],[9.70247646,50.97866559],[9.71962226,50.96735367],[9.73675974,50.95603921],[9.75388889,50.94472222],[9.74098059,50.93692312],[9.72807661,50.92912258],[9.71517695,50.92132061],[9.7022816,50.9135172],[9.68939056,50.90571236],[9.67650384,50.89790609],[9.66362142,50.89009838],[9.65074331,50.88228924],[9.6378695,50.87447867],[9.625,50.86666667],[9.60102806,50.86674438],[9.57705605,50.86681716],[9.55308397,50.86688503],[9.52911182,50.86694797],[9.5051396,50.86700599],[9.48116733,50.86705908],[9.45719501,50.86710725],[9.43322264,50.8671505],[9.40925023,50.86718882],[9.38527778,50.86722222],[9.38674804,50.87413901],[9.38821873,50.88105577],[9.38968987,50.8879725],[9.39116143,50.89488921],[9.39263344,50.90180589],[9.39410588,50.90872254],[9.39557875,50.91563917],[9.39705206,50.92255577],[9.39852581,50.92947234],[9.4,50.93638889],[9.41817947,50.94854066],[9.43636843,50.96068958],[9.45456687,50.97283564],[9.47277481,50.98497884],[9.49099225,50.99711918],[9.5092192,51.00925664],[9.52745567,51.02139124],[9.54570165,51.03352296],[9.56395717,51.04565181],[9.58222222,51.05777778],[9.59942647,51.04648368]]],"type":"Polygon"},"properties":{"upper_limit_alt_ref":"PA","upper_limit_altitude":80.0,"lower_limit_altitude":0.0,"lower_limit_alt_ref":"AGL","legal_ref":"§ 17, Abs. 1 LuftVO","generated_name_EN":"Schwarzenborn B","lower_limit_unit":"m","type_code_detail":"RESTRICTED","external_reference":"6442","name":["Schwarzenborn B"],"upper_limit_unit":"FL","generated_name_DE":"Schwarzenborn B","type_code":"FLUGBESCHRAENKUNGSGEBIET"}},{"type":"Feature","geometry":{"coordinates":[[[13.13748203,52.37763377],[13.13602862,52.3775132],[13.13457043,52.37741664],[13.13310852,52.37734416],[13.13164395,52.37729581],[13.13017779,52.37727163],[13.1287111,52.37727163],[13.12724493,52.37729581],[13.12578037,52.37734416],[13.12431846,52.37741664],[13.12286027,52.3775132],[13.12140685,52.37763377],[13.11995927,52.37777827],[13.11851857,52.37794657],[13.1170858,52.37813858],[13.11566199,52.37835413],[13.11424819,52.37859309],[13.11284541,52.37885527],[13.11145467,52.37914049],[13.11007699,52.37944853],[13.10871336,52.37977918],[13.10736477,52.3801322],[13.10603221,52.38050732],[13.10471663,52.38090428],[13.103419,52.38132279],[13.10214026,52.38176254],[13.10088133,52.38222322],[13.09964313,52.38270448],[13.09842657,52.383206],[13.09723251,52.38372738],[13.09606183,52.38426827],[13.09491539,52.38482826],[13.09379401,52.38540696],[13.0926985,52.38600393],[13.09162968,52.38661876],[13.0905883,52.38725098],[13.08957513,52.38790014],[13.08859092,52.38856577],[13.08763636,52.3892474],[13.08671216,52.38994451],[13.08581899,52.39065661],[13.08495749,52.39138317],[13.08412831,52.39212368],[13.08333203,52.39287759],[13.08256925,52.39364436],[13.08184051,52.39442343],[13.08114635,52.39521423],[13.08048727,52.39601618],[13.07986375,52.39682872],[13.07927626,52.39765124],[13.07872521,52.39848314],[13.07821101,52.39932384],[13.07773404,52.4001727],[13.07729464,52.40102912],[13.07689314,52.40189247],[13.07652983,52.40276214],[13.07620497,52.40363747],[13.07591881,52.40451784],[13.07567155,52.40540262],[13.07546338,52.40629114],[13.07529445,52.40718278],[13.07516489,52.40807688],[13.07507479,52.40897279],[13.07502422,52.40986986],[13.07501322,52.41076743],[13.0750418,52.41166486],[13.07510994,52.4125615],[13.0752176,52.41345668],[13.07536469,52.41434976],[13.07555112,52.4152401],[13.07577675,52.41612703],[13.07604142,52.41700992],[13.07634494,52.41788813],[13.07668709,52.41876101],[13.07706762,52.41962794],[13.07748626,52.42048827],[13.0779427,52.42134139],[13.07843663,52.42218667],[13.07896767,52.42302349],[13.07953545,52.42385126],[13.08013955,52.42466937],[13.08077953,52.42547721],[13.08145494,52.42627421],[13.08216529,52.42705978],[13.08291005,52.42783336],[13.08368868,52.42859437],[13.08450063,52.42934226],[13.0853453,52.4300765],[13.08622208,52.43079654],[13.08713034,52.43150186],[13.0880694,52.43219195],[13.08903859,52.4328663],[13.09003721,52.43352443],[13.09106453,52.43416585],[13.0921198,52.4347901],[13.09320226,52.43539672],[13.09431112,52.43598527],[13.09544556,52.43655533],[13.09660477,52.43710647],[13.09778791,52.43763829],[13.0989941,52.43815042],[13.10022248,52.43864247],[13.10147215,52.43911408],[13.1027422,52.43956492],[13.1040317,52.43999465],[13.10533972,52.44040297],[13.1066653,52.44078956],[13.10800747,52.44115416],[13.10936527,52.4414965],[13.1107377,52.44181632],[13.11212376,52.4421134],[13.11352245,52.44238751],[13.11493273,52.44263846],[13.11635359,52.44286607],[13.11778399,52.44307016],[13.11922289,52.4432506],[13.12066924,52.44340724],[13.12212198,52.44353998],[13.12358006,52.44364872],[13.12504241,52.44373337],[13.12650797,52.44379389],[13.12797567,52.44383021],[13.12944444,52.44384232],[13.13091322,52.44383021],[13.13238092,52.44379389],[13.13384648,52.44373337],[13.13530883,52.44364872],[13.13676691,52.44353998],[13.13821965,52.44340724],[13.139666,52.4432506],[13.14110489,52.44307016],[13.1425353,52.44286607],[13.14395616,52.44263846],[13.14536644,52.44238751],[13.14676512,52.4421134],[13.14815119,52.44181632],[13.14952362,52.4414965],[13.15088141,52.44115416],[13.15222359,52.44078956],[13.15354917,52.44040297],[13.15485719,52.43999465],[13.15614669,52.43956492],[13.15741674,52.43911408],[13.15866641,52.43864247],[13.15989479,52.43815042],[13.16110098,52.43763829],[13.16228411,52.43710647],[13.16344333,52.43655533],[13.16457777,52.43598527],[13.16568663,52.43539672],[13.16676908,52.4347901],[13.16782435,52.43416585],[13.16885167,52.43352443],[13.16985029,52.4328663],[13.17081949,52.43219195],[13.17175855,52.43150186],[13.1726668,52.43079654],[13.17354358,52.4300765],[13.17438826,52.42934226],[13.1752002,52.42859437],[13.17597884,52.42783336],[13.1767236,52.42705978],[13.17743394,52.42627421],[13.17810935,52.42547721],[13.17874934,52.42466937],[13.17935344,52.42385126],[13.17992122,52.42302349],[13.18045226,52.42218667],[13.18094619,52.42134139],[13.18140263,52.42048827],[13.18182127,52.41962794],[13.1822018,52.41876101],[13.18254395,52.41788813],[13.18284747,52.41700992],[13.18311214,52.41612703],[13.18333776,52.4152401],[13.18352419,52.41434976],[13.18367129,52.41345668],[13.18377894,52.4125615],[13.18384709,52.41166486],[13.18387567,52.41076743],[13.18386467,52.40986986],[13.18382598,52.40913219],[13.17952465,52.40677524],[13.17522378,52.40441812],[13.17092337,52.40206085],[13.16662342,52.39970343],[13.16232393,52.39734584],[13.15802489,52.3949881],[13.15372631,52.3926302],[13.1494282,52.39027214],[13.14513054,52.38791393],[13.14083333,52.38555556],[13.14017822,52.38397261],[13.13952316,52.38238965],[13.13886814,52.3808067],[13.13821317,52.37922374],[13.13755824,52.37764077],[13.13748203,52.37763377]]],"type":"Polygon"},"properties":{"upper_limit_alt_ref":"MSL","upper_limit_altitude":2200.0,"lower_limit_altitude":0.0,"lower_limit_alt_ref":"AGL","legal_ref":"§ 17, Abs. 1 LuftVO","generated_name_EN":"Wannsee","lower_limit_unit":"m","type_code_detail":"RESTRICTED","external_reference":"3964","name":["Wannsee"],"upper_limit_unit":"ft","generated_name_DE":"Wannsee","type_code":"FLUGBESCHRAENKUNGSGEBIET"}},{"type":"Feature","geometry":{"coordinates":[[[11.743333,49.75],[11.753333,49.75],[11.763333,49.75],[11.773333,49.75],[11.783333,49.75],[11.793333,49.75],[11.803333,49.75],[11.813333,49.75],[11.823333,49.75],[11.833333,49.75],[11.84167154,49.74666941],[11.85000893,49.74333821],[11.85834519,49.74000642],[11.8666803,49.73667402],[11.87501427,49.73334102],[11.8833471,49.73000742],[11.89167878,49.72667321],[11.90000933,49.72333841],[11.90833874,49.72000301],[11.916667,49.716667],[11.92167008,49.71333458],[11.92667247,49.71000194],[11.93167418,49.70666909],[11.93667521,49.70333601],[11.94167555,49.70000272],[11.94667521,49.69666921],[11.95167418,49.69333549],[11.95667247,49.69000154],[11.96167008,49.68666738],[11.966667,49.683333],[11.96586817,49.68177056],[11.96506939,49.68020812],[11.96427066,49.67864567],[11.96347198,49.67708321],[11.96267335,49.67552075],[11.96187478,49.67395829],[11.96107625,49.67239581],[11.96027778,49.67083333],[11.95924961,49.66875004],[11.95822152,49.66666675],[11.95719352,49.66458344],[11.95616561,49.66250012],[11.95513779,49.66041679],[11.95411006,49.65833345],[11.95308241,49.6562501],[11.95205485,49.65416675],[11.95102738,49.65208338],[11.95,49.65],[11.94666465,49.64666714],[11.94332976,49.64333418],[11.93999532,49.64000113],[11.93666134,49.63666797],[11.93332781,49.63333472],[11.92999474,49.63000137],[11.92666212,49.62666793],[11.92332996,49.62333438],[11.91999825,49.62000074],[11.916667,49.616667],[11.88922257,49.61669624],[11.8617781,49.61671898],[11.83433362,49.61673521],[11.80688912,49.61674494],[11.77944461,49.61674816],[11.7520001,49.61674487],[11.7245556,49.61673508],[11.69711112,49.61671878],[11.66966666,49.61669598],[11.64222222,49.61666667],[11.63825541,49.62405621],[11.63428739,49.63144561],[11.63031818,49.63883486],[11.62634776,49.64622397],[11.62237614,49.65361293],[11.61840332,49.66100175],[11.6144293,49.66839042],[11.61045407,49.67577894],[11.60647764,49.68316732],[11.6025,49.69055556],[11.6089116,49.69483495],[11.61532432,49.69911398],[11.62173817,49.70339265],[11.62815314,49.70767097],[11.63456924,49.71194893],[11.64098647,49.71622653],[11.64740483,49.72050377],[11.65382431,49.72478065],[11.66024493,49.72905717],[11.66666667,49.73333333],[11.67333124,49.73500173],[11.67999628,49.73666974],[11.68666177,49.73833737],[11.69332772,49.74000461],[11.69999412,49.74167147],[11.70666099,49.74333794],[11.7133283,49.74500403],[11.71999608,49.74666974],[11.72666431,49.74833506],[11.733333,49.75],[11.743333,49.75]]],"type":"Polygon"},"properties":{"upper_limit_alt_ref":"MSL","upper_limit_altitude":30000.0,"lower_limit_altitude":0.0,"lower_limit_alt_ref":"AGL","legal_ref":"§ 17, Abs. 1 LuftVO","generated_name_EN":"Grafenwoehr A","lower_limit_unit":"m","type_code_detail":"RESTRICTED","external_reference":"506","name":["Grafenwoehr A"],"upper_limit_unit":"ft","generated_name_DE":"Grafenwoehr A","type_code":"FLUGBESCHRAENKUNGSGEBIET"}},{"type":"Feature","geometry":{"coordinates":[[[10.30697158,50.98190152],[10.30838308,50.98182956],[10.30978641,50.98170987],[10.31117753,50.98154278],[10.31255243,50.98132878],[10.31390714,50.98106849],[10.31523774,50.98076265],[10.3165404,50.98041215],[10.31781136,50.98001801],[10.31904695,50.97958136],[10.32024361,50.97910345],[10.32139788,50.97858567],[10.32250643,50.97802952],[10.32356607,50.97743659],[10.32457374,50.9768086],[10.32552654,50.97614736],[10.32642172,50.97545479],[10.3272567,50.97473286],[10.32802907,50.97398368],[10.32873661,50.9732094],[10.32937728,50.97241225],[10.32994924,50.97159453],[10.33045083,50.97075861],[10.33088063,50.96990689],[10.33123738,50.96904183],[10.33152007,50.96816593],[10.33172788,50.96728171],[10.33186022,50.96639172],[10.33191672,50.96549852],[10.33189721,50.9646047],[10.33180175,50.96371283],[10.33163063,50.96282548],[10.33138434,50.96194521],[10.3310636,50.96107455],[10.33066933,50.96021602],[10.33020268,50.95937209],[10.32966499,50.9585452],[10.32905782,50.95773772],[10.32838292,50.95695199],[10.32764224,50.95619026],[10.32683792,50.95545474],[10.32597227,50.95474754],[10.3250478,50.9540707],[10.32406717,50.95342617],[10.32303321,50.95281581],[10.32194889,50.95224137],[10.32081735,50.95170452],[10.31964185,50.95120679],[10.31842577,50.95074962],[10.31717262,50.95033434],[10.31588601,50.94996212],[10.31456964,50.94963405],[10.31322731,50.94935108],[10.31186288,50.94911401],[10.31048029,50.94892353],[10.30908352,50.94878018],[10.30767658,50.94868439],[10.30626354,50.94863643],[10.30484846,50.94863643],[10.30343542,50.94868439],[10.30202848,50.94878018],[10.30063171,50.94892353],[10.29924912,50.94911401],[10.29788469,50.94935108],[10.29654236,50.94963405],[10.29522599,50.94996212],[10.29393938,50.95033434],[10.29268623,50.95074962],[10.29147015,50.95120679],[10.29029465,50.95170452],[10.28916311,50.95224137],[10.28807879,50.95281581],[10.28704483,50.95342617],[10.2860642,50.9540707],[10.28513973,50.95474754],[10.28427408,50.95545474],[10.28346976,50.95619026],[10.28272908,50.95695199],[10.28205418,50.95773772],[10.28144701,50.9585452],[10.28090932,50.95937209],[10.28044267,50.96021602],[10.2800484,50.96107455],[10.27972766,50.96194521],[10.27948137,50.96282548],[10.27931025,50.96371283],[10.27921479,50.9646047],[10.27919528,50.96549852],[10.27925178,50.96639172],[10.27938412,50.96728171],[10.27959193,50.96816593],[10.27987462,50.96904183],[10.28023137,50.96990689],[10.28066117,50.97075861],[10.28116276,50.97159453],[10.28173472,50.97241225],[10.28237539,50.9732094],[10.28308293,50.97398368],[10.2838553,50.97473286],[10.28469028,50.97545479],[10.28558546,50.97614736],[10.28653826,50.9768086],[10.28754593,50.97743659],[10.28860557,50.97802952],[10.28971412,50.97858567],[10.29086839,50.97910345],[10.29206505,50.97958136],[10.29330064,50.98001801],[10.2945716,50.98041215],[10.29587426,50.98076265],[10.29720486,50.98106849],[10.29855957,50.98132878],[10.29993447,50.98154278],[10.30132559,50.98170987],[10.30272892,50.98182956],[10.30414042,50.98190152],[10.305556,50.98192552],[10.30697158,50.98190152]]],"type":"Polygon"},"properties":{"upper_limit_alt_ref":"MSL","upper_limit_altitude":3300.0,"lower_limit_altitude":0.0,"lower_limit_alt_ref":"AGL","legal_ref":"§ 17, Abs. 1 LuftVO","generated_name_EN":"Wartburg","lower_limit_unit":"m","type_code_detail":"RESTRICTED","external_reference":"625","name":["Wartburg"],"upper_limit_unit":"ft","generated_name_DE":"Wartburg","type_code":"FLUGBESCHRAENKUNGSGEBIET"}},{"type":"Feature","geometry":{"coordinates":[[[11.20968764,48.59802048],[11.21104058,48.59797771],[11.2123908,48.59790647],[11.21373692,48.59780684],[11.21507759,48.59767891],[11.21641145,48.59752282],[11.21773718,48.59733872],[11.21905341,48.5971268],[11.22035884,48.59688727],[11.22165213,48.59662037],[11.222932,48.59632637],[11.22419714,48.59600557],[11.22544628,48.5956583],[11.22667817,48.5952849],[11.22789155,48.59488574],[11.22908521,48.59446124],[11.23025795,48.59401182],[11.23140858,48.59353793],[11.23253594,48.59304005],[11.2336389,48.59251869],[11.23471634,48.59197436],[11.23576718,48.59140762],[11.23679037,48.59081904],[11.23778486,48.59020921],[11.23874966,48.58957875],[11.2396838,48.58892829],[11.24058634,48.58825848],[11.24145636,48.58757001],[11.242293,48.58686357],[11.24309541,48.58613987],[11.24386278,48.58539963],[11.24459435,48.58464362],[11.24528937,48.58387257],[11.24594714,48.58308728],[11.24656702,48.58228854],[11.24714836,48.58147715],[11.2476906,48.58065392],[11.24819318,48.57981969],[11.2486556,48.5789753],[11.2490774,48.57812159],[11.24945815,48.57725944],[11.24979747,48.5763897],[11.25009503,48.57551325],[11.25035052,48.57463098],[11.2505637,48.57374378],[11.25073434,48.57285253],[11.25086227,48.57195814],[11.25094738,48.5710615],[11.25098958,48.57016353],[11.25098882,48.56926511],[11.25094512,48.56836717],[11.25085851,48.5674706],[11.25072909,48.5665763],[11.25055699,48.56568518],[11.25034238,48.56479813],[11.25008548,48.56391604],[11.24978656,48.56303981],[11.24944592,48.56217031],[11.24906389,48.56130842],[11.24864088,48.56045502],[11.2481773,48.55961094],[11.24767362,48.55877706],[11.24713036,48.5579542],[11.24654806,48.55714319],[11.24592731,48.55634485],[11.24526874,48.55555998],[11.24457301,48.55478938],[11.24384081,48.55403381],[11.2430729,48.55329404],[11.24227005,48.55257081],[11.24143305,48.55186485],[11.24056276,48.55117687],[11.23966006,48.55050757],[11.23872585,48.5498576],[11.23776107,48.54922764],[11.2367667,48.5486183],[11.23574373,48.54803021],[11.2346932,48.54746396],[11.23361616,48.54692011],[11.23251369,48.54639921],[11.23138692,48.54590179],[11.23023696,48.54542835],[11.22906498,48.54497936],[11.22787215,48.54455527],[11.22665968,48.54415651],[11.22542879,48.54378349],[11.2241807,48.54343657],[11.22291669,48.5431161],[11.22163801,48.54282241],[11.22034596,48.54255579],[11.21904183,48.54231652],[11.21772694,48.54210482],[11.2164026,48.54192092],[11.21507016,48.541765],[11.21373094,48.54163721],[11.21238629,48.54153769],[11.21103757,48.54146653],[11.20968613,48.5414238],[11.20833333,48.54140956],[11.20698053,48.5414238],[11.2056291,48.54146653],[11.20428038,48.54153769],[11.20293573,48.54163721],[11.20159651,48.541765],[11.20026406,48.54192092],[11.19893973,48.54210482],[11.19762483,48.54231652],[11.19632071,48.54255579],[11.19502865,48.54282241],[11.19374998,48.5431161],[11.19248596,48.54343657],[11.19123788,48.54378349],[11.19000699,48.54415651],[11.18879452,48.54455527],[11.18760169,48.54497936],[11.18642971,48.54542835],[11.18527975,48.54590179],[11.18415297,48.54639921],[11.18305051,48.54692011],[11.18197347,48.54746396],[11.18092294,48.54803021],[11.17989997,48.5486183],[11.1789056,48.54922764],[11.17794082,48.5498576],[11.17700661,48.55050757],[11.1761039,48.55117687],[11.17523361,48.55186485],[11.17439662,48.55257081],[11.17359376,48.55329404],[11.17282585,48.55403381],[11.17209366,48.55478938],[11.17139793,48.55555998],[11.17073935,48.55634485],[11.1701186,48.55714319],[11.1695363,48.5579542],[11.16899304,48.55877706],[11.16848937,48.55961094],[11.16802579,48.56045502],[11.16760277,48.56130842],[11.16722075,48.56217031],[11.1668801,48.56303981],[11.16658118,48.56391604],[11.16632429,48.56479813],[11.16610968,48.56568518],[11.16593758,48.5665763],[11.16580816,48.5674706],[11.16572155,48.56836717],[11.16567784,48.56926511],[11.16567709,48.57016353],[11.16571928,48.5710615],[11.16580439,48.57195814],[11.16593233,48.57285253],[11.16610297,48.57374378],[11.16631614,48.57463098],[11.16657163,48.57551325],[11.16686919,48.5763897],[11.16720852,48.57725944],[11.16758927,48.57812159],[11.16801107,48.5789753],[11.16847349,48.57981969],[11.16897607,48.58065392],[11.1695183,48.58147715],[11.17009965,48.58228854],[11.17071952,48.58308728],[11.1713773,48.58387257],[11.17207232,48.58464362],[11.17280388,48.58539963],[11.17357126,48.58613987],[11.17437366,48.58686357],[11.1752103,48.58757001],[11.17608033,48.58825848],[11.17698286,48.58892829],[11.177917,48.58957875],[11.17888181,48.59020921],[11.1798763,48.59081904],[11.18089948,48.59140762],[11.18195033,48.59197436],[11.18302777,48.59251869],[11.18413073,48.59304005],[11.18525809,48.59353793],[11.18640872,48.59401182],[11.18758145,48.59446124],[11.18877512,48.59488574],[11.1899885,48.5952849],[11.19122039,48.5956583],[11.19246953,48.59600557],[11.19373467,48.59632637],[11.19501453,48.59662037],[11.19630783,48.59688727],[11.19761325,48.5971268],[11.19892949,48.59733872],[11.20025521,48.59752282],[11.20158908,48.59767891],[11.20292975,48.59780684],[11.20427587,48.59790647],[11.20562608,48.59797771],[11.20697902,48.59802048],[11.20833333,48.59803475],[11.20968764,48.59802048]]],"type":"Polygon"},"properties":{"upper_limit_alt_ref":"MSL","upper_limit_altitude":2500.0,"lower_limit_altitude":0.0,"lower_limit_alt_ref":"AGL","legal_ref":"§ 17, Abs. 1 LuftVO","generated_name_EN":"Hagenauer Forst","lower_limit_unit":"m","type_code_detail":"RESTRICTED","external_reference":"2448","name":["Hagenauer Forst"],"upper_limit_unit":"ft","generated_name_DE":"Hagenauer Forst","type_code":"FLUGBESCHRAENKUNGSGEBIET"}},{"type":"Feature","geometry":{"coordinates":[[[10.14835779,54.55917539],[10.16337708,54.5516819],[10.17839085,54.54418654],[10.19339913,54.5366893],[10.2084019,54.5291902],[10.22339918,54.52168923],[10.23839096,54.51418639],[10.25337724,54.50668168],[10.26835803,54.49917511],[10.28333333,54.49166667],[10.26332819,54.49051489],[10.24332418,54.48935981],[10.2233213,54.48820141],[10.20331955,54.48703971],[10.18331893,54.48587469],[10.16331946,54.48470637],[10.14332112,54.48353474],[10.12332393,54.4823598],[10.10332789,54.48118155],[10.083333,54.48],[10.078333,54.48],[10.073333,54.48],[10.068333,54.48],[10.063333,54.48],[10.058333,54.48],[10.053333,54.48],[10.048333,54.48],[10.043333,54.48],[10.038333,54.48],[10.033333,54.48],[10.03166713,54.48200011],[10.0300011,54.48400019],[10.02833491,54.48600025],[10.02666855,54.48800028],[10.02500203,54.4900003],[10.02333535,54.49200028],[10.02166851,54.49400025],[10.0200015,54.49600019],[10.01833433,54.49800011],[10.016667,54.5],[10.0283165,54.50667179],[10.03996979,54.51334246],[10.05162689,54.52001199],[10.06328778,54.52668039],[10.07495247,54.53334766],[10.08662097,54.54001379],[10.09829327,54.5466788],[10.10996937,54.55334267],[10.12164928,54.5600054],[10.133333,54.566667],[10.14835779,54.55917539]]],"type":"Polygon"},"properties":{"upper_limit_alt_ref":"MSL","upper_limit_altitude":48000.0,"lower_limit_altitude":0.0,"lower_limit_alt_ref":"AGL","legal_ref":"§ 17, Abs. 1 LuftVO","generated_name_EN":"Ostsee A","lower_limit_unit":"m","type_code_detail":"RESTRICTED","external_reference":"471","name":["Ostsee A"],"upper_limit_unit":"ft","generated_name_DE":"Ostsee A","type_code":"FLUGBESCHRAENKUNGSGEBIET"}},{"type":"Feature","geometry":{"coordinates":[[[10.798333,47.866667],[10.813333,47.866667],[10.828333,47.866667],[10.843333,47.866667],[10.858333,47.866667],[10.873333,47.866667],[10.888333,47.866667],[10.903333,47.866667],[10.918333,47.866667],[10.933333,47.866667],[10.933333,47.86083363],[10.933333,47.85500025],[10.933333,47.84916686],[10.933333,47.84333347],[10.933333,47.83750007],[10.933333,47.83166667],[10.933333,47.82583326],[10.933333,47.81999985],[10.933333,47.81416643],[10.933333,47.808333],[10.918333,47.808333],[10.903333,47.808333],[10.888333,47.808333],[10.873333,47.808333],[10.858333,47.808333],[10.843333,47.808333],[10.828333,47.808333],[10.813333,47.808333],[10.798333,47.808333],[10.783333,47.808333],[10.783333,47.81416643],[10.783333,47.81999985],[10.783333,47.82583326],[10.783333,47.83166667],[10.783333,47.83750007],[10.783333,47.84333347],[10.783333,47.84916686],[10.783333,47.85500025],[10.783333,47.86083363],[10.783333,47.866667],[10.798333,47.866667]]],"type":"Polygon"},"properties":{"upper_limit_alt_ref":"PA","upper_limit_altitude":100.0,"lower_limit_altitude":0.0,"lower_limit_alt_ref":"AGL","legal_ref":"§ 17, Abs. 1 LuftVO","generated_name_EN":"Altenstadt A","lower_limit_unit":"m","type_code_detail":"RESTRICTED","external_reference":"507","name":["Altenstadt A"],"upper_limit_unit":"FL","generated_name_DE":"Altenstadt A","type_code":"FLUGBESCHRAENKUNGSGEBIET"}},{"type":"Feature","geometry":{"coordinates":[[[11.18466667,47.70972222],[11.17211111,47.70972222],[11.15955556,47.70972222],[11.147,47.70972222],[11.13444444,47.70972222],[11.12188889,47.70972222],[11.10933333,47.70972222],[11.09677778,47.70972222],[11.08422222,47.70972222],[11.07166667,47.70972222],[11.07166667,47.71541669],[11.07166667,47.72111116],[11.07166667,47.72680562],[11.07166667,47.73250007],[11.07166667,47.73819452],[11.07166667,47.74388896],[11.07166667,47.74958339],[11.07166667,47.75527782],[11.07166667,47.76097225],[11.07166667,47.76666667],[11.07783333,47.76666667],[11.084,47.76666667],[11.09016667,47.76666667],[11.09633333,47.76666667],[11.1025,47.76666667],[11.10866667,47.76666667],[11.11483333,47.76666667],[11.121,47.76666667],[11.12716667,47.76666667],[11.13333333,47.76666667],[11.13972651,47.76277939],[11.14611873,47.75889176],[11.15250999,47.75500376],[11.15890031,47.75111541],[11.16528968,47.7472267],[11.17167809,47.74333763],[11.17806555,47.73944821],[11.18445206,47.73555842],[11.19083762,47.73166828],[11.19722222,47.72777778],[11.19722222,47.72597223],[11.19722222,47.72416667],[11.19722222,47.72236112],[11.19722222,47.72055556],[11.19722222,47.71875001],[11.19722222,47.71694445],[11.19722222,47.71513889],[11.19722222,47.71333334],[11.19722222,47.71152778],[11.19722222,47.70972222],[11.18466667,47.70972222]]],"type":"Polygon"},"properties":{"upper_limit_alt_ref":"MSL","upper_limit_altitude":5000.0,"lower_limit_altitude":0.0,"lower_limit_alt_ref":"AGL","legal_ref":"§ 17, Abs. 1 LuftVO","generated_name_EN":"Spatzenhausen","lower_limit_unit":"m","type_code_detail":"RESTRICTED","external_reference":"4200","name":["Spatzenhausen"],"upper_limit_unit":"ft","generated_name_DE":"Spatzenhausen","type_code":"FLUGBESCHRAENKUNGSGEBIET"}},{"type":"Feature","geometry":{"coordinates":[[[14.69939153,51.46650057],[14.70322691,51.46300102],[14.70706171,51.45950134],[14.71089592,51.45600153],[14.71472955,51.45250159],[14.71856259,51.44900153],[14.72239504,51.44550134],[14.72622691,51.44200102],[14.73005819,51.43850057],[14.73388889,51.435],[14.73598799,51.43407423],[14.73808701,51.43314841],[14.74018595,51.43222256],[14.7422848,51.43129667],[14.74438356,51.43037075],[14.74648225,51.42944478],[14.74858084,51.42851878],[14.75067935,51.42759274],[14.75277778,51.42666667],[14.75408373,51.42511118],[14.7553896,51.42355568],[14.75669538,51.42200016],[14.75800106,51.42044462],[14.75930666,51.41888908],[14.76061217,51.41733351],[14.7619176,51.41577793],[14.76322293,51.41422234],[14.76452818,51.41266673],[14.76583333,51.41111111],[14.76309524,51.41111111],[14.76035714,51.41111111],[14.75761905,51.41111111],[14.75488095,51.41111111],[14.75214286,51.41111111],[14.74940476,51.41111111],[14.74666667,51.41111111],[14.744778,51.41244451],[14.74288922,51.41377787],[14.74100033,51.4151112],[14.73911133,51.41644451],[14.73722222,51.41777778],[14.72891667,51.41777778],[14.72061111,51.41777778],[14.71230556,51.41777778],[14.704,51.41777778],[14.69569444,51.41777778],[14.68738889,51.41777778],[14.67908333,51.41777778],[14.67077778,51.41777778],[14.66247222,51.41777778],[14.65416667,51.41777778],[14.65416667,51.41944445],[14.65416667,51.42111111],[14.65416667,51.42277778],[14.65416667,51.42444445],[14.65416667,51.42611111],[14.65416667,51.42777778],[14.65416667,51.42944445],[14.65416667,51.43111111],[14.65416667,51.43411112],[14.65416667,51.43711112],[14.65416667,51.44011113],[14.65416667,51.44311113],[14.65416667,51.44611113],[14.65416667,51.44911113],[14.65416667,51.45211113],[14.65416667,51.45511112],[14.65416667,51.45811112],[14.65416667,51.46111111],[14.65830483,51.46200066],[14.66244316,51.46289006],[14.66658164,51.46377931],[14.67072029,51.46466842],[14.6748591,51.46555738],[14.67899807,51.4664462],[14.6831372,51.46733487],[14.68727649,51.46822339],[14.69141594,51.46911177],[14.69555556,51.47],[14.69939153,51.46650057]]],"type":"Polygon"},"properties":{"upper_limit_alt_ref":"MSL","upper_limit_altitude":19900.0,"lower_limit_altitude":0.0,"lower_limit_alt_ref":"AGL","legal_ref":"§ 17, Abs. 1 LuftVO","generated_name_EN":"Oberlausitz B","lower_limit_unit":"m","type_code_detail":"RESTRICTED","external_reference":"10147","name":["Oberlausitz B"],"upper_limit_unit":"ft","generated_name_DE":"Oberlausitz B","type_code":"FLUGBESCHRAENKUNGSGEBIET"}},{"type":"Feature","geometry":{"coordinates":[[[9.92750518,52.90666731],[9.9300092,52.89666756],[9.93251208,52.88666773],[9.9350138,52.87666783],[9.93751437,52.86666787],[9.94001379,52.85666783],[9.94251206,52.84666773],[9.94500919,52.83666756],[9.94750517,52.82666731],[9.95,52.816667],[9.95166899,52.81000044],[9.95333748,52.80333385],[9.95500545,52.79666723],[9.95667291,52.79000057],[9.95833987,52.78333389],[9.96000631,52.77666717],[9.96167225,52.77000042],[9.96333767,52.76333365],[9.96500259,52.75666684],[9.966667,52.75],[9.96694491,52.74638891],[9.96722277,52.74277782],[9.96750058,52.73916673],[9.96777835,52.73555563],[9.96805607,52.73194454],[9.96833375,52.72833343],[9.96861138,52.72472233],[9.96888897,52.72111122],[9.96916651,52.71750011],[9.969444,52.713889],[9.95736106,52.71403342],[9.94527804,52.71417661],[9.93319494,52.71431856],[9.92111177,52.71445929],[9.90902851,52.71459878],[9.89694518,52.71473704],[9.88486178,52.71487407],[9.8727783,52.71500987],[9.86069474,52.71514444],[9.84861111,52.71527778],[9.83772098,52.71472672],[9.82683112,52.71417467],[9.81594154,52.71362161],[9.80505224,52.71306756],[9.79416321,52.7125125],[9.78327446,52.71195644],[9.77238598,52.71139939],[9.76149778,52.71084133],[9.75060986,52.71028228],[9.73972222,52.70972222],[9.73505774,52.71200083],[9.73039278,52.71427925],[9.72572733,52.71655749],[9.72106139,52.71883555],[9.71639497,52.72111342],[9.71172806,52.7233911],[9.70706066,52.7256686],[9.70239278,52.72794592],[9.69772441,52.73022305],[9.69305556,52.7325],[9.69041856,52.73591697],[9.68778115,52.73933389],[9.68514332,52.74275074],[9.68250509,52.74616753],[9.67986644,52.74958426],[9.67722738,52.75300093],[9.6745879,52.75641754],[9.67194801,52.75983409],[9.66930771,52.76325057],[9.666667,52.766667],[9.66999457,52.77500077],[9.67332341,52.78333444],[9.67665352,52.79166801],[9.67998491,52.80000146],[9.68331757,52.80833482],[9.6866515,52.81666806],[9.68998671,52.82500121],[9.6933232,52.83333424],[9.69666096,52.84166717],[9.7,52.85],[9.7099862,52.85667052],[9.71997547,52.86334019],[9.7299678,52.87000902],[9.73996319,52.87667699],[9.74996165,52.88334412],[9.75996318,52.89001039],[9.76996778,52.89667582],[9.77997545,52.9033404],[9.78998619,52.91000413],[9.8,52.916667],[9.80832754,52.92000294],[9.81665636,52.92333829],[9.82498646,52.92667305],[9.83331783,52.93000723],[9.84165049,52.93334083],[9.84998443,52.93667384],[9.85831965,52.94000626],[9.86665616,52.94333809],[9.87499394,52.94666934],[9.883333,52.95],[9.88750258,52.94666737],[9.89167152,52.94333458],[9.89583982,52.94000165],[9.90000748,52.93666858],[9.9041745,52.93333535],[9.90834088,52.93000198],[9.91250662,52.92666845],[9.91667172,52.92333478],[9.92083618,52.92000097],[9.925,52.916667],[9.92750518,52.90666731]]],"type":"Polygon"},"properties":{"upper_limit_alt_ref":"MSL","upper_limit_altitude":14000.0,"lower_limit_altitude":0.0,"lower_limit_alt_ref":"AGL","legal_ref":"§ 17, Abs. 1 LuftVO","generated_name_EN":"Bergen","lower_limit_unit":"m","type_code_detail":"RESTRICTED","external_reference":"475","name":["Bergen"],"upper_limit_unit":"ft","generated_name_DE":"Bergen","type_code":"FLUGBESCHRAENKUNGSGEBIET"}},{"type":"Feature","geometry":{"coordinates":[[[10.68333333,54.41666667],[10.7,54.41666667],[10.71666667,54.41666667],[10.73333333,54.41666667],[10.75,54.41666667],[10.76666667,54.41666667],[10.78333333,54.41666667],[10.8,54.41666667],[10.81666667,54.41666667],[10.83333333,54.41666667],[10.83833151,54.41833427],[10.84333009,54.42000166],[10.84832907,54.42166884],[10.85332846,54.42333582],[10.85832826,54.42500259],[10.86332846,54.42666916],[10.86832907,54.42833551],[10.87333009,54.43000166],[10.87833151,54.4316676],[10.88333333,54.43333333],[10.88333333,54.42250009],[10.88333333,54.41166682],[10.88333333,54.40083354],[10.88333333,54.39000023],[10.88333333,54.37916691],[10.88333333,54.36833357],[10.88333333,54.35750021],[10.88333333,54.34666682],[10.88333333,54.33583342],[10.88333333,54.325],[10.86330062,54.31751498],[10.84327519,54.31002662],[10.82325702,54.30253494],[10.80324613,54.29503992],[10.7832425,54.28754157],[10.76324614,54.2800399],[10.74325704,54.27253491],[10.72327521,54.26502659],[10.70330064,54.25751495],[10.68333333,54.25],[10.68095264,54.25075411],[10.67857186,54.25150817],[10.676191,54.25226219],[10.67381004,54.25301616],[10.67142901,54.25377008],[10.66904788,54.25452395],[10.66666667,54.25527778],[10.66666667,54.26308338],[10.66666667,54.27088897],[10.66666667,54.27869455],[10.66666667,54.28650012],[10.66666667,54.29430568],[10.66666667,54.30211123],[10.66666667,54.30991677],[10.66666667,54.3177223],[10.66666667,54.32552782],[10.66666667,54.33333333],[10.66666667,54.34166672],[10.66666667,54.35000009],[10.66666667,54.35833345],[10.66666667,54.36666681],[10.66666667,54.37500014],[10.66666667,54.38333347],[10.66666667,54.39166679],[10.66666667,54.40000009],[10.66666667,54.40833339],[10.66666667,54.41666667],[10.68333333,54.41666667]]],"type":"Polygon"},"properties":{"upper_limit_alt_ref":"MSL","upper_limit_altitude":40000.0,"lower_limit_altitude":0.0,"lower_limit_alt_ref":"AGL","legal_ref":"§ 17, Abs. 1 LuftVO","generated_name_EN":"Todendorf-Putlos B","lower_limit_unit":"m","type_code_detail":"RESTRICTED","external_reference":"450","name":["Todendorf-Putlos B"],"upper_limit_unit":"ft","generated_name_DE":"Todendorf-Putlos B","type_code":"FLUGBESCHRAENKUNGSGEBIET"}},{"type":"Feature","geometry":{"coordinates":[[[8.83915498,54.02833775],[8.82831255,54.02334118],[8.81747273,54.01834363],[8.8066355,54.0133451],[8.79580087,54.00834559],[8.78496884,54.0033451],[8.7741394,53.99834362],[8.76331256,53.99334117],[8.75248832,53.98833774],[8.74166667,53.98333333],[8.675905,53.98849549],[8.61012712,53.99362165],[8.54433314,53.9987118],[8.47852316,54.00376593],[8.41269729,54.00878402],[8.34685563,54.01376605],[8.2809983,54.01871202],[8.21512541,54.02362189],[8.14923705,54.02849567],[8.08333333,54.03333333],[8.08333333,54.04416675],[8.08333333,54.05500016],[8.08333333,54.06583354],[8.08333333,54.0766669],[8.08333333,54.08750025],[8.08333333,54.09833357],[8.08333333,54.10916687],[8.08333333,54.12000016],[8.08333333,54.13083342],[8.08333333,54.14166667],[8.11326817,54.15170032],[8.14321749,54.16172651],[8.17318128,54.17174524],[8.20315956,54.18175649],[8.23315231,54.19176026],[8.26315954,54.20175654],[8.29318126,54.21174533],[8.32321747,54.22172661],[8.35326816,54.2317004],[8.38333333,54.24166667],[8.41502289,54.2383708],[8.44670739,54.2350666],[8.47838682,54.23175406],[8.51006118,54.22843321],[8.54173044,54.22510403],[8.5733946,54.22176652],[8.60505365,54.2184207],[8.63670757,54.21506656],[8.66835636,54.2117041],[8.7,54.20833333],[8.71734324,54.19831683],[8.73467809,54.18829782],[8.75200455,54.1782763],[8.76932264,54.16825227],[8.78663236,54.15822574],[8.80393371,54.1481967],[8.82122671,54.13816516],[8.83851134,54.12813112],[8.85578762,54.11809459],[8.87305556,54.10805556],[8.85908595,54.10892397],[8.84511575,54.10979075],[8.83114498,54.11065592],[8.81717362,54.11151946],[8.80320168,54.11238139],[8.78922917,54.11324169],[8.77525607,54.11410037],[8.7612824,54.11495742],[8.74730816,54.11581286],[8.73333333,54.11666667],[8.73333333,54.11166669],[8.73333333,54.1066667],[8.73333333,54.10166671],[8.73333333,54.09666672],[8.73333333,54.09166672],[8.73333333,54.08666672],[8.73333333,54.08166671],[8.73333333,54.0766667],[8.73333333,54.07166669],[8.73333333,54.06666667],[8.7450084,54.06333844],[8.75668161,54.06000907],[8.76835294,54.05667857],[8.78002241,54.05334694],[8.79169001,54.05001417],[8.80335574,54.04668027],[8.81501961,54.04334523],[8.82668161,54.04000907],[8.83834174,54.03667177],[8.85,54.03333333],[8.83915498,54.02833775]]],"type":"Polygon"},"properties":{"upper_limit_alt_ref":"MSL","upper_limit_altitude":24500.0,"lower_limit_altitude":0.0,"lower_limit_alt_ref":"AGL","legal_ref":"§ 17, Abs. 1 LuftVO","generated_name_EN":"Meldorfer Bucht B","lower_limit_unit":"m","type_code_detail":"RESTRICTED","external_reference":"2447","name":["Meldorfer Bucht B"],"upper_limit_unit":"ft","generated_name_DE":"Meldorfer Bucht B","type_code":"FLUGBESCHRAENKUNGSGEBIET"}},{"type":"Feature","geometry":{"coordinates":[[[10.11083468,54.70583354],[10.11333573,54.70333369],[10.11583646,54.70083379],[10.11833689,54.69833383],[10.12083701,54.69583382],[10.12333682,54.69333376],[10.12583633,54.69083365],[10.12833553,54.68833349],[10.13083442,54.68583327],[10.133333,54.683333],[10.133333,54.6716665],[10.133333,54.65999998],[10.133333,54.64833344],[10.133333,54.63666687],[10.133333,54.62500028],[10.133333,54.61333367],[10.133333,54.60166704],[10.133333,54.59000038],[10.133333,54.5783337],[10.133333,54.566667],[10.12164928,54.5600054],[10.10996937,54.55334267],[10.09829327,54.5466788],[10.08662097,54.54001379],[10.07495247,54.53334766],[10.06328778,54.52668039],[10.05162689,54.52001199],[10.03996979,54.51334246],[10.0283165,54.50667179],[10.016667,54.5],[10.01500091,54.50166681],[10.01333469,54.50333359],[10.01166832,54.50500035],[10.01000183,54.50666708],[10.0083352,54.50833379],[10.00666843,54.51000048],[10.00500152,54.51166715],[10.00333449,54.51333379],[10.00166731,54.51500041],[10,54.516667],[10.00484105,54.53541811],[10.00968653,54.55416896],[10.01453646,54.57291956],[10.01939085,54.59166991],[10.0242497,54.61042],[10.02911302,54.62916984],[10.03398081,54.64791943],[10.03885308,54.66666876],[10.04372985,54.68541784],[10.04861111,54.70416667],[10.05458278,54.70458466],[10.06055458,54.70500235],[10.06652649,54.70541976],[10.07249853,54.70583686],[10.07847069,54.70625368],[10.08444298,54.7066702],[10.09041538,54.70708642],[10.09638791,54.70750235],[10.10236056,54.70791799],[10.10833333,54.70833333],[10.11083468,54.70583354]]],"type":"Polygon"},"properties":{"upper_limit_alt_ref":"MSL","upper_limit_altitude":10000.0,"lower_limit_altitude":0.0,"lower_limit_alt_ref":"AGL","legal_ref":"§ 17, Abs. 1 LuftVO","generated_name_EN":"Schoenhagen B","lower_limit_unit":"m","type_code_detail":"RESTRICTED","external_reference":"474","name":["Schoenhagen B"],"upper_limit_unit":"ft","generated_name_DE":"Schoenhagen B","type_code":"FLUGBESCHRAENKUNGSGEBIET"}},{"type":"Feature","geometry":{"coordinates":[[[11.34230893,53.04689469],[11.34377793,53.04680561],[11.34523376,53.04665758],[11.34666992,53.04645126],[11.34808,53.04618757],[11.34945768,53.04586771],[11.35079681,53.04549309],[11.3520914,53.04506538],[11.35333567,53.04458651],[11.35452406,53.04405861],[11.35565126,53.04348404],[11.35671223,53.04286538],[11.35770224,53.04220537],[11.35861687,53.04150698],[11.35945202,53.04077332],[11.36020398,53.04000768],[11.36086939,53.03921347],[11.36144527,53.03839424],[11.36192907,53.03755366],[11.36231862,53.03669547],[11.36261219,53.03582352],[11.36280848,53.03494169],[11.36290661,53.03405393],[11.36290616,53.0331642],[11.36280713,53.03227647],[11.36260996,53.03139472],[11.36231555,53.03052287],[11.36192522,53.02966482],[11.36144071,53.02882441],[11.36086419,53.02800538],[11.36019825,53.02721138],[11.35944585,53.02644598],[11.35861037,53.02571258],[11.35769554,53.02501445],[11.35670543,53.02435471],[11.35564449,53.02373632],[11.35451744,53.02316202],[11.35332932,53.02263438],[11.35208543,53.02215575],[11.35079133,53.02172828],[11.34945279,53.02135386],[11.34807578,53.02103418],[11.34666646,53.02077065],[11.34523111,53.02056446],[11.34377613,53.02041651],[11.34230802,53.02032748],[11.34083333,53.02029776],[11.33935864,53.02032748],[11.33789054,53.02041651],[11.33643556,53.02056446],[11.33500021,53.02077065],[11.33359088,53.02103418],[11.33221388,53.02135386],[11.33087534,53.02172828],[11.32958123,53.02215575],[11.32833734,53.02263438],[11.32714922,53.02316202],[11.32602217,53.02373632],[11.32496123,53.02435471],[11.32397113,53.02501445],[11.3230563,53.02571258],[11.32222081,53.02644598],[11.32146842,53.02721138],[11.32080247,53.02800538],[11.32022596,53.02882441],[11.31974145,53.02966482],[11.31935111,53.03052287],[11.3190567,53.03139472],[11.31885954,53.03227647],[11.31876051,53.0331642],[11.31876005,53.03405393],[11.31885818,53.03494169],[11.31905447,53.03582352],[11.31934805,53.03669547],[11.3197376,53.03755366],[11.3202214,53.03839424],[11.32079728,53.03921347],[11.32146269,53.04000768],[11.32221464,53.04077332],[11.3230498,53.04150698],[11.32396442,53.04220537],[11.32495443,53.04286538],[11.32601541,53.04348404],[11.32714261,53.04405861],[11.328331,53.04458651],[11.32957527,53.04506538],[11.33086986,53.04549309],[11.33220899,53.04586771],[11.33358667,53.04618757],[11.33499674,53.04645126],[11.3364329,53.04665758],[11.33788874,53.04680561],[11.33935774,53.04689469],[11.34083333,53.04692443],[11.34230893,53.04689469]]],"type":"Polygon"},"properties":{"upper_limit_alt_ref":"MSL","upper_limit_altitude":2100.0,"lower_limit_altitude":0.0,"lower_limit_alt_ref":"AGL","legal_ref":"§ 17, Abs. 1 LuftVO","generated_name_EN":"Gorleben","lower_limit_unit":"m","type_code_detail":"RESTRICTED","external_reference":"15490","name":["Gorleben"],"upper_limit_unit":"ft","generated_name_DE":"Gorleben","type_code":"FLUGBESCHRAENKUNGSGEBIET"}},{"type":"Feature","geometry":{"coordinates":[[[13.37782716,52.56852931],[13.37954246,52.56849643],[13.38125624,52.56844164],[13.38296776,52.56836497],[13.38467626,52.56826645],[13.38638099,52.56814612],[13.38808121,52.56800405],[13.38977615,52.56784028],[13.39146508,52.5676549],[13.39314725,52.56744798],[13.39482193,52.56721962],[13.39648837,52.56696991],[13.39814584,52.56669897],[13.39979362,52.56640691],[13.40143098,52.56609387],[13.40305719,52.56575998],[13.40467154,52.56540538],[13.40627333,52.56503024],[13.40786185,52.56463472],[13.40943639,52.564219],[13.41099627,52.56378325],[13.41254081,52.56332767],[13.41406931,52.56285245],[13.41558112,52.56235781],[13.41707556,52.56184397],[13.41855197,52.56131115],[13.42000972,52.56075959],[13.42144816,52.56018952],[13.42286666,52.5596012],[13.42426459,52.55899489],[13.42564134,52.55837086],[13.4269963,52.55772937],[13.42832889,52.55707072],[13.42963851,52.55639518],[13.43092459,52.55570307],[13.43218657,52.55499467],[13.43342389,52.55427031],[13.43463601,52.5535303],[13.43582239,52.55277497],[13.43698253,52.55200464],[13.4381159,52.55121967],[13.43922202,52.55042039],[13.44030039,52.54960715],[13.44135055,52.54878032],[13.44237204,52.54794025],[13.4433644,52.54708732],[13.4443272,52.54622189],[13.44526003,52.54534436],[13.44616247,52.5444551],[13.44703413,52.5435545],[13.44787463,52.54264297],[13.4486836,52.54172091],[13.44946068,52.54078871],[13.45020554,52.53984678],[13.45091786,52.53889555],[13.45159732,52.53793543],[13.45224362,52.53696683],[13.45285649,52.5359902],[13.45343565,52.53500594],[13.45398086,52.53401451],[13.45449188,52.53301632],[13.45496848,52.53201183],[13.45541047,52.53100147],[13.45581764,52.52998568],[13.45618982,52.52896492],[13.45652685,52.52793962],[13.45682859,52.52691024],[13.4570949,52.52587724],[13.45732567,52.52484106],[13.4575208,52.52380215],[13.45768021,52.52276099],[13.45780383,52.52171801],[13.45789161,52.52067368],[13.45794352,52.51962846],[13.45795953,52.51858281],[13.45793963,52.51753718],[13.45788385,52.51649204],[13.4577922,52.51544783],[13.45766474,52.51440503],[13.45750151,52.51336408],[13.45730259,52.51232545],[13.45706808,52.51128958],[13.45679807,52.51025694],[13.45649269,52.50922797],[13.45615208,52.50820313],[13.45577638,52.50718287],[13.45536577,52.50616763],[13.45492042,52.50515785],[13.45444054,52.50415399],[13.45392633,52.50315648],[13.45337802,52.50216575],[13.45279586,52.50118225],[13.45218011,52.5002064],[13.45153103,52.49923863],[13.45084891,52.49827937],[13.45013405,52.49732902],[13.44938678,52.49638802],[13.44860741,52.49545677],[13.44779629,52.49453569],[13.44695378,52.49362516],[13.44608024,52.4927256],[13.44517608,52.49183739],[13.44424167,52.49096093],[13.44327743,52.4900966],[13.44228379,52.48924478],[13.44126119,52.48840584],[13.44021006,52.48758014],[13.43913088,52.48676806],[13.43802411,52.48596994],[13.43689025,52.48518613],[13.43572979,52.48441698],[13.43454324,52.48366282],[13.43333112,52.48292399],[13.43209397,52.4822008],[13.43083231,52.48149358],[13.42954672,52.48080263],[13.42823775,52.48012826],[13.42690597,52.47947075],[13.42555197,52.4788304],[13.42417634,52.47820749],[13.42277969,52.4776023],[13.42136263,52.47701507],[13.41992577,52.47644608],[13.41846975,52.47589557],[13.4169952,52.47536378],[13.41550278,52.47485095],[13.41399312,52.47435729],[13.4124669,52.47388303],[13.41092478,52.47342837],[13.40936744,52.47299351],[13.40779555,52.47257864],[13.40620982,52.47218394],[13.40461092,52.47180959],[13.40299956,52.47145575],[13.40137644,52.47112257],[13.39974228,52.47081019],[13.39809778,52.47051877],[13.39644367,52.47024841],[13.39478068,52.46999925],[13.39310952,52.46977139],[13.39143093,52.46956493],[13.38974564,52.46937996],[13.38805439,52.46921655],[13.38635792,52.46907479],[13.38465697,52.46895474],[13.38295229,52.46885644],[13.38124461,52.46877994],[13.37953469,52.46872527],[13.37782328,52.46869246],[13.37611111,52.46868153],[13.37439895,52.46869246],[13.37268753,52.46872527],[13.37097761,52.46877994],[13.36926994,52.46885644],[13.36756525,52.46895474],[13.3658643,52.46907479],[13.36416783,52.46921655],[13.36247658,52.46937996],[13.3607913,52.46956493],[13.35911271,52.46977139],[13.35744155,52.46999925],[13.35577855,52.47024841],[13.35412444,52.47051877],[13.35247995,52.47081019],[13.35084578,52.47112257],[13.34922267,52.47145575],[13.34761131,52.47180959],[13.34601241,52.47218394],[13.34442667,52.47257864],[13.34285478,52.47299351],[13.34129744,52.47342837],[13.33975532,52.47388303],[13.3382291,52.47435729],[13.33671945,52.47485095],[13.33522702,52.47536378],[13.33375247,52.47589557],[13.33229645,52.47644608],[13.33085959,52.47701507],[13.32944253,52.4776023],[13.32804588,52.47820749],[13.32667025,52.4788304],[13.32531625,52.47947075],[13.32398448,52.48012826],[13.3226755,52.48080263],[13.32138991,52.48149358],[13.32012826,52.4822008],[13.3188911,52.48292399],[13.31767898,52.48366282],[13.31649243,52.48441698],[13.31533197,52.48518613],[13.31419811,52.48596994],[13.31309134,52.48676806],[13.31201216,52.48758014],[13.31096104,52.48840584],[13.30993843,52.48924478],[13.30894479,52.4900966],[13.30798055,52.49096093],[13.30704615,52.49183739],[13.30614198,52.4927256],[13.30526845,52.49362516],[13.30442593,52.49453569],[13.30361482,52.49545677],[13.30283545,52.49638802],[13.30208817,52.49732902],[13.30137331,52.49827937],[13.3006912,52.49923863],[13.30004212,52.5002064],[13.29942636,52.50118225],[13.2988442,52.50216575],[13.2982959,52.50315648],[13.29778169,52.50415399],[13.2973018,52.50515785],[13.29685645,52.50616763],[13.29644584,52.50718287],[13.29607014,52.50820313],[13.29572953,52.50922797],[13.29542415,52.51025694],[13.29515414,52.51128958],[13.29491963,52.51232545],[13.29472071,52.51336408],[13.29455748,52.51440503],[13.29443002,52.51544783],[13.29433837,52.51649204],[13.29428259,52.51753718],[13.2942627,52.51858281],[13.2942787,52.51962846],[13.29433061,52.52067368],[13.29441839,52.52171801],[13.29454201,52.52276099],[13.29470142,52.52380215],[13.29489655,52.52484106],[13.29512733,52.52587724],[13.29539364,52.52691024],[13.29569537,52.52793962],[13.2960324,52.52896492],[13.29640458,52.52998568],[13.29681175,52.53100147],[13.29725374,52.53201183],[13.29773034,52.53301632],[13.29824136,52.53401451],[13.29878657,52.53500594],[13.29936573,52.5359902],[13.2999786,52.53696683],[13.3006249,52.53793543],[13.30130436,52.53889555],[13.30201668,52.53984678],[13.30276154,52.54078871],[13.30353863,52.54172091],[13.30434759,52.54264297],[13.30518809,52.5435545],[13.30605975,52.5444551],[13.30696219,52.54534436],[13.30789502,52.54622189],[13.30885782,52.54708732],[13.30985019,52.54794025],[13.31087167,52.54878032],[13.31192183,52.54960715],[13.3130002,52.55042039],[13.31410632,52.55121967],[13.31523969,52.55200464],[13.31639983,52.55277497],[13.31758622,52.5535303],[13.31879834,52.55427031],[13.32003566,52.55499467],[13.32129763,52.55570307],[13.32258372,52.55639518],[13.32389334,52.55707072],[13.32522592,52.55772937],[13.32658089,52.55837086],[13.32795764,52.55899489],[13.32935557,52.5596012],[13.33077406,52.56018952],[13.3322125,52.56075959],[13.33367025,52.56131115],[13.33514667,52.56184397],[13.33664111,52.56235781],[13.33815291,52.56285245],[13.33968142,52.56332767],[13.34122595,52.56378325],[13.34278583,52.564219],[13.34436038,52.56463472],[13.34594889,52.56503024],[13.34755068,52.56540538],[13.34916503,52.56575998],[13.35079125,52.56609387],[13.3524286,52.56640691],[13.35407638,52.56669897],[13.35573385,52.56696991],[13.35740029,52.56721962],[13.35907497,52.56744798],[13.36075714,52.5676549],[13.36244607,52.56784028],[13.36414101,52.56800405],[13.36584123,52.56814612],[13.36754596,52.56826645],[13.36925446,52.56836497],[13.37096598,52.56844164],[13.37267977,52.56849643],[13.37439506,52.56852931],[13.37611111,52.56854027],[13.37782716,52.56852931]]],"type":"Polygon"},"properties":{"upper_limit_alt_ref":"MSL","upper_limit_altitude":5000.0,"lower_limit_altitude":0.0,"lower_limit_alt_ref":"AGL","legal_ref":"§ 17, Abs. 1 LuftVO","generated_name_EN":"Berlin","lower_limit_unit":"m","type_code_detail":"RESTRICTED","external_reference":"4385","name":["Berlin"],"upper_limit_unit":"ft","generated_name_DE":"Berlin","type_code":"FLUGBESCHRAENKUNGSGEBIET"}},{"type":"Feature","geometry":{"coordinates":[[[7.20285671,52.51653095],[7.20571215,52.51647611],[7.20856508,52.51638472],[7.21141422,52.51625684],[7.21425833,52.51609252],[7.21709616,52.51589182],[7.21992644,52.51565485],[7.22274793,52.5153817],[7.22555939,52.5150725],[7.22835957,52.51472738],[7.23114725,52.51434649],[7.23392119,52.51393001],[7.23668017,52.51347811],[7.23942297,52.51299099],[7.24214838,52.51246887],[7.24485521,52.51191199],[7.24754226,52.51132057],[7.25020834,52.5106949],[7.25285228,52.51003523],[7.25547292,52.50934187],[7.2580691,52.50861512],[7.26063968,52.50785529],[7.26318353,52.50706273],[7.26569952,52.50623778],[7.26818655,52.50538081],[7.27064353,52.5044922],[7.27306937,52.50357233],[7.275463,52.50262161],[7.27782338,52.50164046],[7.28014947,52.50062932],[7.28244023,52.49958862],[7.28469468,52.49851883],[7.2869118,52.49742042],[7.28909064,52.49629387],[7.29123024,52.49513968],[7.29332965,52.49395836],[7.29538795,52.49275042],[7.29740424,52.49151641],[7.29937764,52.49025685],[7.30130728,52.48897232],[7.30319231,52.48766336],[7.30503192,52.48633057],[7.30682529,52.48497452],[7.30857163,52.48359581],[7.31027019,52.48219506],[7.31192023,52.48077287],[7.31352101,52.47932987],[7.31507184,52.4778667],[7.31657204,52.476384],[7.31802097,52.47488242],[7.31941797,52.47336263],[7.32076246,52.47182529],[7.32205384,52.47027107],[7.32329154,52.46870067],[7.32447504,52.46711477],[7.32560381,52.46551407],[7.32667737,52.46389927],[7.32769525,52.46227109],[7.328657,52.46063023],[7.32956222,52.45897742],[7.33041051,52.45731339],[7.33120151,52.45563886],[7.33193486,52.45395458],[7.33261027,52.45226128],[7.33322743,52.45055971],[7.33378609,52.44885061],[7.33428601,52.44713473],[7.33472696,52.44541283],[7.33510878,52.44368566],[7.33543129,52.44195399],[7.33569435,52.44021856],[7.33589788,52.43848015],[7.33604177,52.43673952],[7.33612597,52.43499742],[7.33615046,52.43325463],[7.33611524,52.4315119],[7.33602031,52.42977001],[7.33586574,52.42802972],[7.33565159,52.42629178],[7.33537797,52.42455697],[7.335045,52.42282604],[7.33465284,52.42109975],[7.33420167,52.41937885],[7.33369169,52.41766411],[7.33312313,52.41595627],[7.33249625,52.41425609],[7.33181132,52.4125643],[7.33106866,52.41088164],[7.3302686,52.40920886],[7.32941149,52.40754669],[7.32849771,52.40589585],[7.32752768,52.40425707],[7.32650182,52.40263107],[7.32542059,52.40101855],[7.32428446,52.39942022],[7.32309395,52.39783679],[7.32184957,52.39626894],[7.32055188,52.39471736],[7.31920145,52.39318273],[7.31779888,52.39166573],[7.31634478,52.390167],[7.3148398,52.38868722],[7.3132846,52.38722703],[7.31167986,52.38578706],[7.3100263,52.38436795],[7.30832463,52.38297031],[7.30657562,52.38159476],[7.30478002,52.3802419],[7.30293862,52.37891231],[7.30105224,52.37760659],[7.2991217,52.3763253],[7.29714785,52.375069],[7.29513156,52.37383825],[7.29307371,52.37263357],[7.2909752,52.37145549],[7.28883695,52.37030453],[7.2866599,52.36918119],[7.28444501,52.36808597],[7.28219323,52.36701934],[7.27990557,52.36598176],[7.27758302,52.36497369],[7.2752266,52.36399557],[7.27283733,52.36304783],[7.27041627,52.36213088],[7.26796447,52.36124512],[7.265483,52.36039093],[7.26297295,52.3595687],[7.26043542,52.35877877],[7.25787151,52.3580215],[7.25528235,52.35729721],[7.25266906,52.35660623],[7.25003279,52.35594884],[7.24737469,52.35532535],[7.24469592,52.35473601],[7.24199765,52.35418109],[7.23928105,52.35366084],[7.23654732,52.35317547],[7.23379764,52.35272519],[7.23103322,52.35231022],[7.22825527,52.35193072],[7.22546498,52.35158686],[7.22266359,52.35127879],[7.21985232,52.35100665],[7.21703238,52.35077055],[7.21420502,52.35057061],[7.21137146,52.35040689],[7.20853293,52.35027949],[7.20569069,52.35018844],[7.20284597,52.3501338],[7.2,52.35011558],[7.19715403,52.3501338],[7.19430931,52.35018844],[7.19146707,52.35027949],[7.18862854,52.35040689],[7.18579498,52.35057061],[7.18296762,52.35077055],[7.18014768,52.35100665],[7.17733641,52.35127879],[7.17453502,52.35158686],[7.17174473,52.35193072],[7.16896678,52.35231022],[7.16620236,52.35272519],[7.16345268,52.35317547],[7.16071895,52.35366084],[7.15800235,52.35418109],[7.15530408,52.35473601],[7.15262531,52.35532535],[7.14996721,52.35594884],[7.14733094,52.35660623],[7.14471765,52.35729721],[7.14212849,52.3580215],[7.13956458,52.35877877],[7.13702705,52.3595687],[7.134517,52.36039093],[7.13203553,52.36124512],[7.12958373,52.36213088],[7.12716267,52.36304783],[7.1247734,52.36399557],[7.12241698,52.36497369],[7.12009443,52.36598176],[7.11780677,52.36701934],[7.11555499,52.36808597],[7.1133401,52.36918119],[7.11116305,52.37030453],[7.1090248,52.37145549],[7.10692629,52.37263357],[7.10486844,52.37383825],[7.10285215,52.375069],[7.1008783,52.3763253],[7.09894776,52.37760659],[7.09706138,52.37891231],[7.09521998,52.3802419],[7.09342438,52.38159476],[7.09167537,52.38297031],[7.0899737,52.38436795],[7.08832014,52.38578706],[7.0867154,52.38722703],[7.0851602,52.38868722],[7.08365522,52.390167],[7.08220112,52.39166573],[7.08079855,52.39318273],[7.07944812,52.39471736],[7.07815043,52.39626894],[7.07690605,52.39783679],[7.07571554,52.39942022],[7.07457941,52.40101855],[7.07349818,52.40263107],[7.07247232,52.40425707],[7.07150229,52.40589585],[7.07058851,52.40754669],[7.0697314,52.40920886],[7.06893134,52.41088164],[7.06818868,52.4125643],[7.06750375,52.41425609],[7.06687687,52.41595627],[7.06630831,52.41766411],[7.06579833,52.41937885],[7.06534716,52.42109975],[7.064955,52.42282604],[7.06462203,52.42455697],[7.06434841,52.42629178],[7.06413426,52.42802972],[7.06397969,52.42977001],[7.06388476,52.4315119],[7.06384954,52.43325463],[7.06387403,52.43499742],[7.06395823,52.43673952],[7.06410212,52.43848015],[7.06430565,52.44021856],[7.06456871,52.44195399],[7.06489122,52.44368566],[7.06527304,52.44541283],[7.06571399,52.44713473],[7.06621391,52.44885061],[7.06677257,52.45055971],[7.06738973,52.45226128],[7.06806514,52.45395458],[7.06879849,52.45563886],[7.06958949,52.45731339],[7.07043778,52.45897742],[7.071343,52.46063023],[7.07230475,52.46227109],[7.07332263,52.46389927],[7.07439619,52.46551407],[7.07552496,52.46711477],[7.07670846,52.46870067],[7.07794616,52.47027107],[7.07923754,52.47182529],[7.08058203,52.47336263],[7.08197903,52.47488242],[7.08342796,52.476384],[7.08492816,52.4778667],[7.08647899,52.47932987],[7.08807977,52.48077287],[7.08972981,52.48219506],[7.09142837,52.48359581],[7.09317471,52.48497452],[7.09496808,52.48633057],[7.09680769,52.48766336],[7.09869272,52.48897232],[7.10062236,52.49025685],[7.10259576,52.49151641],[7.10461205,52.49275042],[7.10667035,52.49395836],[7.10876976,52.49513968],[7.11090936,52.49629387],[7.1130882,52.49742042],[7.11530532,52.49851883],[7.11755977,52.49958862],[7.11985053,52.50062932],[7.12217662,52.50164046],[7.124537,52.50262161],[7.12693063,52.50357233],[7.12935647,52.5044922],[7.13181345,52.50538081],[7.13430048,52.50623778],[7.13681647,52.50706273],[7.13936032,52.50785529],[7.1419309,52.50861512],[7.14452708,52.50934187],[7.14714772,52.51003523],[7.14979166,52.5106949],[7.15245774,52.51132057],[7.15514479,52.51191199],[7.15785162,52.51246887],[7.16057703,52.51299099],[7.16331983,52.51347811],[7.16607881,52.51393001],[7.16885275,52.51434649],[7.17164043,52.51472738],[7.17444061,52.5150725],[7.17725207,52.5153817],[7.18007356,52.51565485],[7.18290384,52.51589182],[7.18574167,52.51609252],[7.18858578,52.51625684],[7.19143492,52.51638472],[7.19428785,52.51647611],[7.19714329,52.51653095],[7.2,52.51654924],[7.20285671,52.51653095]]],"type":"Polygon"},"properties":{"upper_limit_alt_ref":"PA","upper_limit_altitude":100.0,"lower_limit_altitude":0.0,"lower_limit_alt_ref":"AGL","legal_ref":"§ 17, Abs. 1 LuftVO","generated_name_EN":"Nordhorn A","lower_limit_unit":"m","type_code_detail":"RESTRICTED","external_reference":"490","name":["Nordhorn A"],"upper_limit_unit":"FL","generated_name_DE":"Nordhorn A","type_code":"FLUGBESCHRAENKUNGSGEBIET"}},{"type":"Feature","geometry":{"coordinates":[[[10.01002331,53.03279053],[10.02837477,53.02668934],[10.04672105,53.02058531],[10.06506215,53.01447844],[10.08339807,53.00836874],[10.10172881,53.00225621],[10.12005438,52.99614084],[10.13837476,52.99002265],[10.15668997,52.98390163],[10.175,52.97777778],[10.17416619,52.97500003],[10.17333248,52.97222228],[10.17249888,52.96944452],[10.17166538,52.96666675],[10.170832,52.96388898],[10.16999872,52.9611112],[10.16916555,52.95833341],[10.16833248,52.95555561],[10.16749952,52.95277781],[10.16666667,52.95],[10.16249568,52.94500068],[10.15832565,52.9400012],[10.15415658,52.93500158],[10.14998848,52.9300018],[10.14582133,52.92500188],[10.14165515,52.9200018],[10.13748992,52.91500158],[10.13332566,52.9100012],[10.12916235,52.90500068],[10.125,52.9],[10.10746982,52.89167834],[10.08994635,52.88335407],[10.07242959,52.87502721],[10.05491954,52.86669776],[10.0374162,52.85836572],[10.01991956,52.85003108],[10.00242962,52.84169386],[9.98494639,52.83335405],[9.96746985,52.82501165],[9.95,52.81666667],[9.94750517,52.82666698],[9.94500919,52.83666722],[9.94251206,52.8466674],[9.94001379,52.8566675],[9.93751437,52.86666754],[9.9350138,52.8766675],[9.93251208,52.8866674],[9.9300092,52.89666722],[9.92750518,52.90666698],[9.925,52.91666667],[9.92083621,52.92000067],[9.91667179,52.92333452],[9.91250672,52.92666822],[9.90834102,52.93000178],[9.90417467,52.93333518],[9.90000768,52.93666844],[9.89584006,52.94000155],[9.89167179,52.94333452],[9.88750288,52.94666733],[9.88333333,52.95],[9.88666321,52.95500044],[9.88999385,52.96000078],[9.89332526,52.96500103],[9.89665743,52.97000117],[9.89999038,52.97500122],[9.9033241,52.98000117],[9.90665859,52.98500103],[9.90999384,52.99000078],[9.91332987,52.99500044],[9.91666667,53],[9.9241606,53.00389103],[9.93165588,53.00778158],[9.93915251,53.01167166],[9.94665048,53.01556126],[9.95414981,53.01945039],[9.96165048,53.02333904],[9.9691525,53.02722722],[9.97665587,53.03111492],[9.9841606,53.03500214],[9.99166667,53.03888889],[10.01002331,53.03279053]]],"type":"Polygon"},"properties":{"upper_limit_alt_ref":"MSL","upper_limit_altitude":14000.0,"lower_limit_altitude":0.0,"lower_limit_alt_ref":"AGL","legal_ref":"§ 17, Abs. 1 LuftVO","generated_name_EN":"Munster A","lower_limit_unit":"m","type_code_detail":"RESTRICTED","external_reference":"2803","name":["Munster A"],"upper_limit_unit":"ft","generated_name_DE":"Munster A","type_code":"FLUGBESCHRAENKUNGSGEBIET"}},{"type":"Feature","geometry":{"coordinates":[[[12.1527776,53.619444],[12.1583332,53.619444],[12.1638888,53.619444],[12.1694444,53.619444],[12.175,53.619444],[12.1805556,53.619444],[12.1861112,53.619444],[12.1916668,53.619444],[12.1972224,53.619444],[12.202778,53.619444],[12.202778,53.61583291],[12.202778,53.61222182],[12.202778,53.60861072],[12.202778,53.60499963],[12.202778,53.60138853],[12.202778,53.59777743],[12.202778,53.59416632],[12.202778,53.59055522],[12.202778,53.58694411],[12.202778,53.583333],[12.1972224,53.583333],[12.1916668,53.583333],[12.1861112,53.583333],[12.1805556,53.583333],[12.175,53.583333],[12.1694444,53.583333],[12.1638888,53.583333],[12.1583332,53.583333],[12.1527776,53.583333],[12.147222,53.583333],[12.147222,53.58694411],[12.147222,53.59055522],[12.147222,53.59416632],[12.147222,53.59777743],[12.147222,53.60138853],[12.147222,53.60499963],[12.147222,53.60861072],[12.147222,53.61222182],[12.147222,53.61583291],[12.147222,53.619444],[12.1527776,53.619444]]],"type":"Polygon"},"properties":{"upper_limit_alt_ref":"MSL","upper_limit_altitude":1700.0,"lower_limit_altitude":0.0,"lower_limit_alt_ref":"AGL","legal_ref":"§ 17, Abs. 1 LuftVO","generated_name_EN":"Karow","lower_limit_unit":"m","type_code_detail":"RESTRICTED","external_reference":"615","name":["Karow"],"upper_limit_unit":"ft","generated_name_DE":"Karow","type_code":"FLUGBESCHRAENKUNGSGEBIET"}},{"type":"Feature","geometry":{"coordinates":[[[13.1958911,51.834396],[13.19733589,51.83434772],[13.19877694,51.83426732],[13.2002124,51.83415491],[13.20164042,51.83401064],[13.20305914,51.83383468],[13.20446674,51.83362727],[13.20586141,51.83338867],[13.20724133,51.83311919],[13.20860474,51.83281918],[13.20994986,51.83248903],[13.21127496,51.83212916],[13.21257834,51.83174004],[13.21385832,51.83132217],[13.21511323,51.83087609],[13.21634146,51.83040237],[13.21754143,51.82990163],[13.21871159,51.82937451],[13.21985043,51.82882169],[13.22095647,51.82824389],[13.22202831,51.82764186],[13.22306454,51.82701636],[13.22406385,51.82636821],[13.22502493,51.82569824],[13.22594655,51.82500731],[13.22682752,51.82429633],[13.22766672,51.8235662],[13.22846305,51.82281788],[13.2292155,51.82205231],[13.22992309,51.82127049],[13.23058491,51.82047344],[13.23120011,51.81966217],[13.23176791,51.81883774],[13.23228757,51.8180012],[13.23275842,51.81715364],[13.23317987,51.81629615],[13.23355136,51.81542984],[13.23387242,51.81455582],[13.23414265,51.81367521],[13.23436169,51.81278917],[13.23452927,51.81189881],[13.23464518,51.81100531],[13.23470926,51.8101098],[13.23472144,51.80921344],[13.23468171,51.80831739],[13.23459012,51.8074228],[13.23444679,51.80653082],[13.2342519,51.80564261],[13.23400572,51.80475931],[13.23370856,51.80388205],[13.23336082,51.80301197],[13.23296293,51.80215019],[13.23251542,51.80129781],[13.23201886,51.80045595],[13.2314739,51.79962567],[13.23088124,51.79880806],[13.23024165,51.79800416],[13.22955595,51.797215],[13.22882504,51.79644162],[13.22804984,51.79568499],[13.22723137,51.7949461],[13.22637068,51.7942259],[13.22546889,51.79352531],[13.22452714,51.79284525],[13.22354666,51.79218657],[13.22252871,51.79155013],[13.22147461,51.79093676],[13.22038571,51.79034723],[13.21926341,51.78978231],[13.21810917,51.78924273],[13.21692446,51.78872918],[13.21571082,51.78824232],[13.2144698,51.78778278],[13.21320301,51.78735114],[13.21191208,51.78694798],[13.21059866,51.7865738],[13.20926446,51.78622908],[13.20791118,51.78591427],[13.20654057,51.78562978],[13.20515439,51.78537597],[13.20375443,51.78515316],[13.20234249,51.78496165],[13.20092039,51.78480168],[13.19948995,51.78467346],[13.19805302,51.78457714],[13.19661145,51.78451287],[13.19516709,51.78448071],[13.1937218,51.78448071],[13.19227744,51.78451287],[13.19083586,51.78457714],[13.18939893,51.78467346],[13.1879685,51.78480168],[13.18654639,51.78496165],[13.18513445,51.78515316],[13.1837345,51.78537597],[13.18234832,51.78562978],[13.18097771,51.78591427],[13.17962443,51.78622908],[13.17829023,51.7865738],[13.17697681,51.78694798],[13.17568588,51.78735114],[13.17441909,51.78778278],[13.17317807,51.78824232],[13.17196443,51.78872918],[13.17077972,51.78924273],[13.16962548,51.78978231],[13.16850318,51.79034723],[13.16741428,51.79093676],[13.16636018,51.79155013],[13.16534223,51.79218657],[13.16436175,51.79284525],[13.16342,51.79352531],[13.1625182,51.7942259],[13.16165751,51.7949461],[13.16083904,51.79568499],[13.16006385,51.79644162],[13.15933293,51.797215],[13.15864724,51.79800416],[13.15800765,51.79880806],[13.15741499,51.79962567],[13.15687003,51.80045595],[13.15637347,51.80129781],[13.15592596,51.80215019],[13.15552807,51.80301197],[13.15518032,51.80388205],[13.15488317,51.80475931],[13.15463699,51.80564261],[13.1544421,51.80653082],[13.15429877,51.8074228],[13.15420718,51.80831739],[13.15416744,51.80921344],[13.15417963,51.8101098],[13.15424371,51.81100531],[13.15435961,51.81189881],[13.15452719,51.81278917],[13.15474624,51.81367521],[13.15501647,51.81455582],[13.15533753,51.81542984],[13.15570902,51.81629615],[13.15613047,51.81715364],[13.15660132,51.8180012],[13.15712098,51.81883774],[13.15768877,51.81966217],[13.15830398,51.82047344],[13.1589658,51.82127049],[13.15967339,51.82205231],[13.16042584,51.82281788],[13.16122217,51.8235662],[13.16206136,51.82429633],[13.16294234,51.82500731],[13.16386396,51.82569824],[13.16482504,51.82636821],[13.16582435,51.82701636],[13.16686058,51.82764186],[13.16793241,51.82824389],[13.16903846,51.82882169],[13.1701773,51.82937451],[13.17134746,51.82990163],[13.17254743,51.83040237],[13.17377566,51.83087609],[13.17503057,51.83132217],[13.17631054,51.83174004],[13.17761392,51.83212916],[13.17893903,51.83248903],[13.18028415,51.83281918],[13.18164756,51.83311919],[13.18302748,51.83338867],[13.18442214,51.83362727],[13.18582975,51.83383468],[13.18724847,51.83401064],[13.18867648,51.83415491],[13.19011195,51.83426732],[13.191553,51.83434772],[13.19299779,51.834396],[13.19444444,51.8344121],[13.1958911,51.834396]]],"type":"Polygon"},"properties":{"upper_limit_alt_ref":"MSL","upper_limit_altitude":3000.0,"lower_limit_altitude":0.0,"lower_limit_alt_ref":"AGL","legal_ref":"§ 17, Abs. 1 LuftVO","generated_name_EN":"Schönewalde","lower_limit_unit":"m","type_code_detail":"RESTRICTED","external_reference":"15493","name":["Schönewalde"],"upper_limit_unit":"ft","generated_name_DE":"Schönewalde","type_code":"FLUGBESCHRAENKUNGSGEBIET"}},{"type":"Feature","geometry":{"coordinates":[[[9.78874757,50.41705707],[9.79499567,50.4191138],[9.80124432,50.4211702],[9.80749351,50.42322626],[9.81374324,50.42528198],[9.81999351,50.42733737],[9.82624432,50.42939242],[9.83249567,50.43144714],[9.83874757,50.43350151],[9.845,50.43555556],[9.85550265,50.43422649],[9.86600471,50.43289647],[9.87650619,50.43156551],[9.88700708,50.4302336],[9.89750737,50.42890074],[9.90800708,50.42756693],[9.91850619,50.42623217],[9.92900472,50.42489647],[9.93950266,50.42355982],[9.95,50.42222222],[9.95076396,50.42083334],[9.95152787,50.41944446],[9.95229173,50.41805556],[9.95305556,50.41666667],[9.94562703,50.40822441],[9.93820115,50.39978166],[9.9307779,50.39133843],[9.92335729,50.38289471],[9.91593931,50.37445051],[9.90852397,50.36600582],[9.90111125,50.35756065],[9.89370117,50.34911499],[9.88629372,50.34066885],[9.87888889,50.33222222],[9.86908333,50.33222222],[9.85927778,50.33222222],[9.84947222,50.33222222],[9.83966667,50.33222222],[9.82986111,50.33222222],[9.82005556,50.33222222],[9.81025,50.33222222],[9.80044444,50.33222222],[9.79063889,50.33222222],[9.78083333,50.33222222],[9.78099974,50.34050005],[9.7811662,50.34877787],[9.78133272,50.35705568],[9.7814993,50.36533348],[9.78166594,50.37361126],[9.78183264,50.38188903],[9.78199939,50.39016679],[9.7821662,50.39844454],[9.78233307,50.40672228],[9.7825,50.415],[9.78874757,50.41705707]]],"type":"Polygon"},"properties":{"upper_limit_alt_ref":"MSL","upper_limit_altitude":18000.0,"lower_limit_altitude":0.0,"lower_limit_alt_ref":"AGL","legal_ref":"§ 17, Abs. 1 LuftVO","generated_name_EN":"Wildflecken","lower_limit_unit":"m","type_code_detail":"RESTRICTED","external_reference":"452","name":["Wildflecken"],"upper_limit_unit":"ft","generated_name_DE":"Wildflecken","type_code":"FLUGBESCHRAENKUNGSGEBIET"}},{"type":"Feature","geometry":{"coordinates":[[[9.17385389,49.05357048],[9.17520172,49.05348134],[9.17653748,49.05333321],[9.17785519,49.05312676],[9.17914897,49.05286291],[9.18041302,49.05254283],[9.18164171,49.05216797],[9.18282954,49.05173999],[9.18397121,49.0512608],[9.18506161,49.05073256],[9.18609587,49.05015761],[9.18706937,49.04953854],[9.18797776,49.0488781],[9.188817,49.04817924],[9.18958332,49.0474451],[9.19027331,49.04667895],[9.19088389,49.04588421],[9.19141233,49.04506443],[9.19185629,49.04422328],[9.19221377,49.04336451],[9.19248319,49.04249197],[9.19266335,49.04160954],[9.19275345,49.04072117],[9.19275309,49.03983083],[9.19266227,49.03894249],[9.19248142,49.03806013],[9.19221133,49.03718767],[9.19185322,49.03632903],[9.1914087,49.03548802],[9.19087975,49.03466842],[9.19026875,49.03387387],[9.18957841,49.03310792],[9.18881183,49.03237399],[9.18797243,49.03167537],[9.18706396,49.03101516],[9.18609048,49.03039632],[9.18505634,49.02982161],[9.18396616,49.02929359],[9.1828248,49.02881462],[9.18163735,49.02838684],[9.18040913,49.02801215],[9.17914561,49.02769224],[9.17785243,49.02742852],[9.17653537,49.02722217],[9.17520029,49.02707412],[9.17385316,49.02698502],[9.1725,49.02695528],[9.17114684,49.02698502],[9.16979971,49.02707412],[9.16846463,49.02722217],[9.16714757,49.02742852],[9.16585439,49.02769224],[9.16459087,49.02801215],[9.16336265,49.02838684],[9.1621752,49.02881462],[9.16103384,49.02929359],[9.15994366,49.02982161],[9.15890952,49.03039632],[9.15793604,49.03101516],[9.15702757,49.03167537],[9.15618817,49.03237399],[9.15542159,49.03310792],[9.15473125,49.03387387],[9.15412025,49.03466842],[9.1535913,49.03548802],[9.15314678,49.03632903],[9.15278867,49.03718767],[9.15251858,49.03806013],[9.15233773,49.03894249],[9.15224691,49.03983083],[9.15224655,49.04072117],[9.15233665,49.04160954],[9.15251681,49.04249197],[9.15278623,49.04336451],[9.15314371,49.04422328],[9.15358767,49.04506443],[9.15411611,49.04588421],[9.15472669,49.04667895],[9.15541668,49.0474451],[9.156183,49.04817924],[9.15702224,49.0488781],[9.15793063,49.04953854],[9.15890413,49.05015761],[9.15993839,49.05073256],[9.16102879,49.0512608],[9.16217046,49.05173999],[9.16335829,49.05216797],[9.16458698,49.05254283],[9.16585103,49.05286291],[9.16714481,49.05312676],[9.16846252,49.05333321],[9.16979828,49.05348134],[9.17114611,49.05357048],[9.1725,49.05360024],[9.17385389,49.05357048]]],"type":"Polygon"},"properties":{"upper_limit_alt_ref":"MSL","upper_limit_altitude":2900.0,"lower_limit_altitude":0.0,"lower_limit_alt_ref":"AGL","legal_ref":"§ 17, Abs. 1 LuftVO","generated_name_EN":"Neckarwestheim","lower_limit_unit":"m","type_code_detail":"RESTRICTED","external_reference":"3973","name":["Neckarwestheim"],"upper_limit_unit":"ft","generated_name_DE":"Neckarwestheim","type_code":"FLUGBESCHRAENKUNGSGEBIET"}},{"type":"Feature","geometry":{"coordinates":[[[9.94625,50.11666667],[9.95916667,50.11666667],[9.97208333,50.11666667],[9.985,50.11666667],[9.99791667,50.11666667],[10.01083333,50.11666667],[10.02375,50.11666667],[10.03666667,50.11666667],[10.04958333,50.11666667],[10.0625,50.11666667],[10.0625,50.10002799],[10.0625,50.08338927],[10.0625,50.0667505],[10.0625,50.05011169],[10.0625,50.03347282],[10.0625,50.01683391],[10.0625,50.00019495],[10.0625,49.98355594],[10.0625,49.96691688],[10.0625,49.95027778],[10.04958333,49.95027778],[10.03666667,49.95027778],[10.02375,49.95027778],[10.01083333,49.95027778],[9.99791667,49.95027778],[9.985,49.95027778],[9.97208333,49.95027778],[9.95916667,49.95027778],[9.94625,49.95027778],[9.93333333,49.95027778],[9.93333333,49.95858339],[9.93333333,49.96688898],[9.93333333,49.97519457],[9.93333333,49.98350014],[9.93333333,49.9918057],[9.93333333,50.00011125],[9.93333333,50.00841679],[9.93333333,50.01672232],[9.93333333,50.02502783],[9.93333333,50.03333333],[9.93333333,50.04166672],[9.93333333,50.0500001],[9.93333333,50.05833346],[9.93333333,50.06666681],[9.93333333,50.07500015],[9.93333333,50.08333348],[9.93333333,50.09166679],[9.93333333,50.1000001],[9.93333333,50.10833339],[9.93333333,50.11666667],[9.94625,50.11666667]]],"type":"Polygon"},"properties":{"upper_limit_alt_ref":"PA","upper_limit_altitude":100.0,"lower_limit_altitude":0.0,"lower_limit_alt_ref":"AGL","legal_ref":"§ 17, Abs. 1 LuftVO","generated_name_EN":"Hammelburg C","lower_limit_unit":"m","type_code_detail":"RESTRICTED","external_reference":"14708","name":["Hammelburg C"],"upper_limit_unit":"FL","generated_name_DE":"Hammelburg C","type_code":"FLUGBESCHRAENKUNGSGEBIET"}},{"type":"Feature","geometry":{"coordinates":[[[7.05727716,52.08995241],[7.05871452,52.08986331],[7.06013901,52.08971526],[7.06154425,52.08950891],[7.06292397,52.08924518],[7.06427198,52.08892527],[7.06558228,52.08855059],[7.066849,52.08812282],[7.06806649,52.08764387],[7.0692293,52.08711589],[7.07033224,52.08654124],[7.07137038,52.08592247],[7.07233908,52.08526236],[7.07323402,52.08456386],[7.07405121,52.08383009],[7.07478699,52.08306433],[7.07543809,52.08226999],[7.07600159,52.08145063],[7.07647498,52.08060992],[7.07685616,52.07975159],[7.07714343,52.0788795],[7.07733551,52.07799753],[7.07743155,52.07710963],[7.07743112,52.07621975],[7.07733423,52.07533188],[7.07714132,52.07444998],[7.07685327,52.07357799],[7.07647134,52.0727198],[7.07599727,52.07187925],[7.07543318,52.07106008],[7.07478157,52.07026595],[7.07404538,52.06950042],[7.07322788,52.06876689],[7.07233274,52.06806865],[7.07136395,52.0674088],[7.07032584,52.0667903],[7.06922304,52.0662159],[7.06806049,52.06568817],[7.06684337,52.06520946],[7.06557711,52.06478192],[7.06426736,52.06440744],[7.06291998,52.0640877],[7.06154098,52.06382412],[7.0601365,52.06361789],[7.05871282,52.06346992],[7.0572763,52.06338088],[7.05583333,52.06335115],[7.05439037,52.06338088],[7.05295384,52.06346992],[7.05153016,52.06361789],[7.05012569,52.06382412],[7.04874668,52.0640877],[7.0473993,52.06440744],[7.04608956,52.06478192],[7.0448233,52.06520946],[7.04360618,52.06568817],[7.04244362,52.0662159],[7.04134083,52.0667903],[7.04030272,52.0674088],[7.03933393,52.06806865],[7.03843878,52.06876689],[7.03762129,52.06950042],[7.03688509,52.07026595],[7.03623349,52.07106008],[7.03566939,52.07187925],[7.03519532,52.0727198],[7.0348134,52.07357799],[7.03452534,52.07444998],[7.03433243,52.07533188],[7.03423555,52.07621975],[7.03423512,52.07710963],[7.03433115,52.07799753],[7.03452323,52.0788795],[7.0348105,52.07975159],[7.03519168,52.08060992],[7.03566508,52.08145063],[7.03622858,52.08226999],[7.03687967,52.08306433],[7.03761546,52.08383009],[7.03843264,52.08456386],[7.03932759,52.08526236],[7.04029629,52.08592247],[7.04133443,52.08654124],[7.04243737,52.08711589],[7.04360018,52.08764387],[7.04481766,52.08812282],[7.04608438,52.08855059],[7.04739468,52.08892527],[7.0487427,52.08924518],[7.05012241,52.08950891],[7.05152765,52.08971526],[7.05295214,52.08986331],[7.05438951,52.08995241],[7.05583333,52.08998215],[7.05727716,52.08995241]]],"type":"Polygon"},"properties":{"upper_limit_alt_ref":"MSL","upper_limit_altitude":2300.0,"lower_limit_altitude":0.0,"lower_limit_alt_ref":"AGL","legal_ref":"§ 17, Abs. 1 LuftVO","generated_name_EN":"Ahaus","lower_limit_unit":"m","type_code_detail":"RESTRICTED","external_reference":"15489","name":["Ahaus"],"upper_limit_unit":"ft","generated_name_DE":"Ahaus","type_code":"FLUGBESCHRAENKUNGSGEBIET"}},{"type":"Feature","geometry":{"coordinates":[[[14.12173398,52.23078534],[14.12318769,52.23072989],[14.12463642,52.23063759],[14.1260777,52.23050858],[14.12750905,52.2303431],[14.12892803,52.23014142],[14.13033221,52.22990389],[14.13171919,52.22963091],[14.13308659,52.22932296],[14.13443208,52.22898056],[14.13575336,52.22860429],[14.13704816,52.2281948],[14.13831427,52.22775278],[14.13954953,52.22727901],[14.14075182,52.22677427],[14.1419191,52.22623945],[14.14304935,52.22567545],[14.14414066,52.22508324],[14.14519115,52.22446383],[14.14619904,52.22381828],[14.1471626,52.2231477],[14.14808018,52.22245322],[14.14895022,52.22173605],[14.14977123,52.2209974],[14.15054181,52.22023854],[14.15126065,52.21946076],[14.15192652,52.2186654],[14.15253828,52.21785382],[14.15309489,52.21702739],[14.15359541,52.21618755],[14.15403897,52.21533571],[14.15442483,52.21447334],[14.15475234,52.21360192],[14.15502092,52.21272292],[14.15523013,52.21183785],[14.15537962,52.21094823],[14.15546913,52.21005558],[14.15549851,52.20916141],[14.15546771,52.20826726],[14.1553768,52.20737466],[14.15522593,52.20648513],[14.15501537,52.20560019],[14.15474546,52.20472135],[14.15441669,52.20385011],[14.15402961,52.20298796],[14.1535849,52.20213637],[14.1530833,52.20129681],[14.15252569,52.20047069],[14.15191301,52.19965943],[14.15124633,52.19886442],[14.15052676,52.19808702],[14.14975556,52.19732855],[14.14893404,52.1965903],[14.14806359,52.19587354],[14.14714572,52.19517948],[14.14618199,52.19450933],[14.14517404,52.19386421],[14.14412361,52.19324523],[14.14303248,52.19265345],[14.14190251,52.19208987],[14.14073564,52.19155546],[14.13953386,52.19105113],[14.13829922,52.19057774],[14.13703384,52.1901361],[14.13573986,52.18972696],[14.13441949,52.18935101],[14.133075,52.18900891],[14.13170868,52.18870124],[14.13032285,52.18842851],[14.12891989,52.1881912],[14.12750218,52.18798971],[14.12607214,52.18782439],[14.12463222,52.18769551],[14.12318488,52.18760329],[14.12173257,52.1875479],[14.12027778,52.18752943],[14.11882299,52.1875479],[14.11737068,52.18760329],[14.11592333,52.18769551],[14.11448341,52.18782439],[14.11305338,52.18798971],[14.11163567,52.1881912],[14.1102327,52.18842851],[14.10884688,52.18870124],[14.10748055,52.18900891],[14.10613606,52.18935101],[14.1048157,52.18972696],[14.10352172,52.1901361],[14.10225633,52.19057774],[14.10102169,52.19105113],[14.09981992,52.19155546],[14.09865305,52.19208987],[14.09752308,52.19265345],[14.09643195,52.19324523],[14.09538151,52.19386421],[14.09437357,52.19450933],[14.09340983,52.19517948],[14.09249196,52.19587354],[14.09162152,52.1965903],[14.0908,52.19732855],[14.09002879,52.19808702],[14.08930923,52.19886442],[14.08864254,52.19965943],[14.08802987,52.20047069],[14.08747225,52.20129681],[14.08697066,52.20213637],[14.08652594,52.20298796],[14.08613886,52.20385011],[14.08581009,52.20472135],[14.08554019,52.20560019],[14.08532962,52.20648513],[14.08517875,52.20737466],[14.08508784,52.20826726],[14.08505705,52.20916141],[14.08508643,52.21005558],[14.08517594,52.21094823],[14.08532542,52.21183785],[14.08553464,52.21272292],[14.08580322,52.21360192],[14.08613072,52.21447334],[14.08651658,52.21533571],[14.08696015,52.21618755],[14.08746066,52.21702739],[14.08801728,52.21785382],[14.08862904,52.2186654],[14.08929491,52.21946076],[14.09001374,52.22023854],[14.09078433,52.2209974],[14.09160534,52.22173605],[14.09247538,52.22245322],[14.09339296,52.2231477],[14.09435652,52.22381828],[14.0953644,52.22446383],[14.0964149,52.22508324],[14.0975062,52.22567545],[14.09863646,52.22623945],[14.09980373,52.22677427],[14.10100603,52.22727901],[14.10224128,52.22775278],[14.1035074,52.2281948],[14.1048022,52.22860429],[14.10612347,52.22898056],[14.10746896,52.22932296],[14.10883637,52.22963091],[14.11022335,52.22990389],[14.11162753,52.23014142],[14.11304651,52.2303431],[14.11447786,52.23050858],[14.11591913,52.23063759],[14.11736786,52.23072989],[14.11882158,52.23078534],[14.12027778,52.23080383],[14.12173398,52.23078534]]],"type":"Polygon"},"properties":{"upper_limit_alt_ref":"MSL","upper_limit_altitude":5000.0,"lower_limit_altitude":0.0,"lower_limit_alt_ref":"AGL","legal_ref":"§ 17, Abs. 1 LuftVO","generated_name_EN":"Lindenberg","lower_limit_unit":"m","type_code_detail":"RESTRICTED","external_reference":"15530","name":["Lindenberg"],"upper_limit_unit":"ft","generated_name_DE":"Lindenberg","type_code":"FLUGBESCHRAENKUNGSGEBIET"}},{"type":"Feature","geometry":{"coordinates":[[[12.0944346,52.2164033],[12.1138714,52.21891452],[12.13331038,52.22142253],[12.15275156,52.22392734],[12.17219492,52.22642894],[12.19164047,52.22892734],[12.21108819,52.23142254],[12.2305381,52.23391453],[12.24999019,52.23640331],[12.26944444,52.23888889],[12.27250206,52.23555592],[12.27555922,52.23222287],[12.27861592,52.22888974],[12.28167216,52.22555653],[12.28472794,52.22222323],[12.28778327,52.21888986],[12.29083814,52.21555641],[12.29389255,52.21222287],[12.2969465,52.20888925],[12.3,52.20555556],[12.29194738,52.20736359],[12.28389412,52.20917107],[12.27584019,52.210978],[12.26778562,52.21278438],[12.25973039,52.21459021],[12.2516745,52.21639549],[12.24361797,52.21820022],[12.23556078,52.2200044],[12.22750294,52.22180803],[12.21944444,52.22361111],[12.21291172,52.21986275],[12.20638009,52.21611402],[12.19984957,52.21236493],[12.19332014,52.20861547],[12.18679182,52.20486565],[12.18026459,52.20111547],[12.17373846,52.19736493],[12.16721343,52.19361402],[12.1606895,52.18986275],[12.15416667,52.18611111],[12.15263696,52.17986123],[12.15110769,52.17361132],[12.14957884,52.16736139],[12.14805042,52.16111143],[12.14652243,52.15486144],[12.14499487,52.14861143],[12.14346773,52.14236139],[12.14194102,52.13611132],[12.14041474,52.12986123],[12.13888889,52.12361111],[12.12806314,52.12708782],[12.1172357,52.13056353],[12.10640658,52.13403825],[12.09557577,52.13751196],[12.08474328,52.14098469],[12.07390911,52.14445641],[12.06307325,52.14792714],[12.0522357,52.15139687],[12.04139647,52.1548656],[12.03055556,52.15833333],[12.03499502,52.16388967],[12.03943559,52.16944582],[12.04387726,52.17500181],[12.04832004,52.18055763],[12.05276393,52.18611327],[12.05720893,52.19166874],[12.06165503,52.19722404],[12.06610225,52.20277916],[12.07055057,52.20833411],[12.075,52.21388889],[12.0944346,52.2164033]]],"type":"Polygon"},"properties":{"upper_limit_alt_ref":"MSL","upper_limit_altitude":18000.0,"lower_limit_altitude":0.0,"lower_limit_alt_ref":"AGL","legal_ref":"§ 17, Abs. 1 LuftVO","generated_name_EN":"Altengrabow B","lower_limit_unit":"m","type_code_detail":"RESTRICTED","external_reference":"2565","name":["Altengrabow B"],"upper_limit_unit":"ft","generated_name_DE":"Altengrabow B","type_code":"FLUGBESCHRAENKUNGSGEBIET"}},{"type":"Feature","geometry":{"coordinates":[[[9.34650425,53.86550397],[9.34800177,53.8654149],[9.34948588,53.86526689],[9.35094993,53.86506059],[9.35238738,53.86479695],[9.35379181,53.86447712],[9.35515694,53.86410255],[9.35647667,53.8636749],[9.35774509,53.86319609],[9.35895655,53.86266826],[9.36010563,53.86209377],[9.3611872,53.86147518],[9.36219642,53.86081526],[9.3631288,53.86011696],[9.36398016,53.8593834],[9.3647467,53.85861786],[9.36542501,53.85782376],[9.36601207,53.85700464],[9.36650524,53.85616417],[9.36690234,53.8553061],[9.3672016,53.85443426],[9.36740169,53.85355255],[9.36750171,53.85266492],[9.36750123,53.85177531],[9.36740027,53.85088771],[9.36719926,53.85000607],[9.36689912,53.84913435],[9.3665012,53.84827642],[9.36600728,53.84743612],[9.36541956,53.84661721],[9.36474068,53.84582333],[9.36397368,53.84505803],[9.36312197,53.84432474],[9.36218938,53.84362671],[9.36118006,53.84296707],[9.36009853,53.84234876],[9.3589496,53.84177454],[9.35773843,53.84124698],[9.3564704,53.84076843],[9.35515119,53.84034102],[9.35378668,53.83996666],[9.35238295,53.83964702],[9.35094629,53.83938353],[9.34948309,53.83917736],[9.34799989,53.83902944],[9.3465033,53.83894042],[9.345,53.83891071],[9.3434967,53.83894042],[9.34200011,53.83902944],[9.34051691,53.83917736],[9.33905371,53.83938353],[9.33761705,53.83964702],[9.33621332,53.83996666],[9.33484881,53.84034102],[9.3335296,53.84076843],[9.33226157,53.84124698],[9.3310504,53.84177454],[9.32990147,53.84234876],[9.32881994,53.84296707],[9.32781062,53.84362671],[9.32687803,53.84432474],[9.32602632,53.84505803],[9.32525932,53.84582333],[9.32458044,53.84661721],[9.32399272,53.84743612],[9.3234988,53.84827642],[9.32310088,53.84913435],[9.32280074,53.85000607],[9.32259973,53.85088771],[9.32249877,53.85177531],[9.32249829,53.85266492],[9.32259831,53.85355255],[9.3227984,53.85443426],[9.32309766,53.8553061],[9.32349476,53.85616417],[9.32398793,53.85700464],[9.32457499,53.85782376],[9.3252533,53.85861786],[9.32601984,53.8593834],[9.3268712,53.86011696],[9.32780358,53.86081526],[9.3288128,53.86147518],[9.32989437,53.86209377],[9.33104345,53.86266826],[9.33225491,53.86319609],[9.33352333,53.8636749],[9.33484306,53.86410255],[9.33620819,53.86447712],[9.33761262,53.86479695],[9.33905007,53.86506059],[9.34051412,53.86526689],[9.34199823,53.8654149],[9.34349575,53.86550397],[9.345,53.86553371],[9.34650425,53.86550397]]],"type":"Polygon"},"properties":{"upper_limit_alt_ref":"MSL","upper_limit_altitude":2000.0,"lower_limit_altitude":0.0,"lower_limit_alt_ref":"AGL","legal_ref":"§ 17, Abs. 1 LuftVO","generated_name_EN":"Brokdorf","lower_limit_unit":"m","type_code_detail":"RESTRICTED","external_reference":"3966","name":["Brokdorf"],"upper_limit_unit":"ft","generated_name_DE":"Brokdorf","type_code":"FLUGBESCHRAENKUNGSGEBIET"}},{"type":"Feature","geometry":{"coordinates":[[[11.71134273,49.34162047],[11.71351873,49.34101868],[11.71569468,49.34041685],[11.71787058,49.33981498],[11.72004643,49.33921307],[11.72222222,49.33861111],[11.72463966,49.33686134],[11.72705693,49.33511152],[11.72947402,49.33336165],[11.73189094,49.33161172],[11.7343077,49.32986175],[11.73672428,49.32811172],[11.73914069,49.32636165],[11.74155693,49.32461152],[11.74397299,49.32286134],[11.74638889,49.32111111],[11.75250328,49.31816813],[11.75861694,49.31522482],[11.76472987,49.31228119],[11.77084207,49.30933723],[11.77695355,49.30639295],[11.7830643,49.30344834],[11.78917431,49.30050341],[11.7952836,49.29755815],[11.80139217,49.29461257],[11.8075,49.29166667],[11.81272267,49.29119551],[11.81794524,49.29072411],[11.82316771,49.29025248],[11.82839009,49.28978061],[11.83361236,49.28930851],[11.83883453,49.28883617],[11.8440566,49.28836359],[11.84927858,49.28789078],[11.85450045,49.28741773],[11.85972222,49.28694444],[11.86561325,49.2849458],[11.87150381,49.28294685],[11.87739389,49.2809476],[11.88328349,49.27894805],[11.88917262,49.2769482],[11.89506127,49.27494805],[11.90094944,49.2729476],[11.90683714,49.27094685],[11.91272437,49.2689458],[11.91861111,49.26694444],[11.92144537,49.2651392],[11.92427943,49.26333389],[11.92711328,49.26152851],[11.92994692,49.25972306],[11.93278036,49.25791754],[11.93561359,49.25611195],[11.93844661,49.25430629],[11.94127943,49.25250056],[11.94411204,49.25069476],[11.94694444,49.24888889],[11.9448608,49.24784735],[11.94277725,49.24680578],[11.94069379,49.24576417],[11.93861041,49.24472252],[11.93652712,49.24368084],[11.93444392,49.24263912],[11.9323608,49.24159735],[11.93027778,49.24055556],[11.93163973,49.23713897],[11.9330015,49.23372237],[11.93436308,49.23030575],[11.93572447,49.22688911],[11.93708568,49.22347245],[11.9384467,49.22005577],[11.93980753,49.21663908],[11.94116817,49.21322237],[11.94252862,49.20980564],[11.94388889,49.20638889],[11.94322197,49.20433335],[11.94255511,49.20227781],[11.94188831,49.20022227],[11.94122156,49.19816672],[11.94055486,49.19611117],[11.93988823,49.19405561],[11.93922164,49.19200005],[11.93855511,49.18994448],[11.93788864,49.18788891],[11.93722222,49.18583333],[11.92994533,49.18650206],[11.92266823,49.18717034],[11.91539094,49.18783815],[11.90811346,49.1885055],[11.90083578,49.1891724],[11.8935579,49.18983884],[11.88627983,49.19050482],[11.87900156,49.19117034],[11.8717231,49.1918354],[11.86444444,49.1925],[11.8630558,49.19392862],[11.86166707,49.19535723],[11.86027826,49.19678582],[11.85888937,49.19821439],[11.8575004,49.19964294],[11.85611135,49.20107148],[11.85472222,49.2025],[11.85544415,49.20475002],[11.85616614,49.20700004],[11.8568882,49.20925006],[11.85761032,49.21150006],[11.85833251,49.21375007],[11.85905477,49.21600006],[11.85977709,49.21825006],[11.86049948,49.22050004],[11.86122193,49.22275002],[11.86194444,49.225],[11.85683406,49.2257788],[11.85172351,49.22655737],[11.8466128,49.22733571],[11.84150193,49.22811383],[11.83639089,49.22889172],[11.8312797,49.22966938],[11.82616835,49.23044682],[11.82105684,49.23122403],[11.81594517,49.23200102],[11.81083333,49.23277778],[11.81022201,49.23086113],[11.80961073,49.22894448],[11.8089995,49.22702782],[11.80838832,49.22511116],[11.80777719,49.22319449],[11.8071661,49.22127782],[11.80655506,49.21936115],[11.80594407,49.21744448],[11.80533312,49.2155278],[11.80472222,49.21361111],[11.79511412,49.21533693],[11.78550535,49.21706196],[11.7758959,49.21878618],[11.76628579,49.2205096],[11.75667502,49.22223222],[11.74706357,49.22395405],[11.73745146,49.22567507],[11.72783868,49.22739529],[11.71822523,49.22911471],[11.70861111,49.23083333],[11.70525307,49.23586157],[11.70189435,49.24088971],[11.69853495,49.24591774],[11.69517486,49.25094567],[11.69181409,49.2559735],[11.68845264,49.26100123],[11.6850905,49.26602885],[11.68172769,49.27105637],[11.67836419,49.27608379],[11.675,49.28111111],[11.67841287,49.28722271],[11.68182657,49.29333419],[11.68524113,49.29944557],[11.68865652,49.30555685],[11.69207277,49.31166801],[11.69548986,49.31777907],[11.69890779,49.32389002],[11.70232657,49.33000086],[11.70574619,49.33611159],[11.70916667,49.34222222],[11.71134273,49.34162047]]],"type":"Polygon"},"properties":{"upper_limit_alt_ref":"MSL","upper_limit_altitude":5000.0,"lower_limit_altitude":0.0,"lower_limit_alt_ref":"AGL","legal_ref":"§ 17, Abs. 1 LuftVO","generated_name_EN":"Hohenfels A","lower_limit_unit":"m","type_code_detail":"RESTRICTED","external_reference":"15160","name":["Hohenfels A"],"upper_limit_unit":"ft","generated_name_DE":"Hohenfels A","type_code":"FLUGBESCHRAENKUNGSGEBIET"}},{"type":"Feature","geometry":{"coordinates":[[[8.41692796,49.7227356],[8.41829422,49.72264647],[8.41964825,49.72249836],[8.42098398,49.72229193],[8.42229544,49.72202811],[8.42357678,49.72170807],[8.42482227,49.72133324],[8.42602635,49.72090531],[8.42718362,49.72042618],[8.42828892,49.71989799],[8.42933732,49.71932311],[8.43032413,49.71870411],[8.43124494,49.71804374],[8.43209564,49.71734496],[8.43287243,49.7166109],[8.43357185,49.71584484],[8.43419077,49.71505019],[8.43472643,49.7142305],[8.43517645,49.71338945],[8.43553881,49.71253078],[8.43581191,49.71165833],[8.43599452,49.71077601],[8.43608584,49.70988774],[8.43608547,49.70899751],[8.4359934,49.70810927],[8.43581006,49.70722701],[8.43553628,49.70635466],[8.43517327,49.70549611],[8.43472267,49.70465521],[8.43418648,49.7038357],[8.43356712,49.70304124],[8.43286734,49.70227539],[8.43209028,49.70154155],[8.4312394,49.70084301],[8.43031852,49.70018289],[8.42933173,49.69956412],[8.42828346,49.69898948],[8.42717838,49.69846152],[8.42602142,49.69798261],[8.42481775,49.69755488],[8.42357275,49.69718024],[8.42229196,49.69686036],[8.42098111,49.69659668],[8.41964605,49.69639035],[8.41829274,49.69624232],[8.41692721,49.69615324],[8.41555556,49.6961235],[8.4141839,49.69615324],[8.41281837,49.69624232],[8.41146506,49.69639035],[8.41013,49.69659668],[8.40881915,49.69686036],[8.40753837,49.69718024],[8.40629336,49.69755488],[8.40508969,49.69798261],[8.40393274,49.69846152],[8.40282765,49.69898948],[8.40177938,49.69956412],[8.4007926,49.70018289],[8.39987171,49.70084301],[8.39902084,49.70154155],[8.39824377,49.70227539],[8.397544,49.70304124],[8.39692463,49.7038357],[8.39638845,49.70465521],[8.39593784,49.70549611],[8.39557483,49.70635466],[8.39530105,49.70722701],[8.39511771,49.70810927],[8.39502565,49.70899751],[8.39502527,49.70988774],[8.39511659,49.71077601],[8.39529921,49.71165833],[8.3955723,49.71253078],[8.39593466,49.71338945],[8.39638468,49.7142305],[8.39692034,49.71505019],[8.39753926,49.71584484],[8.39823868,49.7166109],[8.39901547,49.71734496],[8.39986617,49.71804374],[8.40078698,49.71870411],[8.40177379,49.71932311],[8.40282219,49.71989799],[8.40392749,49.72042618],[8.40508477,49.72090531],[8.40628884,49.72133324],[8.40753433,49.72170807],[8.40881567,49.72202811],[8.41012714,49.72229193],[8.41146287,49.72249836],[8.41281689,49.72264647],[8.41418316,49.7227356],[8.41555556,49.72276536],[8.41692796,49.7227356]]],"type":"Polygon"},"properties":{"upper_limit_alt_ref":"MSL","upper_limit_altitude":2300.0,"lower_limit_altitude":0.0,"lower_limit_alt_ref":"AGL","legal_ref":"§ 17, Abs. 1 LuftVO","generated_name_EN":"Biblis","lower_limit_unit":"m","type_code_detail":"RESTRICTED","external_reference":"3965","name":["Biblis"],"upper_limit_unit":"ft","generated_name_DE":"Biblis","type_code":"FLUGBESCHRAENKUNGSGEBIET"}},{"type":"Feature","geometry":{"coordinates":[[[9.41283141,52.04967472],[9.41426749,52.04958562],[9.4156907,52.04943757],[9.41709467,52.04923122],[9.41847315,52.04896749],[9.41981995,52.04864757],[9.42112907,52.04827289],[9.42239465,52.04784512],[9.42361104,52.04736617],[9.42477281,52.04683819],[9.42587476,52.04626353],[9.42691196,52.04564476],[9.42787979,52.04498465],[9.42877393,52.04428614],[9.42959039,52.04355236],[9.43032551,52.0427866],[9.43097602,52.04199225],[9.43153901,52.04117289],[9.43201198,52.04033217],[9.43239282,52.03947384],[9.43267983,52.03860174],[9.43287174,52.03771976],[9.43296769,52.03683185],[9.43296726,52.03594197],[9.43287046,52.0350541],[9.43267773,52.03417219],[9.43238993,52.03330019],[9.43200835,52.032442],[9.43153471,52.03160144],[9.43097112,52.03078226],[9.4303201,52.02998813],[9.42958457,52.02922259],[9.42876781,52.02848906],[9.42787347,52.02779081],[9.42690555,52.02713096],[9.42586837,52.02651245],[9.42476657,52.02593805],[9.42360506,52.02541032],[9.42238903,52.02493161],[9.42112391,52.02450406],[9.41981534,52.02412958],[9.41846917,52.02380983],[9.4170914,52.02354626],[9.41568819,52.02334002],[9.41426579,52.02319205],[9.41283056,52.02310301],[9.41138889,52.02307328],[9.40994722,52.02310301],[9.40851198,52.02319205],[9.40708959,52.02334002],[9.40568637,52.02354626],[9.40430861,52.02380983],[9.40296244,52.02412958],[9.40165387,52.02450406],[9.40038875,52.02493161],[9.39917272,52.02541032],[9.39801121,52.02593805],[9.39690941,52.02651245],[9.39587223,52.02713096],[9.39490431,52.02779081],[9.39400997,52.02848906],[9.39319321,52.02922259],[9.39245768,52.02998813],[9.39180666,52.03078226],[9.39124307,52.03160144],[9.39076943,52.032442],[9.39038785,52.03330019],[9.39010005,52.03417219],[9.38990732,52.0350541],[9.38981052,52.03594197],[9.38981009,52.03683185],[9.38990604,52.03771976],[9.39009795,52.03860174],[9.39038496,52.03947384],[9.3907658,52.04033217],[9.39123877,52.04117289],[9.39180176,52.04199225],[9.39245227,52.0427866],[9.39318739,52.04355236],[9.39400384,52.04428614],[9.39489798,52.04498465],[9.39586582,52.04564476],[9.39690302,52.04626353],[9.39800497,52.04683819],[9.39916673,52.04736617],[9.40038312,52.04784512],[9.40164871,52.04827289],[9.40295783,52.04864757],[9.40430463,52.04896749],[9.40568311,52.04923122],[9.40708708,52.04943757],[9.40851029,52.04958562],[9.40994637,52.04967472],[9.41138889,52.04970447],[9.41283141,52.04967472]]],"type":"Polygon"},"properties":{"upper_limit_alt_ref":"MSL","upper_limit_altitude":2200.0,"lower_limit_altitude":0.0,"lower_limit_alt_ref":"AGL","legal_ref":"§ 17, Abs. 1 LuftVO","generated_name_EN":"Grohnde","lower_limit_unit":"m","type_code_detail":"RESTRICTED","external_reference":"3970","name":["Grohnde"],"upper_limit_unit":"ft","generated_name_DE":"Grohnde","type_code":"FLUGBESCHRAENKUNGSGEBIET"}},{"type":"Feature","geometry":{"coordinates":[[[13.1450003,50.611111],[13.1483336,50.611111],[13.1516669,50.611111],[13.1550002,50.611111],[13.1583335,50.611111],[13.1616668,50.611111],[13.1650001,50.611111],[13.1683334,50.611111],[13.1716667,50.611111],[13.175,50.611111],[13.17750199,50.60694456],[13.18000353,50.60277805],[13.18250463,50.59861149],[13.1850053,50.59444488],[13.18750552,50.59027821],[13.1900053,50.58611148],[13.19250463,50.58194469],[13.19500353,50.57777785],[13.19750199,50.57361095],[13.2,50.569444],[13.195,50.569444],[13.19,50.569444],[13.185,50.569444],[13.18,50.569444],[13.175,50.569444],[13.17,50.569444],[13.165,50.569444],[13.16,50.569444],[13.155,50.569444],[13.15,50.569444],[13.14916736,50.57361074],[13.14833458,50.57777747],[13.14750164,50.58194419],[13.14666857,50.58611091],[13.14583534,50.59027761],[13.14500197,50.59444431],[13.14416844,50.59861099],[13.14333478,50.60277767],[13.14250096,50.60694434],[13.141667,50.611111],[13.1450003,50.611111]]],"type":"Polygon"},"properties":{"upper_limit_alt_ref":"MSL","upper_limit_altitude":3600.0,"lower_limit_altitude":0.0,"lower_limit_alt_ref":"AGL","legal_ref":"§ 17, Abs. 1 LuftVO","generated_name_EN":"Marienberg","lower_limit_unit":"m","type_code_detail":"RESTRICTED","external_reference":"619","name":["Marienberg"],"upper_limit_unit":"ft","generated_name_DE":"Marienberg","type_code":"FLUGBESCHRAENKUNGSGEBIET"}}]}